customerID,Churn,ChurnReason,SatisfactionScore
7590-VHVEG,No,Not Churned,5
5575-GNVDE,No,Not Churned,5
3668-QPYBK,Yes,Competitor offered higher download speed,1
7795-CFOCW,No,Not Churned,3
9237-HQITU,Yes,Moved out of coverage area,3
9305-CDSKC,Yes,Network reliability,2
1452-KIOVK,No,Not Churned,5
6713-OKOMC,No,Not Churned,5
7892-POOKP,Yes,Competitor offered higher download speed,2
6388-TABGU,No,Not Churned,5
9763-GRSKD,No,Not Churned,5
7469-LKBCI,No,Not Churned,5
8091-TTVAX,No,Not Churned,3
0280-XJGEX,Yes,Attitude of support person,1
5129-JLPIS,No,Not Churned,5
3655-SNQYZ,No,Not Churned,3
8191-XWSZG,No,Not Churned,4
9959-WOFKT,No,Not Churned,4
4190-MFLUW,Yes,Competitor offered higher download speed,3
4183-MYFRB,No,Not Churned,3
8779-QRDMV,Yes,Network reliability,2
1680-VDCWW,No,Not Churned,4
1066-JKSGK,Yes,Price too high,2
3638-WEABW,No,Not Churned,4
6322-HRPFA,No,Not Churned,5
6865-JZNKO,No,Not Churned,4
6467-CHFZW,Yes,Competitor offered higher download speed,1
8665-UTDHZ,Yes,Price too high,3
5248-YGIJN,No,Not Churned,4
8773-HHUOZ,Yes,Competitor made better offer,2
3841-NFECX,No,Not Churned,5
4929-XIHVW,No,Not Churned,5
6827-IEAUQ,No,Not Churned,5
7310-EGVHZ,No,Not Churned,3
3413-BMNZE,No,Not Churned,3
6234-RAAPL,No,Not Churned,5
6047-YHPVI,Yes,Moved out of coverage area,2
6572-ADKRS,No,Not Churned,5
5380-WJKOV,Yes,Competitor offered higher download speed,1
8168-UQWWF,Yes,Network reliability,2
8865-TNMNX,No,Not Churned,5
9489-DEDVP,No,Not Churned,5
9867-JCZSP,No,Not Churned,4
4671-VJLCL,No,Not Churned,3
4080-IIARD,No,Not Churned,4
3714-NTNFO,No,Not Churned,4
5948-UJZLF,No,Not Churned,3
7760-OYPDY,Yes,Price too high,1
7639-LIAYI,No,Not Churned,4
2954-PIBKO,No,Not Churned,5
8012-SOUDQ,No,Not Churned,5
9420-LOJKX,Yes,Network reliability,1
6575-SUVOI,No,Not Churned,5
7495-OOKFY,Yes,Competitor made better offer,1
4667-QONEA,No,Not Churned,4
1658-BYGOY,Yes,Attitude of support person,1
8769-KKTPH,No,Not Churned,5
5067-XJQFU,No,Not Churned,5
3957-SQXML,No,Not Churned,4
5954-BDFSG,No,Not Churned,5
0434-CSFON,No,Not Churned,5
1215-FIGMP,No,Not Churned,5
0526-SXDJP,No,Not Churned,4
0557-ASKVU,No,Not Churned,4
5698-BQJOH,Yes,Lack of self-service features,1
5122-CYFXA,No,Not Churned,5
8627-ZYGSZ,No,Not Churned,3
3410-YOQBQ,No,Not Churned,3
3170-NMYVV,No,Not Churned,5
7410-OIEDU,No,Not Churned,5
2273-QCKXA,No,Not Churned,4
0731-EBJQB,No,Not Churned,4
1891-QRQSA,No,Not Churned,4
8028-PNXHQ,No,Not Churned,5
5630-AHZIL,No,Not Churned,4
2673-CXQEU,No,Not Churned,5
6416-JNVRK,No,Not Churned,3
5590-ZSKRV,No,Not Churned,5
0191-ZHSKZ,No,Not Churned,5
3887-PBQAO,No,Not Churned,4
5919-TMRGD,Yes,Lack of self-service features,1
8108-UXRQN,No,Not Churned,4
9191-MYQKX,Yes,Price too high,1
9919-YLNNG,No,Not Churned,5
0318-ZOPWS,No,Not Churned,5
4445-ZJNMU,No,Not Churned,4
4808-YNLEU,No,Not Churned,4
1862-QRWPE,No,Not Churned,5
2796-NNUFI,No,Not Churned,5
3016-KSVCP,No,Not Churned,5
4767-HZZHQ,No,Not Churned,5
2424-WVHPL,No,Not Churned,4
7233-PAHHL,No,Not Churned,5
6067-NGCEU,No,Not Churned,5
9848-JQJTX,No,Not Churned,4
8637-XJIVR,Yes,Competitor offered higher download speed,2
9803-FTJCG,No,Not Churned,3
0278-YXOOG,Yes,Lack of self-service features,1
3212-KXOCR,No,Not Churned,5
4598-XLKNJ,Yes,Attitude of support person,2
6380-ARCEH,No,Not Churned,5
3679-XASPY,No,Not Churned,4
7123-WQUHX,No,Not Churned,4
5386-THSLQ,No,Not Churned,5
3192-NQECA,Yes,Moved out of coverage area,2
6180-YBIQI,No,Not Churned,5
6728-DKUCO,No,Not Churned,4
9750-BOOHV,No,Not Churned,4
8597-CWYHH,No,Not Churned,5
2848-YXSMW,No,Not Churned,5
0486-HECZI,Yes,Moved out of coverage area,3
4549-ZDQYY,No,Not Churned,5
5712-AHQNN,No,Not Churned,5
4846-WHAFZ,Yes,Competitor offered higher download speed,1
5256-SKJGO,No,Not Churned,3
3071-VBYPO,No,Not Churned,4
9560-BBZXK,No,Not Churned,4
5299-RULOA,Yes,Network reliability,1
8402-OOOHJ,No,Not Churned,5
9445-ZUEQE,No,Not Churned,4
1091-SOZGA,No,Not Churned,4
2928-HLDBA,No,Not Churned,5
0404-SWRVG,Yes,Lack of self-service features,3
6497-TILVL,No,Not Churned,4
7219-TLZHO,No,Not Churned,4
4622-YNKIJ,No,Not Churned,4
4412-YLTKF,Yes,Moved out of coverage area,2
6734-PSBAW,No,Not Churned,5
3930-ZGWVE,No,Not Churned,4
2639-UGMAZ,No,Not Churned,5
2876-GZYZC,No,Not Churned,5
6207-WIOLX,Yes,Competitor made better offer,1
8587-XYZSF,No,Not Churned,5
3091-FYHKI,Yes,Moved out of coverage area,1
2372-HWUHI,Yes,Attitude of support person,1
7799-LGRDP,No,Not Churned,5
7850-VWJUU,No,Not Churned,5
3774-VBNXY,No,Not Churned,5
6217-KDYWC,No,Not Churned,5
0390-DCFDQ,Yes,Attitude of support person,1
3146-MSEGF,No,Not Churned,5
4080-OGPJL,Yes,Competitor made better offer,1
1095-WGNGG,No,Not Churned,5
2636-SJDOU,No,Not Churned,5
1131-QQZEB,No,Not Churned,4
5716-EZXZN,No,Not Churned,4
6837-BJYDQ,No,Not Churned,4
2135-RXIHG,Yes,Lack of self-service features,2
6440-DKQGE,No,Not Churned,5
3466-BYAVD,No,Not Churned,4
3780-YVMFA,No,Not Churned,4
3874-EQOEP,Yes,Competitor made better offer,2
1679-JRFBR,No,Not Churned,4
9073-ZZIAY,No,Not Churned,5
3077-RSNTJ,No,Not Churned,3
6551-GNYDG,No,Not Churned,4
9167-APMXZ,No,Not Churned,4
2749-CTKAJ,No,Not Churned,4
6371-NZYEG,No,Not Churned,4
7554-NEWDD,No,Not Churned,3
8992-VONJD,No,Not Churned,4
0867-MKZVY,Yes,Network reliability,1
4482-EWFMI,No,Not Churned,5
4648-YPBTM,No,Not Churned,4
2907-ILJBN,No,Not Churned,4
6345-FZOQH,No,Not Churned,5
3376-BMGFE,Yes,Competitor made better offer,2
5997-OPVFA,No,Not Churned,4
3445-HXXGF,Yes,Moved out of coverage area,2
1159-WFSGR,No,Not Churned,4
7654-YWJUF,No,Not Churned,4
1875-QIVME,Yes,Attitude of support person,1
6727-IOTLZ,No,Not Churned,5
0691-JVSYA,Yes,Attitude of support person,1
5918-VUKWP,No,Not Churned,4
1744-JHKYS,No,Not Churned,4
2656-FMOKZ,Yes,Moved out of coverage area,2
2070-FNEXE,Yes,Network reliability,1
5947-SGKCL,No,Not Churned,3
3712-PKXZA,No,Not Churned,5
6317-YPKDH,Yes,Price too high,1
6582-OIVSP,No,Not Churned,4
9367-WXLCH,Yes,Lack of self-service features,2
5524-KHNJP,No,Not Churned,5
1918-ZBFQJ,Yes,Price too high,1
1024-GUALD,Yes,Price too high,2
4827-USJHP,No,Not Churned,4
8167-GJLRN,No,Not Churned,5
0956-SYCWG,No,Not Churned,4
8017-UVSZU,No,Not Churned,4
7100-FQPRV,No,Not Churned,5
2472-OVKUP,Yes,Attitude of support person,1
2984-RGEYA,No,Not Churned,4
9680-NIAUV,No,Not Churned,4
2146-EGVDT,No,Not Churned,3
2604-IJPDU,No,Not Churned,5
9178-JHUVJ,No,Not Churned,3
6168-YBYNP,No,Not Churned,3
7255-SSFBC,No,Not Churned,4
3645-DEYGF,No,Not Churned,4
9323-HGFWY,No,Not Churned,5
8544-GOQSH,No,Not Churned,3
3363-DTIVD,No,Not Churned,3
7018-WBJNK,No,Not Churned,3
9142-KZXOP,No,Not Churned,3
7674-YTAFD,No,Not Churned,3
6348-SNFUS,No,Not Churned,5
1285-OKIPP,Yes,Competitor made better offer,1
7825-ECJRF,Yes,Attitude of support person,1
1347-KTTTA,No,Not Churned,4
7841-TZDMQ,Yes,Lack of self-service features,2
4195-NZGTA,No,Not Churned,5
7157-SMCFK,No,Not Churned,4
4709-LKHYG,No,Not Churned,4
2504-DSHIH,No,Not Churned,4
0699-NDKJM,No,Not Churned,5
9286-BHDQG,No,Not Churned,4
0230-WEQUW,No,Not Churned,4
2040-LDIWQ,No,Not Churned,5
6496-JDSSB,No,Not Churned,4
9408-SSNVZ,Yes,Price too high,2
4443-EMBNA,No,Not Churned,5
6469-MRVET,No,Not Churned,3
0742-MOABM,Yes,Competitor offered higher download speed,1
5961-VUSRV,No,Not Churned,4
6778-JFCMK,No,Not Churned,4
6341-JVQGF,No,Not Churned,4
2232-DMLXU,Yes,Competitor offered higher download speed,2
4811-JBUVU,No,Not Churned,5
0945-TSONX,No,Not Churned,5
2651-ZCBXV,No,Not Churned,4
3316-UWXUY,No,Not Churned,5
8937-RDTHP,Yes,Lack of self-service features,2
7083-MIOPC,No,Not Churned,5
1984-GPTEH,No,Not Churned,4
1251-KRREG,Yes,Attitude of support person,2
0621-JFHOL,No,Not Churned,4
9903-LYSAB,No,Not Churned,5
0094-OIFMO,Yes,Network reliability,1
9227-UAQFT,No,Not Churned,3
7301-ABVAD,No,Not Churned,5
6614-FHDBO,No,Not Churned,5
7576-ASEJU,No,Not Churned,4
9058-HRZSV,No,Not Churned,4
4522-AKYLR,No,Not Churned,3
0221-WMXNQ,No,Not Churned,4
0303-UNCIP,No,Not Churned,4
9947-OTFQU,Yes,Lack of self-service features,1
0322-YINQP,Yes,Price too high,2
0959-WHOKV,No,Not Churned,3
4075-JFPGR,No,Not Churned,5
4629-NRXKX,Yes,Price too high,1
9514-JDSKI,Yes,Lack of self-service features,1
3282-ZISZV,No,Not Churned,4
3675-YDUPJ,No,Not Churned,5
4111-BNXIF,No,Not Churned,5
7017-VFHAY,No,Not Churned,5
6655-LHBYW,No,Not Churned,5
4959-JOSRX,Yes,Attitude of support person,1
5046-NUHWD,No,Not Churned,4
7273-TEFQD,Yes,Competitor offered higher download speed,3
3606-TWKGI,Yes,Network reliability,3
7529-ZDFXI,No,Not Churned,5
7605-BDWDC,No,Not Churned,3
1950-KSVVJ,No,Not Churned,3
0123-CRBRT,No,Not Churned,5
6292-TOSSS,No,Not Churned,4
3197-ARFOY,No,Not Churned,4
6323-AYBRX,Yes,Lack of self-service features,2
7014-ZZXAW,No,Not Churned,3
4385-GZQXV,Yes,Moved out of coverage area,1
7633-MVPUY,No,Not Churned,4
6366-ZGQGL,Yes,Competitor offered higher download speed,1
4716-HHKQH,No,Not Churned,5
5940-AHUHD,Yes,Competitor made better offer,1
6432-TWQLB,Yes,Competitor offered higher download speed,1
4484-GLZOU,Yes,Lack of self-service features,1
3179-GBRWV,No,Not Churned,5
8645-KWHJO,No,Not Churned,4
4130-MZLCC,No,Not Churned,4
0314-TKOSI,No,Not Churned,5
8229-MYEJZ,No,Not Churned,4
2080-SRCDE,No,Not Churned,5
9577-WJVCQ,No,Not Churned,5
9512-UIBFX,Yes,Competitor made better offer,2
6202-DYYFX,No,Not Churned,3
3808-HFKDE,No,Not Churned,5
5583-SXDAG,Yes,Competitor made better offer,2
3488-PGMQJ,Yes,Network reliability,2
3580-REOAC,Yes,Attitude of support person,3
7534-BFESC,Yes,Attitude of support person,3
3727-OWVYD,No,Not Churned,4
2294-SALNE,No,Not Churned,5
4847-TAJYI,No,Not Churned,4
1563-IWQEX,No,Not Churned,4
8203-XJZRC,No,Not Churned,5
6556-DBKZF,No,Not Churned,4
6851-WEFYX,No,Not Churned,4
2985-JUUBZ,No,Not Churned,4
6390-DSAZX,Yes,Lack of self-service features,1
0895-LMRSF,No,Not Churned,5
8098-LLAZX,Yes,Attitude of support person,1
8266-VBFQL,No,Not Churned,5
8181-YHCMF,No,Not Churned,4
2240-HSJQD,No,Not Churned,5
1248-DYXUB,No,Not Churned,5
0265-EDXBD,Yes,Attitude of support person,3
4115-BNPJY,No,Not Churned,5
3167-SNQPL,No,Not Churned,3
4091-TVOCN,No,Not Churned,4
1098-TDVUQ,No,Not Churned,5
7277-OZCGZ,No,Not Churned,4
1557-EMYVT,No,Not Churned,5
2799-ARNLO,No,Not Churned,3
7563-BIUPC,Yes,Price too high,3
5027-YOCXN,No,Not Churned,5
3973-SKMLN,No,Not Churned,5
2321-OMBXY,Yes,Competitor made better offer,1
2840-XANRC,Yes,Price too high,2
6745-JEFZB,No,Not Churned,4
5020-ZSTTY,Yes,Price too high,2
9880-TDQAC,No,Not Churned,5
8705-WZCYL,No,Not Churned,5
7102-JJVTX,No,Not Churned,3
8626-PTQGE,No,Not Churned,4
4983-CLMLV,No,Not Churned,4
5701-YVSVF,No,Not Churned,4
5804-LEPIM,Yes,Network reliability,2
5697-GOMBF,No,Not Churned,5
2739-CACDQ,No,Not Churned,4
9385-EHGDO,No,Not Churned,5
9498-FIMXL,No,Not Churned,5
2379-GYFLQ,No,Not Churned,3
0122-OAHPZ,Yes,Network reliability,1
2868-SNELZ,Yes,Moved out of coverage area,1
4322-RCYMT,Yes,Price too high,2
6680-NENYN,Yes,Attitude of support person,1
2088-IEBAU,No,Not Churned,5
7982-VCELR,No,Not Churned,4
1343-EHPYB,Yes,Price too high,1
6035-BXTTY,No,Not Churned,4
6885-PKOAM,No,Not Churned,4
7520-HQWJU,No,Not Churned,4
9639-BUJXT,No,Not Churned,5
5924-SNGKP,No,Not Churned,5
0021-IKXGC,No,Not Churned,5
2034-GDRCN,Yes,Moved out of coverage area,1
8966-SNIZF,No,Not Churned,5
6243-OZGFH,No,Not Churned,5
4654-DLAMQ,No,Not Churned,4
0513-RBGPE,No,Not Churned,5
5160-UXJED,No,Not Churned,5
4115-NZRKS,No,Not Churned,5
0219-YTZUE,Yes,Network reliability,2
0623-IIHUG,Yes,Moved out of coverage area,1
4572-DVCGN,Yes,Competitor offered higher download speed,1
3351-NGXYI,No,Not Churned,3
8984-EYLLL,No,Not Churned,4
9057-MSWCO,Yes,Competitor made better offer,2
9833-TGFHX,No,Not Churned,5
9294-TDIPC,No,Not Churned,4
5229-DTFYB,No,Not Churned,4
0104-PPXDV,No,Not Churned,5
5176-LMJXE,No,Not Churned,4
3583-KRKMD,No,Not Churned,5
1010-DIAUQ,Yes,Moved out of coverage area,2
9069-LGEUL,No,Not Churned,4
7302-ZHMHP,No,Not Churned,5
9571-EDEBV,No,Not Churned,5
3520-FJGCV,No,Not Churned,5
6563-VRERX,No,Not Churned,4
0259-GBZSH,Yes,Moved out of coverage area,1
6122-EFVKN,No,Not Churned,5
2805-EDJPQ,No,Not Churned,5
6862-CQUMB,No,Not Churned,3
7156-MXBJE,No,Not Churned,5
6158-HDPXZ,No,Not Churned,5
9601-BRXPO,Yes,Attitude of support person,1
2863-IMQDR,No,Not Churned,5
5686-CMAWK,No,Not Churned,4
5651-CRHKQ,No,Not Churned,3
6905-NIQIN,Yes,Attitude of support person,2
8204-YJCLA,No,Not Churned,4
5167-ZFFMM,Yes,Moved out of coverage area,1
6583-SZVGP,No,Not Churned,5
4895-TMWIR,Yes,Competitor offered higher download speed,1
0533-BNWKF,Yes,Moved out of coverage area,1
1708-PBBOA,No,Not Churned,5
8782-LKFPK,No,Not Churned,4
5522-JBWMO,No,Not Churned,4
3597-MVHJT,No,Not Churned,4
9774-NRNAU,No,Not Churned,5
0224-RLWWD,No,Not Churned,4
9967-ATRFS,No,Not Churned,5
3951-NJCVI,No,Not Churned,4
2977-CEBSX,No,Not Churned,4
0177-PXBAT,No,Not Churned,3
6599-CEBNN,Yes,Moved out of coverage area,2
2519-ERQOJ,No,Not Churned,5
5876-QMYLD,No,Not Churned,4
2277-AXSDC,No,Not Churned,3
9442-JTWDL,No,Not Churned,4
0979-PHULV,Yes,Attitude of support person,2
3067-SVMTC,No,Not Churned,5
5495-GPSRW,No,Not Churned,4
7606-BPHHN,No,Not Churned,4
4742-DRORA,No,Not Churned,4
0111-KLBQG,No,Not Churned,4
4800-VHZKI,Yes,Competitor made better offer,2
7989-CHGTL,Yes,Competitor offered higher download speed,1
0334-GDDSO,Yes,Price too high,1
4163-NCJAK,No,Not Churned,5
5233-AOZUF,No,Not Churned,5
5973-EJGDP,No,Not Churned,3
1996-DBMUS,No,Not Churned,4
7916-VCCPB,No,Not Churned,4
4686-GEFRM,No,Not Churned,4
5249-QYHEX,No,Not Churned,4
0578-SKVMF,Yes,Competitor made better offer,1
5564-NEMQO,Yes,Moved out of coverage area,2
2233-FAGXV,No,Not Churned,3
5605-IYGFG,No,Not Churned,3
7663-ZTEGJ,No,Not Churned,4
3935-TBRZZ,No,Not Churned,4
8111-BKVDS,No,Not Churned,3
2055-SIFSS,No,Not Churned,4
2806-MLNTI,No,Not Churned,4
8734-DKSTZ,No,Not Churned,5
4360-PNRQB,No,Not Churned,4
6152-ONASV,No,Not Churned,4
9063-ZGTUY,Yes,Lack of self-service features,2
7781-HVGMK,No,Not Churned,5
2181-UAESM,No,Not Churned,4
2957-LOLHO,Yes,Network reliability,3
6048-NJXHX,No,Not Churned,4
2320-SLKMB,No,Not Churned,4
4980-URKXC,No,Not Churned,4
4376-KFVRS,No,Not Churned,4
5886-VLQVU,No,Not Churned,4
3577-AMVUX,No,Not Churned,4
0771-WLCLA,No,Not Churned,4
5628-RKIFK,No,Not Churned,4
0206-TBWLC,No,Not Churned,4
2937-FTHUR,No,Not Churned,4
1910-FMXJM,No,Not Churned,5
7752-XUSCI,Yes,Competitor made better offer,2
4110-PFEUZ,Yes,Network reliability,1
0732-OCQOC,No,Not Churned,4
5168-MSWXT,No,Not Churned,5
1090-ESELR,No,Not Churned,4
8592-PLTMQ,No,Not Churned,3
5760-WRAHC,No,Not Churned,4
8847-GEOOQ,No,Not Churned,3
0256-LTHVJ,Yes,Attitude of support person,1
4785-FCIFB,No,Not Churned,4
8313-NDOIA,No,Not Churned,5
5149-CUZUJ,No,Not Churned,4
0942-KOWSM,No,Not Churned,3
4237-CLSMM,No,Not Churned,5
1452-VOQCH,No,Not Churned,5
4719-UMSIY,No,Not Churned,3
6614-VBEGU,No,Not Churned,5
0880-TKATG,Yes,Price too high,2
3811-VBYBZ,Yes,Lack of self-service features,2
1480-BKXGA,No,Not Churned,3
2996-XAUVF,No,Not Churned,3
9076-AXYIK,No,Not Churned,3
5968-XQIVE,No,Not Churned,4
8896-RAZCR,No,Not Churned,5
4640-UHDOS,Yes,Price too high,1
4933-IKULF,No,Not Churned,3
3583-EKAPL,Yes,Moved out of coverage area,1
1304-BCCFO,No,Not Churned,4
4104-PVRPS,No,Not Churned,4
9399-APLBT,Yes,Competitor made better offer,3
2359-KMGLI,Yes,Price too high,2
3780-DDGSE,No,Not Churned,3
4431-EDMIQ,No,Not Churned,4
0306-JAELE,Yes,Competitor offered higher download speed,2
6227-HWPWX,Yes,Attitude of support person,2
0486-LGCCH,No,Not Churned,4
0447-BEMNG,Yes,Competitor offered higher download speed,1
4612-SSVHJ,No,Not Churned,4
5168-MQQCA,No,Not Churned,5
5949-XIKAE,Yes,Moved out of coverage area,2
7971-HLVXI,No,Not Churned,3
9094-AZPHK,No,Not Churned,5
3649-JPUGY,No,Not Churned,4
4472-LVYGI,No,Not Churned,4
8372-JUXUI,Yes,Lack of self-service features,3
3552-CTCYF,No,Not Churned,5
6778-YSNIH,No,Not Churned,5
0388-EOPEX,Yes,Competitor offered higher download speed,2
5756-OZRIO,No,Not Churned,5
6579-JPICP,No,Not Churned,4
8205-OTCHB,Yes,Competitor made better offer,1
4134-BSXLX,No,Not Churned,3
0505-SPOOW,No,Not Churned,5
6235-VDHOM,Yes,Competitor offered higher download speed,1
7783-YKGDV,Yes,Competitor made better offer,2
4374-YMUSQ,No,Not Churned,5
4513-CXYIX,No,Not Churned,5
3957-HHLMR,No,Not Churned,5
7803-XOCCZ,No,Not Churned,4
5736-YEJAX,No,Not Churned,5
5609-CEBID,Yes,Price too high,2
8981-FJGLA,No,Not Churned,4
7218-HKQFK,Yes,Price too high,3
4636-QRJKY,Yes,Network reliability,2
1135-LMECX,No,Not Churned,4
4332-MUOEZ,No,Not Churned,3
8535-SFUTN,No,Not Churned,4
5956-VKDTT,Yes,Moved out of coverage area,1
8677-HDZEE,No,Not Churned,5
2475-MROZF,No,Not Churned,4
9412-GHEEC,Yes,Lack of self-service features,1
3482-ABPKK,No,Not Churned,5
6705-LXORM,No,Not Churned,4
0257-ZESQC,Yes,Price too high,2
7531-GQHME,No,Not Churned,5
5174-ITUMV,No,Not Churned,4
4109-CYRBD,No,Not Churned,5
0913-XWSCN,No,Not Churned,5
6825-UYPFK,Yes,Price too high,3
8397-MVTAZ,Yes,Moved out of coverage area,2
0750-EBAIU,No,Not Churned,4
8606-CIQUL,No,Not Churned,3
3571-DPYUH,No,Not Churned,3
7601-GNDYK,No,Not Churned,5
0356-OBMAC,No,Not Churned,4
8067-NIOYM,No,Not Churned,4
1403-GYAFU,No,Not Churned,5
4234-XTNEA,No,Not Churned,5
1297-VQDRP,No,Not Churned,4
9282-IZGQK,Yes,Moved out of coverage area,1
5348-CAGXB,No,Not Churned,5
0621-HJWXJ,No,Not Churned,4
5844-QVTAT,No,Not Churned,3
8905-IAZPF,No,Not Churned,5
5394-MEITZ,No,Not Churned,3
6859-QNXIQ,No,Not Churned,4
2782-LFZVW,No,Not Churned,3
2866-IKBTM,No,Not Churned,4
1342-JPNKI,Yes,Network reliability,1
2817-NTQDO,Yes,Network reliability,2
7129-AZJDE,No,Not Churned,4
6986-IJDHX,Yes,Network reliability,2
2560-PPCHE,No,Not Churned,5
4676-MQUEA,No,Not Churned,3
8138-EALND,No,Not Churned,4
3580-HYCSP,No,Not Churned,5
1352-HNSAW,No,Not Churned,4
2075-PUEPR,No,Not Churned,4
1982-FEBTD,No,Not Churned,5
5301-GAUUY,Yes,Price too high,1
5791-KAJFD,No,Not Churned,4
2654-VBVPB,No,Not Churned,4
1154-HYWWO,No,Not Churned,3
2501-XWWTZ,No,Not Churned,4
3716-UVSPD,No,Not Churned,4
6815-ABQFQ,No,Not Churned,4
7343-EOBEU,No,Not Churned,4
3701-SFMUH,No,Not Churned,4
6103-LIANB,No,Not Churned,5
7319-VENRZ,No,Not Churned,5
5846-NEQVZ,No,Not Churned,5
6967-QIQRV,No,Not Churned,4
5781-RFZRP,No,Not Churned,5
0939-YAPAF,Yes,Lack of self-service features,2
0308-IVGOK,No,Not Churned,5
7293-LSCDV,No,Not Churned,5
7025-WCBNE,No,Not Churned,5
5756-JYOJT,No,Not Churned,4
4710-FDUIZ,Yes,Price too high,1
6030-REHUX,No,Not Churned,4
9548-LIGTA,No,Not Churned,4
5150-LJNSR,No,Not Churned,5
8270-RKSAP,No,Not Churned,5
6522-YRBXD,No,Not Churned,4
2640-LYMOV,No,Not Churned,4
1218-VKFPE,Yes,Attitude of support person,2
3627-FHKBK,Yes,Network reliability,1
2865-TCHJW,Yes,Attitude of support person,1
1423-BMPBQ,No,Not Churned,4
2393-DIVAI,No,Not Churned,4
5192-EBGOV,Yes,Attitude of support person,3
4568-KNYWR,No,Not Churned,4
8752-IMQOS,No,Not Churned,5
0742-LAFQK,No,Not Churned,4
0795-LAFGP,No,Not Churned,4
0619-OLYUR,No,Not Churned,4
5512-IDZEI,No,Not Churned,3
0459-SPZHJ,No,Not Churned,5
0215-BQKGS,No,Not Churned,4
9244-ZVAPM,No,Not Churned,4
0719-SYFRB,Yes,Competitor made better offer,1
8208-EUMTE,No,Not Churned,4
5172-MIGPM,No,Not Churned,5
1710-RCXUS,No,Not Churned,5
0374-FIUCA,No,Not Churned,4
5839-SUYVZ,No,Not Churned,3
5173-ZXXXL,No,Not Churned,5
1096-ADRUX,No,Not Churned,5
2001-MCUUW,No,Not Churned,3
2731-GJRDG,No,Not Churned,4
4723-BEGSG,No,Not Churned,5
6516-NKQBO,No,Not Churned,5
8672-OAUPW,No,Not Churned,4
8207-DMRVL,No,Not Churned,4
3419-SNJJD,Yes,Moved out of coverage area,1
6543-CPZMK,Yes,Competitor made better offer,1
4765-OXPPD,Yes,Attitude of support person,2
2804-ETQDK,No,Not Churned,4
6689-VRRTK,No,Not Churned,5
7138-GIRSH,No,Not Churned,5
9396-ZSFLL,No,Not Churned,5
6464-KEXXH,No,Not Churned,3
7134-MJPDY,No,Not Churned,4
5240-CAOYT,No,Not Churned,5
4059-IIEBK,No,Not Churned,5
4881-JVQOD,No,Not Churned,4
0516-UXRMT,No,Not Churned,4
4851-BQDNX,No,Not Churned,4
5148-HKFIR,No,Not Churned,3
1009-IRMNA,Yes,Competitor made better offer,1
3003-CMDUU,No,Not Churned,5
5016-IBERQ,No,Not Churned,5
6797-UCJHZ,No,Not Churned,4
2469-DTSGX,No,Not Churned,5
4554-YGZIH,Yes,Attitude of support person,2
5099-BAILX,Yes,Price too high,1
9931-KGHOA,No,Not Churned,4
1775-KWJKQ,No,Not Churned,5
7665-VIGUD,No,Not Churned,4
9411-TPQQV,No,Not Churned,4
7207-RMRDB,Yes,Network reliability,1
7954-MLBUN,No,Not Churned,4
2077-DDHJK,No,Not Churned,4
4913-EHYUI,Yes,Lack of self-service features,1
0195-IESCP,Yes,Price too high,1
9574-BOSMD,No,Not Churned,3
4580-TMHJU,Yes,Competitor made better offer,1
0970-ETWGE,Yes,Competitor made better offer,1
4908-XAXAY,No,Not Churned,5
8404-VLQFB,No,Not Churned,5
1626-ERCMM,Yes,Attitude of support person,2
0887-HJGAR,Yes,Attitude of support person,1
2391-IPLOP,No,Not Churned,5
5644-PDMZC,Yes,Price too high,1
3509-GWQGF,No,Not Churned,4
9576-ANLXO,Yes,Competitor made better offer,1
2024-BASKD,Yes,Lack of self-service features,2
5845-BZZIB,No,Not Churned,4
1140-UKVZG,No,Not Churned,5
4160-AMJTL,Yes,Price too high,1
5183-SNMJQ,No,Not Churned,5
8100-PNJMH,No,Not Churned,4
7838-LAZFO,No,Not Churned,4
4464-JCOLN,Yes,Price too high,1
2085-JVGAD,No,Not Churned,4
5650-VDUDS,Yes,Lack of self-service features,3
8095-WANWK,No,Not Churned,3
3030-ZKIWL,No,Not Churned,4
9565-FLVCG,No,Not Churned,5
8755-OGKNA,No,Not Churned,4
2800-VEQXM,No,Not Churned,5
7538-GWHML,Yes,Price too high,2
5533-RJFTJ,No,Not Churned,5
3859-CVCET,Yes,Network reliability,1
0214-JHPFW,No,Not Churned,4
5642-MHDQT,No,Not Churned,4
3088-FVYWK,No,Not Churned,4
3276-HDUEG,Yes,Competitor offered higher download speed,1
9092-GDZKO,No,Not Churned,4
0823-HSCDJ,Yes,Moved out of coverage area,1
3729-OWRVL,No,Not Churned,3
2324-AALNO,No,Not Churned,5
0822-GAVAP,Yes,Moved out of coverage area,1
5760-IFJOZ,No,Not Churned,5
2826-UWHIS,No,Not Churned,4
1448-PWKYE,Yes,Moved out of coverage area,1
7501-IWUNG,No,Not Churned,5
4957-TREIR,No,Not Churned,4
7251-LJBQN,No,Not Churned,4
8040-MNRTF,No,Not Churned,4
1536-HBSWP,No,Not Churned,4
5313-FPXWG,No,Not Churned,5
0067-DKWBL,Yes,Network reliability,2
0946-FKYTX,No,Not Churned,5
5076-YVXCM,No,Not Churned,5
8262-COGGB,No,Not Churned,4
6663-JOCQO,No,Not Churned,4
9620-QJREV,No,Not Churned,4
2276-YDAVZ,Yes,Competitor made better offer,1
2682-KEVRP,No,Not Churned,5
2480-JZOSN,No,Not Churned,4
0078-XZMHT,No,Not Churned,3
5896-NPFWW,Yes,Lack of self-service features,1
9978-HYCIN,No,Not Churned,5
8338-QIUNR,No,Not Churned,3
1525-LNLOJ,No,Not Churned,4
9450-TRJUU,No,Not Churned,4
1766-GKNMI,No,Not Churned,5
6942-LBFDP,No,Not Churned,4
1456-TWCGB,No,Not Churned,5
7133-VBDCG,Yes,Competitor offered higher download speed,1
7596-ZYWBB,No,Not Churned,5
8329-UTMVM,No,Not Churned,3
3014-WJKSM,No,Not Churned,3
3347-YJZZE,No,Not Churned,4
1029-QFBEN,Yes,Competitor made better offer,1
7929-DMBCV,No,Not Churned,4
9661-JALZV,No,Not Churned,4
5433-KYGHE,No,Not Churned,4
4312-KFRXN,No,Not Churned,4
5575-TPIZQ,No,Not Churned,4
0114-IGABW,No,Not Churned,4
9944-AEXBM,No,Not Churned,4
1853-ARAAQ,No,Not Churned,5
6952-OMNWB,No,Not Churned,3
4697-LUPSU,No,Not Churned,4
8434-VGEQQ,No,Not Churned,5
4952-YSOGZ,Yes,Attitude of support person,2
1589-AGTLK,Yes,Attitude of support person,2
5244-IRFIH,Yes,Lack of self-service features,1
6549-YMFAW,No,Not Churned,4
4950-HKQTE,No,Not Churned,4
6786-OBWQR,No,Not Churned,4
2684-EIWEO,Yes,Lack of self-service features,3
2753-JMMCV,No,Not Churned,5
6439-GTPCA,Yes,Lack of self-service features,2
6621-YOBKI,No,Not Churned,3
1216-JWVUX,No,Not Churned,3
7564-GHCVB,No,Not Churned,3
1173-NOEYG,No,Not Churned,4
7595-EHCDL,No,Not Churned,3
6647-ZEDXT,No,Not Churned,5
2521-NPUZR,No,Not Churned,4
1307-TVUFB,No,Not Churned,5
7503-MIOGA,No,Not Churned,4
4381-MHQDC,No,Not Churned,5
6923-JHPMP,No,Not Churned,5
5138-WVKYJ,Yes,Moved out of coverage area,2
4018-PPNDW,No,Not Churned,5
1635-FJFCC,No,Not Churned,5
2499-AJYUA,No,Not Churned,4
6919-ELBGL,No,Not Churned,4
3966-HRMZA,No,Not Churned,4
6425-JWTDV,No,Not Churned,5
8405-IGQFX,No,Not Churned,5
8224-IVVPA,No,Not Churned,3
9477-LGWQI,No,Not Churned,4
1410-RSCMR,No,Not Churned,3
3115-CZMZD,No,Not Churned,5
0139-IVFJG,No,Not Churned,3
6683-VLCTZ,Yes,Competitor offered higher download speed,1
5730-DBDSI,No,Not Churned,4
0030-FNXPP,No,Not Churned,4
2189-WWOEW,Yes,Lack of self-service features,1
5684-FJVYR,No,Not Churned,4
4013-GUXND,No,Not Churned,4
1894-IGFSG,Yes,Competitor offered higher download speed,1
7379-POKDZ,Yes,Network reliability,1
1266-NZYUI,No,Not Churned,4
7969-FFOWG,No,Not Churned,3
4718-DHSMV,No,Not Churned,4
5175-WLYXL,No,Not Churned,5
7817-OMJNA,No,Not Churned,4
8728-SKJLR,No,Not Churned,4
3137-NYQQI,No,Not Churned,4
7706-DZNKK,No,Not Churned,5
0236-HFWSV,Yes,Lack of self-service features,2
3900-AQPHZ,Yes,Network reliability,2
5842-POCOP,Yes,Price too high,1
2037-XJFUP,Yes,Competitor offered higher download speed,3
8823-RLPWL,No,Not Churned,4
9505-SQFSW,No,Not Churned,3
7314-OXENN,Yes,Lack of self-service features,1
3758-CKOQL,No,Not Churned,5
0322-CHQRU,Yes,Competitor made better offer,1
5676-CFLYY,No,Not Churned,3
7521-AFHAB,No,Not Churned,4
0285-INHLN,No,Not Churned,3
4678-DVQEO,Yes,Price too high,2
5125-CNDSP,No,Not Churned,5
0691-IFBQW,Yes,Competitor made better offer,1
4992-LTJNE,No,Not Churned,4
2202-OUTMO,No,Not Churned,4
0810-BDHAW,No,Not Churned,5
0229-LFJAF,No,Not Churned,5
7131-ZQZNK,No,Not Churned,4
3442-ZHHCC,No,Not Churned,4
5726-CVNYA,No,Not Churned,5
9871-ELEYA,No,Not Churned,4
4257-GAESD,No,Not Churned,4
5173-WXOQV,No,Not Churned,4
2040-OBMLJ,No,Not Churned,5
6286-ZHAOK,No,Not Churned,3
3807-XHCJH,No,Not Churned,4
3009-JWMPU,Yes,Competitor made better offer,2
5671-RQRLP,No,Not Churned,5
1450-GALXR,Yes,Competitor offered higher download speed,2
8859-AXJZP,No,Not Churned,3
3174-AKMAS,No,Not Churned,4
3138-BKYAV,Yes,Competitor made better offer,3
9926-PJHDQ,No,Not Churned,4
7382-DFJTU,No,Not Churned,4
2798-NYLMZ,No,Not Churned,4
4289-DTDKW,Yes,Moved out of coverage area,2
1820-TQVEV,Yes,Lack of self-service features,1
2239-JALAW,Yes,Network reliability,1
4853-RULSV,Yes,Competitor made better offer,1
8098-TDCBU,No,Not Churned,4
3551-GAEGL,No,Not Churned,3
4785-NKHCX,No,Not Churned,5
3196-NVXLZ,No,Not Churned,4
6275-YDUVO,Yes,Competitor offered higher download speed,1
0036-IHMOT,No,Not Churned,4
0115-TFERT,Yes,Attitude of support person,1
4178-EGMON,No,Not Churned,4
4220-TINQT,No,Not Churned,3
5318-YKDPV,No,Not Churned,5
7975-TZMLR,No,Not Churned,5
0295-QVKPB,No,Not Churned,5
4335-BSMJS,No,Not Churned,5
2311-QYMUQ,Yes,Network reliability,1
3643-AHCFP,Yes,Price too high,1
9146-JRIOX,No,Not Churned,4
3104-OWCGK,Yes,Competitor made better offer,1
5337-IIWKZ,No,Not Churned,5
9101-BWFSS,Yes,Attitude of support person,3
9650-VBUOG,No,Not Churned,4
3487-EARAT,No,Not Churned,4
2672-TGEFF,No,Not Churned,5
9231-ZJYAM,Yes,Network reliability,2
4250-WAROZ,No,Not Churned,4
8184-WMOFI,No,Not Churned,4
6982-SSHFK,Yes,Price too high,1
6092-QZVPP,No,Not Churned,5
4625-LAMOB,No,Not Churned,4
0727-BMPLR,Yes,Competitor made better offer,3
0392-BZIUW,No,Not Churned,3
1038-ZAGBI,Yes,Competitor offered higher download speed,1
6549-NNDYT,No,Not Churned,3
3027-ZTDHO,Yes,Lack of self-service features,1
0422-OHQHQ,No,Not Churned,4
6916-HIJSE,No,Not Churned,4
2316-ESMLS,No,Not Churned,5
9778-OGKQZ,No,Not Churned,5
7408-OFWXJ,No,Not Churned,4
6007-TCTST,No,Not Churned,4
2252-NKNSI,No,Not Churned,4
8713-IGZSO,No,Not Churned,4
7905-TVXTA,No,Not Churned,5
7695-PKLCZ,No,Not Churned,3
2382-BCKQJ,Yes,Attitude of support person,3
8374-UULRV,No,Not Churned,4
2207-NHRJK,Yes,Competitor made better offer,1
3224-DFQNQ,No,Not Churned,4
5275-PMFUT,No,Not Churned,4
4795-UXVCJ,No,Not Churned,5
9777-IQHWP,No,Not Churned,4
0947-MUGVO,Yes,Price too high,2
9944-HKVVB,Yes,Competitor made better offer,2
4124-MMETB,Yes,Network reliability,1
3671-SHRSP,Yes,Attitude of support person,2
0979-MOZQI,No,Not Churned,5
2732-ISEZX,No,Not Churned,3
3313-QKNKB,Yes,Price too high,3
0323-XWWTN,No,Not Churned,4
1937-OTUKY,No,Not Churned,3
1573-LGXBA,No,Not Churned,4
1764-VUUMT,No,Not Churned,5
5073-WXOYN,Yes,Competitor made better offer,2
4713-ZBURT,No,Not Churned,4
3050-GBUSH,No,Not Churned,5
0207-MDKNV,Yes,Price too high,2
7876-AEHIG,No,Not Churned,5
7945-HLKEA,No,Not Churned,4
9342-VNIMQ,No,Not Churned,3
9851-KIELU,Yes,Attitude of support person,2
3523-BRGUW,No,Not Churned,5
3908-BLSYF,Yes,Competitor offered higher download speed,3
3199-NPKCN,No,Not Churned,4
5170-PTRKA,No,Not Churned,4
4661-NJEUX,No,Not Churned,4
2123-AGEEN,No,Not Churned,4
1258-YMZNM,No,Not Churned,5
0048-LUMLS,No,Not Churned,3
7549-MYGPK,Yes,Competitor offered higher download speed,1
5898-IGSLP,No,Not Churned,4
3804-RVTGV,Yes,Competitor made better offer,1
6259-WJQLC,No,Not Churned,4
9227-LUNBG,Yes,Price too high,2
7997-EASSD,No,Not Churned,5
0730-KOAVE,No,Not Churned,4
8975-SKGRX,No,Not Churned,4
0678-RLHVP,No,Not Churned,5
4315-MURBD,Yes,Price too high,2
2267-FPIMA,No,Not Churned,5
1051-GEJLJ,No,Not Churned,4
9734-YWGEX,Yes,Lack of self-service features,1
2719-BDAQO,Yes,Price too high,1
5285-MVEHD,No,Not Churned,5
0379-DJQHR,No,Not Churned,4
0781-LKXBR,Yes,Competitor offered higher download speed,2
5543-QDCRY,No,Not Churned,4
0297-RBCSG,No,Not Churned,4
4694-PHWFW,No,Not Churned,3
0835-JKADZ,No,Not Churned,5
1907-UBQFC,Yes,Competitor made better offer,1
7508-SMHXL,No,Not Churned,4
3865-YIOTT,No,Not Churned,5
5993-BQHEA,No,Not Churned,4
6024-RUGGH,No,Not Churned,5
6513-EECDB,Yes,Attitude of support person,2
3956-CJUST,No,Not Churned,5
4079-WWQQQ,No,Not Churned,5
6103-BOCOU,No,Not Churned,5
5149-TGWDZ,No,Not Churned,3
7471-WNSUF,No,Not Churned,3
8942-DBMHZ,No,Not Churned,4
4301-VVZKA,No,Not Churned,5
9199-PWQVC,No,Not Churned,5
4824-GUCBY,No,Not Churned,4
5393-HJZSM,No,Not Churned,5
7074-IEVOJ,Yes,Competitor made better offer,1
9625-QSTYE,Yes,Network reliability,1
0862-PRCBS,No,Not Churned,4
8812-ZRHFP,No,Not Churned,5
5146-CBVOE,No,Not Churned,5
0454-OKRCT,No,Not Churned,4
5787-KXGIY,No,Not Churned,4
4750-ZRXIU,Yes,Competitor offered higher download speed,2
4198-VFOEA,No,Not Churned,4
6630-UJZMY,No,Not Churned,4
5709-LVOEQ,No,Not Churned,5
6400-BWQKW,Yes,Competitor made better offer,1
2692-AQCPF,No,Not Churned,5
0347-UBKUZ,No,Not Churned,3
0835-DUUIQ,No,Not Churned,4
0811-GSDTP,No,Not Churned,5
7567-ECMCM,No,Not Churned,4
6115-ZTBFQ,No,Not Churned,4
6353-BRMMA,No,Not Churned,4
6680-WKXRZ,Yes,Network reliability,1
6231-WFGFH,No,Not Churned,4
9904-EHEVJ,No,Not Churned,5
7028-DVOIQ,Yes,Competitor made better offer,3
6169-PPETC,No,Not Churned,4
4208-UFFGW,Yes,Network reliability,1
8584-KMVXD,No,Not Churned,3
8467-WYNSR,No,Not Churned,4
0851-DFJKB,No,Not Churned,5
5382-SOYZL,No,Not Churned,5
9448-REEVD,Yes,Attitude of support person,1
3261-CQXOL,No,Not Churned,5
8388-FYNPZ,No,Not Churned,3
4002-BQWPQ,No,Not Churned,5
5651-YLPRD,No,Not Churned,4
2826-DXLQO,No,Not Churned,5
4378-BZYFP,No,Not Churned,4
9489-UTFKA,No,Not Churned,4
4849-PYRLQ,No,Not Churned,3
9117-SHLZX,Yes,Attitude of support person,1
9889-TMAHG,Yes,Network reliability,2
4541-RMRLG,Yes,Attitude of support person,1
7764-BDPEE,No,Not Churned,4
3429-IFLEM,No,Not Churned,4
3158-MOERK,Yes,Lack of self-service features,1
7294-TMAOP,Yes,Competitor offered higher download speed,3
5002-GCQFH,No,Not Churned,4
0556-FJEGU,No,Not Churned,4
8919-FYFQZ,Yes,Competitor offered higher download speed,2
0604-THJFP,No,Not Churned,5
2834-JRTUA,Yes,Network reliability,2
5875-YPQFJ,Yes,Competitor offered higher download speed,1
5879-SESNB,No,Not Churned,4
6646-QVXLR,Yes,Competitor offered higher download speed,1
6461-PPAXN,No,Not Churned,3
3318-ISQFQ,No,Not Churned,3
1106-HRLKZ,No,Not Churned,4
2483-XSSMZ,No,Not Churned,4
8603-IJWDN,Yes,Competitor made better offer,1
8165-ZJRNM,No,Not Churned,4
9369-XFEHK,Yes,Competitor offered higher download speed,1
2604-XVDAM,No,Not Churned,5
3717-OFRTN,No,Not Churned,5
9046-JBFWA,No,Not Churned,4
3280-NMUVX,No,Not Churned,3
1206-EHBDD,No,Not Churned,4
8361-LBRDI,No,Not Churned,5
4883-KCPZJ,No,Not Churned,4
9108-EQPNQ,No,Not Churned,4
7277-KAMWT,No,Not Churned,5
3842-IYKUE,Yes,Competitor made better offer,1
6641-XRPSU,Yes,Lack of self-service features,2
1374-DMZUI,Yes,Competitor offered higher download speed,1
2545-LXYVJ,No,Not Churned,4
3234-VKACU,No,Not Churned,5
8357-EQXFO,Yes,Price too high,1
1989-PRJHP,Yes,Network reliability,2
8120-JDCAM,No,Not Churned,4
8917-FAEMR,No,Not Churned,5
7047-YXDMZ,No,Not Churned,4
2858-EIMXH,No,Not Churned,5
9524-EGPJC,Yes,Price too high,1
6993-OHLXR,Yes,Network reliability,1
8818-XYFCQ,Yes,Lack of self-service features,3
6419-ZTTLE,No,Not Churned,4
0929-HYQEW,No,Not Churned,5
6614-YOLAC,No,Not Churned,4
7426-RHZGU,No,Not Churned,4
4065-JJAVA,No,Not Churned,4
4695-VADHF,Yes,Price too high,3
3863-IUBJR,Yes,Moved out of coverage area,3
7649-SIJJF,No,Not Churned,4
9361-YNQWJ,No,Not Churned,4
3748-FVMZZ,No,Not Churned,4
9391-TTOYH,No,Not Churned,5
1452-XRSJV,No,Not Churned,5
3422-WJOYD,No,Not Churned,4
8242-SOQUO,No,Not Churned,5
7460-ITWWP,No,Not Churned,5
7147-AYBAA,No,Not Churned,4
7868-TMWMZ,No,Not Churned,5
4822-RVYBB,Yes,Network reliability,1
6732-FZUGP,No,Not Churned,4
8436-BJUMM,Yes,Network reliability,2
4184-TJFAN,Yes,Moved out of coverage area,2
8329-GWVPJ,No,Not Churned,5
1352-VHKAJ,No,Not Churned,3
4145-UQXUQ,Yes,Competitor made better offer,1
2632-TACXW,No,Not Churned,5
8146-QQKZH,No,Not Churned,5
1767-CJKBA,No,Not Churned,4
6445-TNRXS,No,Not Churned,5
4581-LNWUM,No,Not Churned,4
4869-EPIUS,No,Not Churned,5
9948-YPTDG,Yes,Lack of self-service features,1
1236-WFCDV,Yes,Competitor made better offer,3
1915-OAKWD,No,Not Churned,5
7296-PIXQY,No,Not Churned,4
4883-QICIH,Yes,Moved out of coverage area,1
3354-OADJP,No,Not Churned,5
3524-WQDSG,No,Not Churned,5
0810-DHDBD,No,Not Churned,5
4026-SKKHW,No,Not Churned,4
2829-HYVZP,No,Not Churned,4
8329-IBCTI,Yes,Price too high,3
1271-SJBGZ,Yes,Competitor offered higher download speed,1
3845-JHAMY,No,Not Churned,4
7013-PSXHK,No,Not Churned,4
5669-SRAIP,Yes,Competitor offered higher download speed,1
5981-ITEMU,Yes,Price too high,1
3486-NPGST,No,Not Churned,3
6941-PMGEP,Yes,Moved out of coverage area,3
1624-WOIWJ,Yes,Lack of self-service features,2
2074-GKOWZ,Yes,Moved out of coverage area,2
0376-YMCJC,Yes,Competitor made better offer,1
6100-FJZDG,No,Not Churned,4
4829-ZLJTK,No,Not Churned,5
1730-VFMWO,No,Not Churned,4
7143-BQIBA,No,Not Churned,5
3800-LYTRK,No,Not Churned,5
0634-SZPQA,Yes,Competitor made better offer,1
9646-NMHXE,No,Not Churned,5
7030-NJVDP,No,Not Churned,5
5536-RTPWK,Yes,Network reliability,1
8883-GRDWQ,No,Not Churned,5
6166-ILMNY,Yes,Competitor offered higher download speed,1
3097-NNSPB,Yes,Price too high,2
7771-ZONAT,No,Not Churned,4
0655-RBDUG,Yes,Network reliability,3
2111-DWYHN,No,Not Churned,4
4194-WHFCB,No,Not Churned,5
4121-AGSIN,No,Not Churned,3
4361-BKAXE,Yes,Moved out of coverage area,1
9845-PEEKO,No,Not Churned,4
0455-XFASS,No,Not Churned,4
0301-KOBTQ,No,Not Churned,5
1751-NCDLI,No,Not Churned,4
4367-NUYAO,No,Not Churned,4
9878-TNQGW,Yes,Moved out of coverage area,2
9170-ARBTB,No,Not Churned,4
4441-NIHPT,Yes,Price too high,3
8999-BOHSE,Yes,Competitor made better offer,2
7241-AJHFS,No,Not Churned,4
7029-RPUAV,Yes,Competitor made better offer,1
4546-FOKWR,No,Not Churned,5
9036-CSKBW,No,Not Churned,5
5832-TRLPB,No,Not Churned,4
8590-YFFQO,No,Not Churned,4
8659-IOOPU,No,Not Churned,5
1338-CECEE,No,Not Churned,4
7439-DKZTW,No,Not Churned,4
4646-QZXTF,No,Not Churned,5
4607-CHPCA,Yes,Competitor offered higher download speed,1
9742-XOKTS,No,Not Churned,4
6921-OZMFH,No,Not Churned,4
9578-FOMUK,No,Not Churned,4
4712-UYOOI,No,Not Churned,4
8824-RWFXJ,Yes,Competitor made better offer,1
7722-CVFXN,No,Not Churned,4
8717-VCTXJ,No,Not Churned,4
7363-QTBIW,No,Not Churned,4
4159-NAAIX,No,Not Churned,5
0971-QIFJK,No,Not Churned,5
9397-TZSHA,No,Not Churned,5
3391-JSQEW,No,Not Churned,3
0343-QLUZP,No,Not Churned,3
9763-PDTKK,Yes,Competitor made better offer,1
2176-LVPNX,No,Not Churned,3
7627-JKIAZ,Yes,Network reliability,3
3312-UUMZW,No,Not Churned,4
1271-UODNO,No,Not Churned,4
8461-EFQYM,No,Not Churned,5
6900-RBKER,No,Not Churned,4
6891-JPYFF,No,Not Churned,3
1459-QNFQT,No,Not Churned,4
1047-NNCBF,No,Not Churned,4
3696-XRIEN,No,Not Churned,5
4081-DYXAV,Yes,Competitor made better offer,2
0074-HDKDG,No,Not Churned,3
8791-GFXLZ,No,Not Churned,4
8111-SLLHI,Yes,Lack of self-service features,1
0927-LCSMG,Yes,Moved out of coverage area,1
9330-DHBFL,No,Not Churned,5
0098-BOWSO,No,Not Churned,5
3452-ABWRL,No,Not Churned,5
5859-HZYLF,No,Not Churned,4
8257-RZAHR,Yes,Price too high,1
5293-WXJAK,Yes,Network reliability,1
3156-QLHBO,No,Not Churned,5
2208-NQBCT,No,Not Churned,5
1779-PWPMG,No,Not Churned,3
6621-NRZAK,No,Not Churned,4
0831-JNISG,No,Not Churned,4
0774-IFUVM,No,Not Churned,4
3082-WQRVY,No,Not Churned,4
9553-DLCLU,No,Not Churned,5
1641-BYBTK,No,Not Churned,4
2460-NGXBJ,No,Not Churned,5
2446-ZKVAF,No,Not Churned,4
0841-NULXI,Yes,Competitor made better offer,2
3522-CDKHF,No,Not Churned,4
1430-SFQSA,No,Not Churned,5
0411-EZJZE,No,Not Churned,4
7851-WZEKY,Yes,Attitude of support person,1
8844-TONUD,Yes,Competitor offered higher download speed,1
8807-ARQET,No,Not Churned,4
8992-CEUEN,No,Not Churned,4
4320-QMLLA,No,Not Churned,4
8777-PVYGU,No,Not Churned,5
8292-ITGYJ,No,Not Churned,4
6870-ZWMNX,No,Not Churned,3
0621-CXBKL,No,Not Churned,5
5268-DSMNQ,No,Not Churned,5
5334-JLAXU,No,Not Churned,4
4086-YQSNZ,Yes,Attitude of support person,1
6242-MBHPK,No,Not Churned,4
5868-CZJDR,Yes,Network reliability,2
9359-UGBTK,No,Not Churned,4
0135-NMXAP,Yes,Attitude of support person,1
4782-OSFXZ,No,Not Churned,4
6479-OAUSD,No,Not Churned,5
7129-ACFOG,No,Not Churned,5
4189-NAKJS,No,Not Churned,4
5562-BETPV,No,Not Churned,4
1282-IHQAC,No,Not Churned,5
9127-FHJBZ,No,Not Churned,5
6270-OMFIW,Yes,Network reliability,2
1641-RQDAY,No,Not Churned,5
0107-WESLM,Yes,Competitor offered higher download speed,2
6994-ORCWG,No,Not Churned,4
1346-UFHAX,No,Not Churned,4
3992-YWPKO,Yes,Network reliability,2
2933-XEUJM,No,Not Churned,5
0125-LZQXK,Yes,Competitor offered higher download speed,2
5461-QKNTN,No,Not Churned,4
4835-YSJMR,No,Not Churned,3
8399-YNDCH,Yes,Attitude of support person,3
3164-YAXFY,No,Not Churned,5
0887-WBJVH,No,Not Churned,5
4660-IRIBM,No,Not Churned,5
5673-FSSMF,Yes,Network reliability,1
7670-ZBPOQ,No,Not Churned,4
8089-UZWLX,No,Not Churned,5
0080-OROZO,No,Not Churned,4
3916-NRPAP,No,Not Churned,4
6807-SIWJI,No,Not Churned,4
8221-HVAYI,No,Not Churned,3
1579-KLYDT,Yes,Competitor made better offer,2
5232-NXPAY,No,Not Churned,4
8967-SZQAS,No,Not Churned,3
4468-KAZHE,No,Not Churned,4
0455-ENTCR,No,Not Churned,4
8944-AILEF,No,Not Churned,3
5542-NKVRU,No,Not Churned,4
7126-RBHSD,No,Not Churned,4
5370-IIVVL,No,Not Churned,4
6789-HJBWG,No,Not Churned,5
3927-NLNRY,Yes,Competitor offered higher download speed,1
9087-EYCPR,No,Not Churned,4
6791-YBNAK,No,Not Churned,4
6358-LYNGM,Yes,Price too high,1
6077-BDPXA,No,Not Churned,5
0013-MHZWF,No,Not Churned,4
5494-HECPR,Yes,Price too high,2
8268-YDIXR,No,Not Churned,4
9824-BEMCV,Yes,Lack of self-service features,1
1373-ORVIZ,Yes,Competitor made better offer,1
4291-SHSBH,No,Not Churned,4
6980-IMXXE,No,Not Churned,4
9866-QEVEE,Yes,Price too high,2
9897-KXHCM,Yes,Competitor made better offer,2
0040-HALCW,No,Not Churned,4
0784-GTUUK,No,Not Churned,4
7979-CORPM,Yes,Price too high,2
2294-DMMUS,No,Not Churned,3
0872-JCPIB,No,Not Churned,4
3055-MJDSB,No,Not Churned,4
9091-WTUUY,No,Not Churned,4
1618-CFHME,Yes,Moved out of coverage area,1
3165-HDOEW,Yes,Competitor made better offer,2
6581-NQCBA,Yes,Price too high,1
7115-IRDHS,No,Not Churned,4
8496-DMZUK,No,Not Churned,3
2040-VZIKE,No,Not Churned,5
9068-VPWQQ,No,Not Churned,5
0178-SZBHO,No,Not Churned,5
0384-RVBPI,No,Not Churned,4
1689-MRZQR,Yes,Network reliability,3
1299-AURJA,No,Not Churned,3
4525-VZCZG,No,Not Churned,5
1543-LLLFT,No,Not Churned,3
5835-BEQEU,Yes,Competitor made better offer,2
2788-CJQAQ,No,Not Churned,5
5565-FILXA,Yes,Moved out of coverage area,3
0319-QZTCO,No,Not Churned,5
2120-SMPEX,No,Not Churned,5
0096-FCPUF,No,Not Churned,4
0668-OGMHD,No,Not Churned,4
5552-ZNFSJ,Yes,Competitor made better offer,2
2223-KAGMX,Yes,Lack of self-service features,1
6507-ZJSUR,No,Not Churned,4
9408-HRXRK,No,Not Churned,4
5593-SUAOO,No,Not Churned,4
7321-PKUYW,Yes,Network reliability,2
2833-SLKDQ,Yes,Price too high,1
6766-HFKLA,No,Not Churned,3
7595-EUIVN,Yes,Competitor made better offer,2
7617-EYGLW,No,Not Churned,5
2026-TGDHM,Yes,Lack of self-service features,1
9220-ZNKJI,No,Not Churned,3
4030-VPZBD,Yes,Competitor offered higher download speed,1
2226-ICFDO,No,Not Churned,4
0723-VSOBE,No,Not Churned,5
5529-GIBVH,No,Not Churned,4
4187-CINZD,Yes,Price too high,1
9992-UJOEL,No,Not Churned,5
4741-WWJQZ,No,Not Churned,5
6625-UTXEW,No,Not Churned,4
6818-WOBHJ,Yes,Competitor offered higher download speed,1
6244-BESBM,No,Not Churned,5
1004-NOZNR,No,Not Churned,5
1251-STYSZ,No,Not Churned,4
2612-PHGOX,No,Not Churned,4
2408-TZMJL,Yes,Network reliability,1
8480-PPONV,No,Not Churned,5
8780-IHCRN,No,Not Churned,5
4598-ZADCK,No,Not Churned,3
1257-SXUXQ,No,Not Churned,5
9681-KYGYB,No,Not Churned,5
7182-OVLBJ,No,Not Churned,4
5095-ETBRJ,No,Not Churned,5
7005-CYUIL,No,Not Churned,5
4821-WQOYN,No,Not Churned,3
4730-AWNAU,No,Not Churned,4
3452-FLHYD,No,Not Churned,5
2388-LAESQ,No,Not Churned,5
9531-NSBMR,No,Not Churned,5
6260-ONULR,No,Not Churned,5
4389-UEFCZ,No,Not Churned,5
8711-LOBKY,No,Not Churned,5
9134-CEQMF,Yes,Lack of self-service features,1
8985-OOPOS,No,Not Churned,5
8800-ZKRFW,No,Not Churned,4
2616-FLVQC,No,Not Churned,5
9968-FFVVH,No,Not Churned,5
3108-PCCGG,No,Not Churned,3
7993-PYKOF,Yes,Moved out of coverage area,2
8390-FESFV,No,Not Churned,4
3022-BEXHZ,No,Not Churned,4
5027-XWQHA,Yes,Attitude of support person,1
6248-TKCQV,No,Not Churned,4
6729-GDNGC,No,Not Churned,4
6198-ZFIOJ,No,Not Churned,4
5989-OMNJE,No,Not Churned,5
4566-QVRRW,Yes,Moved out of coverage area,1
1291-CUOCY,No,Not Churned,5
9795-SHUHB,No,Not Churned,4
3230-IUALN,No,Not Churned,4
0042-RLHYP,No,Not Churned,4
8519-IMDHU,Yes,Network reliability,3
4945-RVMTE,No,Not Churned,5
0201-OAMXR,Yes,Lack of self-service features,1
1866-NXPSP,No,Not Churned,4
3372-KWFBM,Yes,Moved out of coverage area,1
7831-QGOXH,Yes,Competitor made better offer,2
6393-WRYZE,Yes,Attitude of support person,2
3941-XTSKM,No,Not Churned,4
1661-CZBAU,No,Not Churned,5
6599-RCLCJ,Yes,Lack of self-service features,1
9831-BPFRI,Yes,Competitor offered higher download speed,2
5158-RIVOP,No,Not Churned,5
9788-YTFGE,No,Not Churned,4
9277-JOOMO,No,Not Churned,4
1907-YLNYW,No,Not Churned,4
1725-MIMXW,Yes,Competitor offered higher download speed,3
8947-YRTDV,No,Not Churned,5
3161-ONRWK,No,Not Churned,4
0114-RSRRW,No,Not Churned,3
4565-NLZBV,No,Not Churned,3
0031-PVLZI,Yes,Moved out of coverage area,3
7206-GZCDC,Yes,Moved out of coverage area,1
6682-VCIXC,No,Not Churned,4
4791-QRGMF,Yes,Moved out of coverage area,1
6475-VHUIZ,No,Not Churned,5
3910-MRQOY,No,Not Churned,5
0661-WCQNQ,No,Not Churned,5
7537-RBWEA,No,Not Churned,4
4656-CAURT,No,Not Churned,4
0121-SNYRK,No,Not Churned,4
1768-ZAIFU,Yes,Attitude of support person,1
4671-LXRDQ,Yes,Competitor offered higher download speed,1
3733-LSYCE,No,Not Churned,5
6265-FRMTQ,No,Not Churned,4
1934-SJVJK,Yes,Competitor offered higher download speed,1
3838-OZURD,Yes,Price too high,2
1371-DWPAZ,No,Not Churned,5
9269-CQOOL,Yes,Price too high,2
2017-CCBLH,No,Not Churned,4
7690-KPNCU,No,Not Churned,4
0536-BGFMZ,No,Not Churned,5
2293-IJWPS,No,Not Churned,4
2845-HSJCY,Yes,Price too high,2
5469-NUJUR,No,Not Churned,3
1184-PJVDB,Yes,Moved out of coverage area,1
2625-TRCZQ,No,Not Churned,5
4102-HLENU,No,Not Churned,4
7266-GSSJX,No,Not Churned,3
7722-VJRQD,No,Not Churned,3
7073-QETQY,No,Not Churned,4
9415-DPEWS,Yes,Competitor offered higher download speed,2
5624-RYAMH,No,Not Churned,5
0196-JTUQI,No,Not Churned,5
7130-YXBRO,No,Not Churned,5
9272-LSVYH,No,Not Churned,4
7943-RQCHR,Yes,Competitor made better offer,2
3793-MMFUH,Yes,Attitude of support person,1
3249-ZPQRG,Yes,Network reliability,1
2568-BRGYX,Yes,Moved out of coverage area,3
3084-DOWLE,No,Not Churned,4
1084-MNSMJ,No,Not Churned,5
7721-JXEAW,Yes,Moved out of coverage area,1
7249-WBIYX,Yes,Attitude of support person,1
4238-HFHSN,No,Not Churned,4
6250-CGGUN,No,Not Churned,4
5478-JJVZK,No,Not Churned,4
7596-IIWYC,No,Not Churned,3
6567-HOOPW,Yes,Lack of self-service features,2
9793-WECQC,No,Not Churned,5
4291-HPAXL,No,Not Churned,4
8999-YPYBV,No,Not Churned,3
1839-FBNFR,No,Not Churned,5
3164-AALRN,Yes,Lack of self-service features,1
3071-MVJCD,No,Not Churned,5
1697-BCSHV,No,Not Churned,5
0562-KBDVM,No,Not Churned,4
1131-SUEKT,No,Not Churned,4
3717-OEAUQ,No,Not Churned,4
4538-WNTMJ,No,Not Churned,3
3334-CTHOL,Yes,Competitor offered higher download speed,1
4704-ERYFC,Yes,Competitor offered higher download speed,1
9432-RUVSL,No,Not Churned,4
8060-HIWJJ,No,Not Churned,5
7684-XSZIY,No,Not Churned,5
9089-UOWJG,No,Not Churned,5
8621-MNIHH,Yes,Lack of self-service features,2
8039-ACLPL,No,Not Churned,4
9885-AIBVB,No,Not Churned,3
1934-MKPXS,No,Not Churned,4
2592-YKDIF,No,Not Churned,4
2272-JKMSI,No,Not Churned,4
0471-LVHGK,Yes,Competitor offered higher download speed,1
9518-RWHZL,Yes,Price too high,1
8714-CTZJW,No,Not Churned,4
3569-EDBPQ,No,Not Churned,4
3131-NWVFJ,No,Not Churned,4
7521-YXVZY,No,Not Churned,5
5419-CONWX,Yes,Network reliability,1
6240-EURKS,Yes,Lack of self-service features,1
2373-NTKOD,No,Not Churned,4
1970-KKFWL,No,Not Churned,4
6960-HVYXR,Yes,Competitor made better offer,1
9337-SRRNI,No,Not Churned,5
0895-UADGO,No,Not Churned,3
5678-VFNEQ,No,Not Churned,5
5977-CKHON,No,Not Churned,3
7024-OHCCK,Yes,Moved out of coverage area,1
2692-BUCFV,No,Not Churned,3
7861-UVUFT,Yes,Network reliability,2
1830-GGFNM,No,Not Churned,5
5302-BDJNT,No,Not Churned,4
5223-UZAVK,No,Not Churned,4
4859-ZSRDZ,No,Not Churned,4
5651-WYIPH,No,Not Churned,4
9350-VLHMB,No,Not Churned,4
3498-LZGQZ,No,Not Churned,5
8785-CJSHH,No,Not Churned,4
5357-TZHPP,Yes,Network reliability,1
3870-SPZSI,No,Not Churned,5
0680-DFNNY,Yes,Network reliability,2
7560-QRBXH,No,Not Churned,5
7077-XJMET,No,Not Churned,4
8752-GHJFU,No,Not Churned,5
6896-SRVYQ,No,Not Churned,4
7767-UXAGJ,Yes,Price too high,1
4652-ODEVH,No,Not Churned,4
6510-UPNKS,No,Not Churned,5
6718-BDGHG,No,Not Churned,3
9046-DQMTP,No,Not Churned,4
6439-LAJXL,No,Not Churned,4
1571-SAVHK,Yes,Competitor made better offer,1
9052-VKDUW,No,Not Churned,4
9546-CQJSU,Yes,Competitor offered higher download speed,2
1666-JZPZT,No,Not Churned,4
5777-KJIRB,No,Not Churned,4
0506-LVNGN,Yes,Attitude of support person,1
7677-SJJJK,No,Not Churned,5
2480-EJWYP,No,Not Churned,4
3253-HKOKL,No,Not Churned,3
7055-HNEOJ,No,Not Churned,5
5514-YQENT,No,Not Churned,4
3211-AAPKX,No,Not Churned,4
8445-DNBAE,No,Not Churned,4
2951-QOQTK,Yes,Price too high,1
2958-NHPPS,No,Not Churned,3
6806-YDEUL,No,Not Churned,3
1735-XMJVH,No,Not Churned,4
6890-PFRQX,No,Not Churned,3
0222-CNVPT,No,Not Churned,3
5899-OUVKV,No,Not Churned,4
8681-ICONS,No,Not Churned,4
1621-YNCJH,No,Not Churned,5
3473-XIIIT,Yes,Competitor offered higher download speed,1
6362-QHAFM,No,Not Churned,4
7893-IXHRQ,Yes,Moved out of coverage area,1
3070-BDOQC,No,Not Churned,5
2952-QAYZF,Yes,Competitor offered higher download speed,1
6234-PFPXL,No,Not Churned,4
9824-QCJPK,No,Not Churned,5
4763-PGDPO,Yes,Competitor offered higher download speed,1
4283-IVYCI,No,Not Churned,4
1866-OBPNR,No,Not Churned,3
8205-MQUGY,No,Not Churned,3
8970-ANWXO,No,Not Churned,4
9480-BQJEI,No,Not Churned,5
5394-SVGJV,Yes,Network reliability,1
6979-TNDEU,No,Not Churned,4
9777-WJJPR,No,Not Churned,5
9283-LZQOH,Yes,Network reliability,1
7079-QRCBC,Yes,Network reliability,1
9495-SKLKD,No,Not Churned,5
6048-UWKAL,No,Not Churned,4
5067-DGXLL,No,Not Churned,5
5469-CTCWN,Yes,Competitor made better offer,1
9851-QXEEQ,Yes,Competitor made better offer,2
6281-FKEWS,No,Not Churned,4
8898-KASCD,No,Not Churned,5
9242-TKFSV,No,Not Churned,3
9290-SHCMB,No,Not Churned,4
0743-HNPFG,No,Not Churned,5
2277-BKJKN,No,Not Churned,5
9809-IMGCQ,Yes,Competitor offered higher download speed,2
5208-HFSBT,Yes,Competitor made better offer,1
5035-PGZXH,No,Not Churned,4
8695-WDYEA,No,Not Churned,4
6543-JXSOO,No,Not Churned,4
8016-ZMGMO,No,Not Churned,4
8605-ITULD,No,Not Churned,4
3254-YRILK,Yes,Network reliability,1
6416-YJTTB,No,Not Churned,4
2667-WYLWJ,Yes,Lack of self-service features,1
4472-VESGY,No,Not Churned,5
3195-TQDZX,No,Not Churned,3
3128-YOVTD,No,Not Churned,3
0529-ONKER,Yes,Competitor offered higher download speed,1
1728-CXQBE,No,Not Churned,5
7041-TXQJH,No,Not Churned,4
5014-GSOUQ,No,Not Churned,3
5724-BIDBU,No,Not Churned,5
0481-SUMCB,No,Not Churned,4
1769-GRUIK,No,Not Churned,5
5240-IJOQT,Yes,Competitor offered higher download speed,2
8819-WFGGJ,No,Not Churned,3
7427-AUFPY,No,Not Churned,4
2811-POVEX,No,Not Churned,5
1092-GANHU,Yes,Lack of self-service features,1
7898-PDWQE,No,Not Churned,3
9972-EWRJS,No,Not Churned,5
9314-IJWSQ,No,Not Churned,4
0661-XEYAN,Yes,Moved out of coverage area,2
5799-JRCZO,No,Not Churned,4
1921-KYSAY,No,Not Churned,4
6198-RTPMF,No,Not Churned,5
2924-KHUVI,No,Not Churned,4
1925-GMVBW,No,Not Churned,5
7881-EVUAD,Yes,Competitor made better offer,1
6184-DYUOB,No,Not Churned,5
9207-ZPANB,No,Not Churned,5
5766-XQXMQ,Yes,Price too high,1
9327-QSDED,No,Not Churned,5
1656-DRSMG,No,Not Churned,4
3012-VFFMN,No,Not Churned,4
2984-AFWNC,No,Not Churned,5
0640-YJTPY,No,Not Churned,5
8096-LOIST,No,Not Churned,4
9764-REAFF,No,Not Churned,5
3703-VAVCL,Yes,Competitor made better offer,2
7107-UBYKY,No,Not Churned,4
4881-GQJTW,No,Not Churned,4
8519-QJGJD,Yes,Network reliability,1
7876-DNYAP,No,Not Churned,5
7905-NJMXS,No,Not Churned,5
2882-WDTBA,No,Not Churned,5
2091-GPPIQ,No,Not Churned,5
6326-MTTXK,Yes,Moved out of coverage area,2
5071-FBJFS,No,Not Churned,5
2796-UUZZO,No,Not Churned,4
2429-AYKKO,No,Not Churned,3
9798-OPFEM,No,Not Churned,5
0330-IVZHA,Yes,Attitude of support person,1
3794-NFNCH,No,Not Churned,3
5193-QLVZB,No,Not Churned,4
7114-AEOZE,No,Not Churned,4
2886-KEFUM,Yes,Moved out of coverage area,1
5522-NYKPB,No,Not Churned,4
4237-RLAQD,Yes,Moved out of coverage area,2
9957-YODKZ,No,Not Churned,4
6518-KZXCB,No,Not Churned,5
2245-ADZFJ,No,Not Churned,3
7776-QGYJC,No,Not Churned,4
9313-QOLTZ,No,Not Churned,3
9651-GTSAQ,Yes,Price too high,1
3186-BAXNB,Yes,Moved out of coverage area,2
4672-FOTSD,No,Not Churned,3
0637-YLETY,Yes,Competitor offered higher download speed,2
9818-XQCUV,No,Not Churned,3
7338-ERIVA,No,Not Churned,5
1157-BQCUW,Yes,Network reliability,1
8259-NFJTV,No,Not Churned,4
3223-DWFIO,No,Not Churned,5
2660-EMUBI,Yes,Price too high,2
6968-GMKPR,No,Not Churned,4
4751-ERMAN,No,Not Churned,5
1436-ZMJAN,No,Not Churned,3
3292-PBZEJ,No,Not Churned,4
0799-DDIHE,No,Not Churned,5
3070-FNFZQ,No,Not Churned,5
2812-SFXMJ,No,Not Churned,4
7675-OZCZG,Yes,Competitor made better offer,1
5014-WUQMG,No,Not Churned,5
5312-TSZVC,No,Not Churned,4
2003-CKLOR,Yes,Competitor made better offer,2
0993-OSGPT,No,Not Churned,3
9254-RBFON,Yes,Price too high,1
1205-WNWPJ,Yes,Attitude of support person,1
9391-EOYLI,Yes,Competitor offered higher download speed,2
7108-DGVUU,No,Not Churned,3
2782-JEEBU,No,Not Churned,5
5127-BZENZ,No,Not Churned,4
2720-FVBQP,No,Not Churned,4
9906-NHHVC,No,Not Churned,4
4522-XRWWI,No,Not Churned,5
3766-EJLFL,No,Not Churned,5
5939-SXWHM,No,Not Churned,3
8152-UOBNY,No,Not Churned,3
7351-KYHQH,No,Not Churned,4
7643-RCHXS,No,Not Churned,5
8246-SHFGA,No,Not Churned,4
8387-MOJJT,Yes,Moved out of coverage area,2
0620-XEFWH,No,Not Churned,4
6485-QXWWE,No,Not Churned,5
2761-OCIAX,Yes,Price too high,1
7321-VGNKU,No,Not Churned,4
5327-CNLUQ,No,Not Churned,4
7552-KEYGT,No,Not Churned,4
5816-JMLGY,No,Not Churned,5
3068-OMWZA,Yes,Lack of self-service features,1
2927-QRRQV,No,Not Churned,5
6032-KRXXO,Yes,Moved out of coverage area,2
7459-RRWQZ,Yes,Lack of self-service features,3
6265-SXWBU,No,Not Churned,5
7941-RCJOW,No,Not Churned,5
6374-NTQLP,No,Not Churned,4
4154-AQUGT,Yes,Moved out of coverage area,3
2387-KDZQY,No,Not Churned,5
3584-WKTTW,No,Not Churned,4
3399-BMLVW,No,Not Churned,5
1971-DTCZB,No,Not Churned,3
3092-IGHWF,Yes,Price too high,2
3374-PZLXD,No,Not Churned,4
3813-DHBBB,No,Not Churned,4
2812-REYAT,No,Not Churned,4
6518-PPLMZ,No,Not Churned,4
4939-KYYPY,No,Not Churned,5
8017-LXHFA,Yes,Price too high,1
5930-GBIWP,No,Not Churned,4
6022-KOUQO,No,Not Churned,4
6352-TWCAU,Yes,Competitor made better offer,1
2361-UPSND,No,Not Churned,3
6035-RIIOM,No,Not Churned,4
2929-QNSRW,Yes,Price too high,3
1262-OPMFY,Yes,Competitor offered higher download speed,1
9504-DSHWM,No,Not Churned,4
5035-BVCXS,No,Not Churned,5
6267-DCFFZ,No,Not Churned,5
3533-UVMOM,No,Not Churned,5
2439-LYPMQ,No,Not Churned,4
4248-QPAVC,Yes,Competitor made better offer,2
1899-VXWXM,Yes,Lack of self-service features,2
1478-VPOAD,No,Not Churned,4
9995-HOTOH,No,Not Churned,4
2988-PLAHS,No,Not Churned,4
1371-OJCEK,No,Not Churned,4
4999-IEZLT,No,Not Churned,5
8883-ANODQ,No,Not Churned,4
4690-LLKUA,Yes,Network reliability,2
2351-RRBUE,No,Not Churned,4
5980-BDHPY,No,Not Churned,4
1498-DQNRX,No,Not Churned,4
9469-WEJBT,No,Not Churned,5
3331-HQDTW,Yes,Competitor made better offer,3
9490-DFPMD,Yes,Competitor made better offer,2
2581-VKIRT,No,Not Churned,4
5442-XSDCW,Yes,Competitor made better offer,1
7426-WEIJX,No,Not Churned,4
2851-MMUTZ,No,Not Churned,5
3049-NDXFL,Yes,Moved out of coverage area,1
8580-AECUZ,Yes,Competitor made better offer,1
3307-TLCUD,No,Not Churned,4
6625-FLENO,No,Not Churned,4
2967-MXRAV,No,Not Churned,3
7963-GQRMY,Yes,Moved out of coverage area,2
8189-HBVRW,No,Not Churned,5
4163-KIUHY,No,Not Churned,3
1228-FZFRV,Yes,Competitor made better offer,1
3500-NSDOA,No,Not Churned,4
1171-TYKUR,No,Not Churned,5
3761-FLYZI,No,Not Churned,4
2058-DCJBE,Yes,Attitude of support person,1
5364-XYIRR,Yes,Competitor offered higher download speed,2
4829-AUOAX,Yes,Network reliability,1
1219-NNDDO,No,Not Churned,3
8388-DMKAE,No,Not Churned,4
4403-BWPAY,No,Not Churned,4
9659-QEQSY,No,Not Churned,4
5405-ZMYXQ,No,Not Churned,3
5047-LHVLY,Yes,Moved out of coverage area,1
1442-OKRJE,No,Not Churned,4
4737-AQCPU,No,Not Churned,4
9158-VCTQB,Yes,Lack of self-service features,2
2808-CHTDM,No,Not Churned,5
6311-UEUME,Yes,Competitor made better offer,1
0793-TWELN,No,Not Churned,4
3283-WCWXT,No,Not Churned,5
1060-ENTOF,No,Not Churned,4
0999-QXNSA,No,Not Churned,4
5451-MHQOF,No,Not Churned,4
4836-WNFNO,No,Not Churned,4
9225-BZLNZ,No,Not Churned,5
0354-VXMJC,No,Not Churned,5
4422-QVIJA,No,Not Churned,4
9365-SRSZE,No,Not Churned,3
6839-ITVZJ,Yes,Attitude of support person,1
8332-OSJDW,No,Not Churned,4
4735-BJKOU,No,Not Churned,3
0274-JKUJR,No,Not Churned,5
5740-YHGTW,No,Not Churned,4
8917-SZTTJ,No,Not Churned,4
1696-MZVAU,No,Not Churned,4
7359-WWYJV,No,Not Churned,4
0375-HVGXO,Yes,Price too high,2
4906-ZHGPK,No,Not Churned,5
8593-WHYHV,Yes,Moved out of coverage area,1
3795-GWTRD,No,Not Churned,5
1298-PHBTI,No,Not Churned,4
6223-DHJGV,No,Not Churned,4
6961-MJKBO,No,Not Churned,4
6097-EQISJ,Yes,Moved out of coverage area,1
4423-YLHDV,Yes,Network reliability,2
8158-WPEZG,No,Not Churned,4
0107-YHINA,Yes,Attitude of support person,2
4918-FYJNT,No,Not Churned,4
0727-BNRLG,No,Not Churned,3
4854-CIDCF,No,Not Churned,5
8640-SDGKB,Yes,Attitude of support person,1
3280-MRDOF,No,Not Churned,3
6435-SRWBJ,No,Not Churned,3
9964-WBQDJ,No,Not Churned,5
6303-KFWSL,No,Not Churned,4
1702-CCFNJ,No,Not Churned,3
8932-CZHRQ,No,Not Churned,3
0386-CWRGM,No,Not Churned,3
5515-RUGKN,No,Not Churned,4
0404-AHASP,No,Not Churned,5
7279-NMVJC,No,Not Churned,4
2081-VEYEH,No,Not Churned,3
6407-UTSLV,No,Not Churned,3
4116-TZAQJ,Yes,Lack of self-service features,1
9060-HJJRW,No,Not Churned,4
2587-YNLES,No,Not Churned,4
7398-SKNQZ,No,Not Churned,4
5935-FCCNB,No,Not Churned,4
1958-RNRKS,No,Not Churned,4
5136-RGMZO,No,Not Churned,4
8345-MVDYC,No,Not Churned,5
8226-BXGES,No,Not Churned,3
3877-JRJIP,Yes,Moved out of coverage area,2
8375-DKEBR,Yes,Attitude of support person,1
9705-IOVQQ,No,Not Churned,4
1015-OWJKI,No,Not Churned,4
7511-YMXVQ,Yes,Attitude of support person,2
2040-XBAVJ,No,Not Churned,4
7551-JOHTI,Yes,Price too high,3
8887-IPQNC,No,Not Churned,4
8646-JCOMS,No,Not Churned,4
9804-ICWBG,Yes,Price too high,1
1222-KJNZD,No,Not Churned,4
0106-GHRQR,No,Not Churned,4
5318-IXUZF,Yes,Competitor made better offer,1
3768-VHXQO,No,Not Churned,3
8952-WCVCD,No,Not Churned,5
2418-TPEUN,No,Not Churned,5
3963-RYFNS,No,Not Churned,4
3198-VELRD,Yes,Price too high,2
8540-ZQGEA,No,Not Churned,4
1320-REHCS,No,Not Churned,5
4137-JOPHL,No,Not Churned,5
9436-ZBZCT,Yes,Moved out of coverage area,1
7801-CEDNV,No,Not Churned,4
2057-BOYKM,No,Not Churned,5
3658-QQJYD,No,Not Churned,4
1803-BGNBD,No,Not Churned,3
0134-XWXCE,No,Not Churned,4
6950-TWMYB,No,Not Churned,5
5848-FHRFC,No,Not Churned,3
2243-FNMMI,No,Not Churned,4
2511-MORQY,No,Not Churned,3
5356-KZCKT,No,Not Churned,5
9470-XCCEM,No,Not Churned,5
6519-CFDBX,No,Not Churned,5
3902-MIVLE,No,Not Churned,4
0409-WTMPL,No,Not Churned,4
8763-KIAFH,No,Not Churned,4
3669-WHAFY,No,Not Churned,3
3055-VTCGS,No,Not Churned,4
3144-KMTWZ,No,Not Churned,4
7279-BUYWN,Yes,Attitude of support person,3
7156-MHUGY,Yes,Moved out of coverage area,1
7198-GLXTC,Yes,Network reliability,1
2007-QVGAW,No,Not Churned,5
5207-PLSTK,No,Not Churned,4
2307-FYNNL,No,Not Churned,3
5605-XNWEN,No,Not Churned,5
2155-AMQRX,No,Not Churned,4
6181-AXXYF,No,Not Churned,4
5091-HFAZW,No,Not Churned,4
0516-VRYBW,Yes,Competitor made better offer,1
2519-LBNQL,No,Not Churned,4
8623-ULFNQ,No,Not Churned,4
8380-PEFPE,Yes,Network reliability,3
5687-DKDTV,Yes,Price too high,2
1568-LJSZU,No,Not Churned,4
7530-HDYDS,Yes,Price too high,1
7789-HKSBS,No,Not Churned,4
7416-CKTEP,No,Not Churned,5
2586-CWXVV,No,Not Churned,4
3096-IZETN,Yes,Lack of self-service features,1
2348-KCJLT,No,Not Churned,4
8401-EMUWF,No,Not Churned,3
4193-IBKSW,No,Not Churned,4
5377-NDTOU,No,Not Churned,4
5922-ABDVO,Yes,Competitor offered higher download speed,1
2474-LCNUE,No,Not Churned,4
0839-QNXME,No,Not Churned,4
3506-OVLKD,No,Not Churned,5
9172-ANCRX,Yes,Network reliability,3
6650-VJONK,No,Not Churned,5
2178-PMGCJ,No,Not Churned,3
7492-TAFJD,No,Not Churned,5
2773-MADBQ,No,Not Churned,4
6016-LVTJQ,No,Not Churned,5
7860-KSUGX,No,Not Churned,5
8966-KZXXA,No,Not Churned,4
6910-HADCM,Yes,Price too high,3
4816-LXZYW,Yes,Lack of self-service features,1
9606-PBKBQ,Yes,Competitor made better offer,1
5149-QYTTU,No,Not Churned,3
2070-XYMFH,No,Not Churned,5
2085-BOJKI,No,Not Churned,4
0817-HSUSE,No,Not Churned,5
5442-PPTJY,No,Not Churned,4
1927-QEWMY,No,Not Churned,5
1663-MHLHE,No,Not Churned,5
5663-QBGIS,No,Not Churned,4
4450-MDZFX,No,Not Churned,5
6701-DHKWQ,No,Not Churned,5
7554-AKDQF,No,Not Churned,5
3536-IQCTX,Yes,Competitor offered higher download speed,1
4911-BANWH,Yes,Price too high,1
8496-EJAUI,Yes,Attitude of support person,1
0794-YVSGE,No,Not Churned,4
5423-BHIXO,No,Not Churned,4
6908-VVYHM,No,Not Churned,5
2959-EEXWB,No,Not Churned,4
1839-UMACK,No,Not Churned,3
3030-YDNRM,No,Not Churned,5
7321-KKSDU,No,Not Churned,5
3402-XRIUO,No,Not Churned,3
3132-TVFDZ,Yes,Competitor offered higher download speed,1
8286-AFUYI,No,Not Churned,5
8080-DDEMJ,Yes,Lack of self-service features,3
8356-WUAOJ,No,Not Churned,5
6365-MTGZX,Yes,Moved out of coverage area,1
1349-WXNGG,Yes,Competitor made better offer,2
8058-DMYRU,No,Not Churned,3
9350-ZXYJC,No,Not Churned,5
6990-YNRIO,Yes,Network reliability,1
8958-JPTRR,No,Not Churned,4
6959-GQEGV,No,Not Churned,4
3173-WSSUE,No,Not Churned,4
1265-HVPZB,No,Not Churned,4
4115-UMJFQ,No,Not Churned,4
7369-TRPFD,No,Not Churned,4
1098-KFQEC,No,Not Churned,4
7190-XHTWJ,No,Not Churned,4
0621-TWIEM,Yes,Price too high,1
3537-RYBHH,No,Not Churned,4
2485-ITVKB,Yes,Lack of self-service features,1
3669-OYSJI,Yes,Attitude of support person,1
1612-EOHDH,Yes,Competitor offered higher download speed,2
6702-OHFWR,Yes,Lack of self-service features,2
5296-BFCYD,No,Not Churned,5
4510-PYUSH,Yes,Competitor made better offer,1
9359-JANWS,No,Not Churned,4
7517-SAWMO,Yes,Moved out of coverage area,1
4143-HHPMK,Yes,Competitor made better offer,2
3279-DYZQM,No,Not Churned,5
7054-LGEQW,Yes,Moved out of coverage area,1
0523-VNGTF,No,Not Churned,5
9575-IWCAZ,No,Not Churned,5
7105-MXJLL,No,Not Churned,4
7064-FRRSW,No,Not Churned,5
7940-UQQUG,No,Not Churned,5
0923-PNFUB,Yes,Price too high,1
3961-SXAXY,No,Not Churned,4
7010-BRBUU,No,Not Churned,5
3566-HJGPK,No,Not Churned,4
3062-ICYZQ,No,Not Churned,3
9938-PRCVK,No,Not Churned,4
0973-KYVNF,No,Not Churned,4
5129-HHMZC,No,Not Churned,4
9637-CDTKZ,No,Not Churned,3
3946-JEWRQ,No,Not Churned,4
7873-CVMAW,No,Not Churned,4
0463-WZZKO,No,Not Churned,5
3494-JCHRQ,Yes,Moved out of coverage area,1
6474-FVJLC,Yes,Price too high,1
4524-QCSSM,No,Not Churned,4
5832-EXGTT,No,Not Churned,5
8840-DQLGN,Yes,Price too high,1
2039-JONDJ,No,Not Churned,4
7217-JYHOQ,No,Not Churned,5
6695-FRVEC,No,Not Churned,5
4547-LYTDD,Yes,Moved out of coverage area,1
9894-QMIMJ,No,Not Churned,4
8069-YQQAJ,No,Not Churned,4
6770-XUAGN,Yes,Network reliability,2
4193-ORFCL,Yes,Price too high,1
1636-NTNCO,No,Not Churned,3
3466-WAESX,No,Not Churned,3
9281-PKKZE,No,Not Churned,4
3638-VBZTA,No,Not Churned,3
7459-IMVYU,No,Not Churned,4
7776-QWNFX,Yes,Price too high,1
6689-TCZHQ,Yes,Lack of self-service features,1
8563-OYMQY,No,Not Churned,5
0754-EEBDC,No,Not Churned,4
5777-ZPQNC,No,Not Churned,5
1951-IEYXM,No,Not Churned,5
3318-NMQXL,No,Not Churned,5
3143-ILDAL,Yes,Price too high,1
1022-RKXDR,No,Not Churned,3
2361-FJWNO,No,Not Churned,4
2272-UOINI,No,Not Churned,4
8232-UTFOZ,No,Not Churned,4
3750-YHRYO,No,Not Churned,5
6637-KYRCV,No,Not Churned,4
5668-MEISB,No,Not Churned,4
0129-QMPDR,No,Not Churned,3
7188-CBBBA,No,Not Churned,5
5356-CSVSQ,No,Not Churned,4
3221-CJMSG,No,Not Churned,5
4720-VSTSI,Yes,Competitor made better offer,1
3219-JQRSL,No,Not Churned,4
2801-NISEI,No,Not Churned,4
3946-MHCZW,Yes,Network reliability,1
4623-ZKHLY,No,Not Churned,4
6732-VAILE,No,Not Churned,5
8201-AAXCB,No,Not Churned,5
7696-CFTAT,No,Not Churned,4
1845-CSBRZ,No,Not Churned,5
2123-VSCOT,No,Not Churned,5
6651-AZVTJ,Yes,Competitor offered higher download speed,2
4566-GOLUK,Yes,Price too high,1
2484-DGXPZ,Yes,Network reliability,1
2018-QKYGT,No,Not Churned,5
2792-VPPET,No,Not Churned,5
7409-JURKQ,No,Not Churned,4
3247-MHJKM,No,Not Churned,5
1964-SVLEA,No,Not Churned,4
4587-NUKOX,Yes,Competitor offered higher download speed,2
7297-DVYGA,No,Not Churned,3
2239-CGBUZ,No,Not Churned,5
0854-UYHZD,No,Not Churned,5
7243-LCGGZ,No,Not Churned,4
8267-KFGYD,No,Not Churned,5
4890-VMUAV,No,Not Churned,4
9261-WDCAF,No,Not Churned,5
3764-MNMOI,No,Not Churned,4
7442-YGZFK,No,Not Churned,4
0420-BWTPW,Yes,Moved out of coverage area,1
8229-BUJHX,No,Not Churned,3
7449-HVPIV,No,Not Churned,5
5504-WSIUR,No,Not Churned,4
8183-ONMXC,Yes,Competitor offered higher download speed,2
8466-PZBLH,No,Not Churned,4
9614-RMGHA,Yes,Attitude of support person,2
8735-IJJEG,No,Not Churned,4
0564-MUUQK,No,Not Churned,4
5054-IEXZT,Yes,Lack of self-service features,1
5834-ASPWA,Yes,Competitor offered higher download speed,1
0701-RFGFI,No,Not Churned,3
0019-EFAEP,No,Not Churned,4
5619-PTMIK,No,Not Churned,5
3737-XBQDD,No,Not Churned,4
5882-CMAZQ,No,Not Churned,4
5846-QFDFI,No,Not Churned,5
4445-KWOKW,No,Not Churned,4
3511-APPBJ,No,Not Churned,4
7967-HYCDE,No,Not Churned,3
2430-RRYUW,No,Not Churned,4
3948-XHGNA,Yes,Lack of self-service features,2
3723-BFBGR,No,Not Churned,5
0565-IYCGT,Yes,Competitor made better offer,1
5447-WZAFP,No,Not Churned,4
5110-CHOPY,No,Not Churned,5
5445-UTODQ,Yes,Network reliability,1
4425-OWHWB,No,Not Churned,5
7892-QVYKW,No,Not Churned,4
9675-ICXCT,No,Not Churned,4
1024-VRZHF,Yes,Network reliability,1
4703-MQYKT,No,Not Churned,3
9497-QCMMS,Yes,Moved out of coverage area,1
5692-ICXLW,No,Not Churned,4
0602-DDUML,No,Not Churned,5
2208-MPXIO,No,Not Churned,5
1960-UYCNN,No,Not Churned,5
0348-SDKOL,Yes,Price too high,3
3190-FZATL,No,Not Churned,5
7336-RLLRH,No,Not Churned,3
4373-MAVJG,Yes,Moved out of coverage area,2
8901-HJXTF,Yes,Price too high,1
7710-JSYOA,No,Not Churned,4
5419-KLXBN,Yes,Competitor offered higher download speed,2
3424-NMNBO,Yes,Lack of self-service features,3
9885-MFVSU,No,Not Churned,3
4514-GFCFI,Yes,Network reliability,2
0607-MVMGC,No,Not Churned,5
3365-SAIGS,No,Not Churned,4
9828-AOQLM,Yes,Moved out of coverage area,2
8022-BECSI,No,Not Churned,5
8000-REIQB,Yes,Price too high,3
9993-LHIEB,No,Not Churned,5
0266-CLZKZ,No,Not Churned,3
7615-ESMYF,Yes,Moved out of coverage area,2
3858-VOBET,Yes,Moved out of coverage area,2
7020-OZKXZ,No,Not Churned,4
3977-QCRSL,No,Not Churned,5
0017-DINOC,No,Not Churned,4
1447-PJGGA,Yes,Lack of self-service features,1
8565-CLBZW,Yes,Moved out of coverage area,2
9139-WQQDY,Yes,Attitude of support person,1
0224-HJAPT,Yes,Moved out of coverage area,1
8086-OVPWV,Yes,Attitude of support person,1
9430-FRQOC,Yes,Moved out of coverage area,2
7639-OPLNG,No,Not Churned,3
3074-GQWYX,Yes,Attitude of support person,1
1492-QGCLU,No,Not Churned,4
6845-RGTYS,Yes,Price too high,2
7328-OWMOM,No,Not Churned,4
4418-LZMSV,No,Not Churned,4
5155-AZQPB,No,Not Churned,5
8861-HGGKB,Yes,Network reliability,1
1087-GRUYI,No,Not Churned,5
7065-YUNRY,Yes,Attitude of support person,2
7694-VLBWQ,Yes,Attitude of support person,2
2546-KZAAT,No,Not Churned,4
0181-RITDD,No,Not Churned,4
5989-PGKJB,No,Not Churned,5
4795-KTRTH,Yes,Moved out of coverage area,1
8272-ONJLV,No,Not Churned,4
1488-PBLJN,No,Not Churned,4
0308-GIQJT,No,Not Churned,4
3778-FOAQW,No,Not Churned,4
4452-ROHMO,No,Not Churned,4
6481-OGDOO,Yes,Moved out of coverage area,1
3090-LETTY,No,Not Churned,5
5349-AZPEW,No,Not Churned,4
3753-TSEMP,Yes,Network reliability,2
8305-VHZBZ,Yes,Competitor made better offer,1
9720-JJJOR,No,Not Churned,5
8100-HZZLJ,No,Not Churned,5
8775-ERLNB,No,Not Churned,4
8309-IEYJD,No,Not Churned,5
9172-JITSM,Yes,Competitor offered higher download speed,1
6298-QDFNH,Yes,Competitor offered higher download speed,2
7398-HPYZQ,No,Not Churned,5
3546-GHEAE,No,Not Churned,5
7361-YPXFS,No,Not Churned,3
6557-BZXLQ,No,Not Churned,5
2550-QHZGP,No,Not Churned,4
7519-JTWQH,No,Not Churned,3
2538-OIMXF,No,Not Churned,4
8543-MSDMF,No,Not Churned,5
9961-JBNMK,Yes,Network reliability,1
1170-SASML,No,Not Churned,4
4872-JCVCA,No,Not Churned,4
5346-BZCHP,No,Not Churned,5
2038-LLMLM,No,Not Churned,4
6173-ITPWD,Yes,Competitor offered higher download speed,1
9734-UYXQI,Yes,Price too high,2
1216-BGTSP,No,Not Churned,5
4138-NAXED,No,Not Churned,4
2189-UXTKY,Yes,Competitor made better offer,3
0744-BIKKF,No,Not Churned,5
7483-IQWIB,No,Not Churned,5
5248-KWLAR,No,Not Churned,5
4958-GZWIY,Yes,Price too high,1
7996-MHXLW,No,Not Churned,5
7833-PKIHD,No,Not Churned,5
7061-OVMIM,No,Not Churned,3
5153-RTHKF,No,Not Churned,4
1852-QSWCD,No,Not Churned,3
4832-VRBMR,No,Not Churned,4
9079-LWTFD,No,Not Churned,4
6356-ELRKD,Yes,Network reliability,1
8624-GIOUT,Yes,Competitor made better offer,2
3392-EHMNK,No,Not Churned,5
5986-WWXDV,No,Not Churned,4
3061-BCKYI,No,Not Churned,4
6179-GJPSO,Yes,Network reliability,3
7901-TBKJX,No,Not Churned,4
7228-PAQPD,No,Not Churned,4
3177-LASXD,Yes,Competitor offered higher download speed,1
7746-QYVCO,No,Not Churned,4
5804-HYIEZ,No,Not Churned,5
9919-FZDED,No,Not Churned,4
5934-TSSAU,No,Not Churned,3
3486-KHMLI,No,Not Churned,5
4897-QSUYC,Yes,Price too high,2
1084-UQCHV,Yes,Price too high,2
8290-YWKHZ,Yes,Competitor offered higher download speed,1
2955-BJZHG,Yes,Attitude of support person,2
3806-DXQOM,Yes,Price too high,1
6784-XYJAE,No,Not Churned,4
3933-DQPWX,No,Not Churned,5
6661-EIPZC,No,Not Churned,4
8957-THMOA,No,Not Churned,4
2251-PYLPB,No,Not Churned,4
5555-RNPGT,No,Not Churned,4
1057-FOGLZ,No,Not Churned,5
9300-RENDD,Yes,Competitor made better offer,1
0761-AETCS,Yes,Price too high,1
8087-LGYHQ,No,Not Churned,5
4137-BTIKL,No,Not Churned,3
2190-BCXEC,No,Not Churned,3
6227-FBDXH,No,Not Churned,5
2153-MREFK,Yes,Price too high,1
2911-WDXMV,No,Not Churned,5
7206-PQBBZ,No,Not Churned,5
3106-ULWFW,Yes,Competitor offered higher download speed,2
0925-VYDLG,Yes,Network reliability,2
4547-FZJWE,No,Not Churned,5
7422-WNBTY,No,Not Churned,5
0842-IWYCP,No,Not Churned,5
3521-HTQTV,No,Not Churned,5
3744-ZBHON,No,Not Churned,5
3373-DIUUN,No,Not Churned,4
8383-SGHJU,No,Not Churned,5
7607-QKKTJ,No,Not Churned,4
7707-PYBBH,No,Not Churned,5
8984-HPEMB,No,Not Churned,4
4349-GFQHK,Yes,Network reliability,1
4139-DETXS,No,Not Churned,4
9779-DPNEJ,No,Not Churned,5
9805-FILKB,No,Not Churned,4
5793-YOLJN,No,Not Churned,4
0673-IGUQO,No,Not Churned,4
4123-FCVCB,No,Not Churned,4
8819-IMISP,No,Not Churned,4
7802-EFKNY,Yes,Attitude of support person,2
8311-UEUAB,No,Not Churned,4
5858-EAFCZ,No,Not Churned,4
8035-BUYVG,Yes,Attitude of support person,2
1163-ONYEY,No,Not Churned,5
9787-XVQIU,Yes,Lack of self-service features,1
8945-MUQUF,Yes,Competitor offered higher download speed,2
5656-MJEFC,No,Not Churned,5
6082-OQFBA,No,Not Churned,4
8051-HJRLT,Yes,Competitor offered higher download speed,3
8974-OVACP,No,Not Churned,4
4010-YLMVT,No,Not Churned,3
1379-FRVEB,No,Not Churned,3
8612-GXIDD,No,Not Churned,5
6288-CHQJB,No,Not Churned,5
8160-HOWOX,No,Not Churned,5
3023-GFLBR,Yes,Competitor offered higher download speed,1
6648-INWPS,No,Not Churned,4
4223-BKEOR,No,Not Churned,5
4079-VTGLK,No,Not Churned,4
1763-WQFUK,No,Not Churned,4
1391-UBDAR,No,Not Churned,5
8894-JVDCV,No,Not Churned,5
2023-VQFDL,No,Not Churned,4
1345-GKDZZ,No,Not Churned,5
2014-MKGMH,No,Not Churned,4
5628-FCGYG,No,Not Churned,4
2560-WBWXF,No,Not Churned,4
0248-IPDFW,No,Not Churned,5
7978-DKUQH,No,Not Churned,4
4335-UPJSI,No,Not Churned,5
0524-IAVZO,Yes,Network reliability,2
2737-YNGYW,Yes,Price too high,1
1784-EZDKJ,No,Not Churned,4
9297-FVVDH,No,Not Churned,4
8007-YYPWD,No,Not Churned,4
7101-HRBLJ,No,Not Churned,4
5159-YFPKQ,Yes,Attitude of support person,3
6635-CPNUN,No,Not Churned,4
4021-RQSNY,Yes,Moved out of coverage area,1
5453-YBTWV,No,Not Churned,5
5039-LZRQT,No,Not Churned,4
2931-VUVJN,No,Not Churned,4
9061-TIHDA,Yes,Network reliability,2
8699-ASUFO,Yes,Network reliability,2
6418-PIQSP,No,Not Churned,4
8220-OCUFY,No,Not Churned,4
3995-WFCSM,No,Not Churned,4
1895-QTKDO,No,Not Churned,5
2038-OEQZH,No,Not Churned,4
1178-PZGAB,No,Not Churned,3
7927-AUXBZ,Yes,Moved out of coverage area,1
2626-VEEWG,No,Not Churned,3
2878-RMWXY,No,Not Churned,3
1657-DYMBM,No,Not Churned,5
7311-MQJCH,No,Not Churned,4
7375-WMVMT,No,Not Churned,5
1136-XGEQU,No,Not Churned,3
2530-FMFXO,No,Not Churned,5
6844-DZKRF,No,Not Churned,3
4695-WJZUE,Yes,Lack of self-service features,1
7619-ODSGN,Yes,Moved out of coverage area,3
5970-GHJAW,No,Not Churned,5
8879-XUAHX,No,Not Churned,5
3689-MOZGR,No,Not Churned,5
4195-PNGZS,No,Not Churned,3
5003-XZWWO,No,Not Churned,4
3988-RQIXO,Yes,Price too high,1
7622-FWGEW,No,Not Churned,5
6922-NCEDI,No,Not Churned,4
2514-GINMM,Yes,Competitor offered higher download speed,2
9891-NQDBD,No,Not Churned,4
6131-IUNXN,No,Not Churned,5
8548-AWOFC,No,Not Churned,5
9798-DRYDS,No,Not Churned,5
8532-UEFWH,No,Not Churned,4
6296-DDOOR,No,Not Churned,3
7951-VRDVK,No,Not Churned,5
5931-FLJJF,Yes,Price too high,1
4815-YOSUK,No,Not Churned,3
2659-VXMWZ,Yes,Lack of self-service features,1
0380-NEAVX,No,Not Churned,5
3207-OYBWH,Yes,Moved out of coverage area,2
4285-GYRQC,Yes,Competitor made better offer,2
7216-EWTRS,Yes,Competitor offered higher download speed,2
4365-MSDYN,No,Not Churned,5
7036-TYDEC,No,Not Churned,3
5802-ADBRC,No,Not Churned,4
8076-FEZKJ,No,Not Churned,5
5197-YPYBZ,No,Not Churned,4
8337-MSSXB,Yes,Lack of self-service features,1
4312-GVYNH,No,Not Churned,5
8495-LJDFO,No,Not Churned,4
0839-JTCUD,No,Not Churned,3
5494-WOZRZ,No,Not Churned,3
1302-UHBDD,No,Not Churned,5
2234-EOFPT,No,Not Churned,4
8619-IJNDK,No,Not Churned,4
8378-LKJAF,No,Not Churned,5
8182-BJDSI,Yes,Network reliability,1
2528-HFYZX,Yes,Moved out of coverage area,3
1153-GNOLC,No,Not Churned,3
3298-QEICA,No,Not Churned,4
0788-DXBFY,No,Not Churned,3
3597-YASZG,No,Not Churned,4
3496-LFSZU,No,Not Churned,3
5242-UOWHD,No,Not Churned,3
2482-CZGBB,Yes,Attitude of support person,2
6479-SZPLM,No,Not Churned,5
8097-VBQTZ,No,Not Churned,4
4500-HKANN,No,Not Churned,5
9917-KWRBE,No,Not Churned,4
3420-ZDBMA,No,Not Churned,4
2212-LYASK,No,Not Churned,5
1393-IMKZG,No,Not Churned,5
8069-RHUXK,No,Not Churned,3
3398-GCPMU,No,Not Churned,5
2908-WGAXL,No,Not Churned,5
3378-AJRAO,No,Not Churned,4
1013-QCWAM,No,Not Churned,5
0866-QLSIR,Yes,Moved out of coverage area,1
6050-FFXES,No,Not Churned,4
7181-BQYBV,Yes,Competitor offered higher download speed,1
0362-RAOQO,No,Not Churned,3
9554-DFKIC,No,Not Churned,4
5527-ACHSO,No,Not Churned,5
0829-DDVLK,No,Not Churned,3
1399-UBQIU,No,Not Churned,4
1813-JLKWR,No,Not Churned,4
0336-PIKEI,No,Not Churned,5
7322-OCWHC,No,Not Churned,4
9537-VHDTA,No,Not Churned,5
4957-TIALW,No,Not Churned,5
2054-PJOCK,No,Not Churned,4
9150-HEPMB,No,Not Churned,5
9030-QGZNL,No,Not Churned,3
6204-IEUXJ,Yes,Competitor made better offer,1
3126-WQMGH,No,Not Churned,5
4529-CKBCL,Yes,Network reliability,1
2506-CLAKW,Yes,Network reliability,1
7176-WRTNX,No,Not Churned,4
1583-IHQZE,Yes,Competitor made better offer,2
5732-IKGQH,No,Not Churned,4
9239-GZHZE,No,Not Churned,5
7205-BAIAD,No,Not Churned,4
0151-ONTOV,Yes,Network reliability,1
4140-MUHUG,Yes,Lack of self-service features,2
0093-EXYQL,No,Not Churned,4
8064-RAVOH,No,Not Churned,4
0219-QAERP,No,Not Churned,4
0320-JDNQG,Yes,Competitor offered higher download speed,3
7180-PISOG,Yes,Attitude of support person,2
9168-INPSZ,No,Not Churned,4
3571-RFHAR,Yes,Network reliability,2
0015-UOCOJ,No,Not Churned,4
5334-AFQJB,No,Not Churned,4
2754-SDJRD,No,Not Churned,5
9578-VRMNM,Yes,Competitor made better offer,2
1587-FKLZB,Yes,Price too high,1
6140-QNRQQ,Yes,Network reliability,1
8963-JLGJT,No,Not Churned,5
4307-KTUMW,Yes,Competitor made better offer,1
1465-LNTLJ,No,Not Churned,5
5440-FLBQG,Yes,Lack of self-service features,1
2135-DQWAQ,No,Not Churned,5
4056-QHXHZ,No,Not Churned,4
7470-MCQTK,Yes,Network reliability,2
7488-MXJIV,Yes,Network reliability,1
7401-JIXNM,No,Not Churned,5
9339-FIIJL,No,Not Churned,3
2027-FECZV,Yes,Competitor offered higher download speed,1
2672-DZUOY,Yes,Network reliability,1
4706-DGAHW,No,Not Churned,4
3870-MQAMG,Yes,Attitude of support person,3
6670-MFRPK,No,Not Churned,4
6177-PEVRA,No,Not Churned,5
4800-CZMPC,Yes,Moved out of coverage area,1
4813-HQMGZ,No,Not Churned,4
7579-KKLOE,No,Not Churned,4
7377-DMMRI,Yes,Lack of self-service features,3
8402-EIVQS,No,Not Churned,5
4947-DSMXK,No,Not Churned,5
7245-NIIWQ,No,Not Churned,3
0002-ORFBO,No,Not Churned,5
3324-OIRTO,No,Not Churned,5
5414-OFQCB,No,Not Churned,3
4967-WPNCF,No,Not Churned,5
8552-OBVRU,No,Not Churned,3
8499-BRXTD,No,Not Churned,4
9154-QDGTH,No,Not Churned,5
8197-BFWVU,No,Not Churned,3
2577-GVSIL,No,Not Churned,4
9367-OIUXP,No,Not Churned,4
6770-UAYGJ,No,Not Churned,5
6463-HHXJR,No,Not Churned,5
7928-VJYAB,No,Not Churned,5
1187-WILMM,No,Not Churned,5
9776-OJUZI,No,Not Churned,5
1306-RPWXZ,No,Not Churned,4
8949-JTMAY,Yes,Network reliability,2
2774-LVQUS,Yes,Attitude of support person,2
3097-PYWXL,No,Not Churned,4
2266-SJNAT,No,Not Churned,5
0869-PAPRP,No,Not Churned,3
4238-JSSWH,No,Not Churned,4
2972-YDYUW,No,Not Churned,4
1104-FEJAM,No,Not Churned,5
2809-ILCYT,No,Not Churned,4
5499-ECUTN,No,Not Churned,5
4981-FLTMF,No,Not Churned,4
9121-PHQSR,No,Not Churned,5
3113-IWHLC,No,Not Churned,4
3211-ILJTT,Yes,Attitude of support person,1
4612-THJBS,Yes,Price too high,2
4277-BWBML,No,Not Churned,5
4094-NSEDU,Yes,Lack of self-service features,1
0234-TEVTT,No,Not Churned,4
4304-TSPVK,No,Not Churned,5
1552-AAGRX,No,Not Churned,5
2637-FKFSY,No,Not Churned,4
9796-MVYXX,No,Not Churned,5
7874-ECPQJ,No,Not Churned,5
0020-INWCK,No,Not Churned,4
7089-RKVSZ,No,Not Churned,4
2683-JXWQQ,No,Not Churned,4
9548-ZMVTX,No,Not Churned,4
8739-XNIKG,No,Not Churned,3
9755-JHNMN,No,Not Churned,5
3981-QSVQI,No,Not Churned,5
2789-HQBOU,No,Not Churned,3
9424-CMPOG,No,Not Churned,4
5067-WJEUN,No,Not Churned,4
3450-WXOAT,No,Not Churned,4
9251-WNSOD,No,Not Churned,4
6974-DAFLI,No,Not Churned,4
2616-UUTFK,No,Not Churned,4
7064-JHXCE,No,Not Churned,4
5103-MHMHY,Yes,Attitude of support person,1
7989-AWGEH,No,Not Churned,4
4373-VVHQL,No,Not Churned,5
4559-UWIHT,No,Not Churned,4
7268-IGMFD,No,Not Churned,5
1846-XWOQN,Yes,Moved out of coverage area,2
0235-KGSLC,Yes,Network reliability,1
6650-BWFRT,No,Not Churned,4
9570-KYEUA,No,Not Churned,5
6993-YGFJV,No,Not Churned,5
2712-SYWAY,No,Not Churned,3
0730-BGQGF,No,Not Churned,5
5498-IBWPI,No,Not Churned,3
9101-NTIXF,No,Not Churned,5
0013-SMEOE,No,Not Churned,4
9314-QDMDW,No,Not Churned,4
9308-ANMVE,No,Not Churned,4
2884-GBPFB,Yes,Lack of self-service features,1
3757-NJYBX,Yes,Competitor offered higher download speed,3
3413-DHLPB,No,Not Churned,5
7649-PHJVR,No,Not Churned,5
6114-TCFID,No,Not Churned,4
3787-TRIAL,No,Not Churned,5
2573-GYRUU,No,Not Churned,4
5156-UMKOW,No,Not Churned,5
1247-QBVSH,No,Not Churned,4
6734-GMPVK,No,Not Churned,5
9822-OAOVB,No,Not Churned,5
6161-ERDGD,No,Not Churned,5
1226-JZNKR,No,Not Churned,4
7318-EIVKO,No,Not Churned,5
3771-PZOBW,No,Not Churned,5
5136-KCKGI,Yes,Competitor made better offer,2
8231-BSWXX,No,Not Churned,4
6486-LHTMA,No,Not Churned,4
4083-BFNYK,No,Not Churned,4
3722-WPXTK,Yes,Network reliability,1
7389-KBFIT,No,Not Churned,3
7176-WIONM,No,Not Churned,5
5141-ZUVBH,No,Not Churned,5
1089-HDMKP,No,Not Churned,5
7623-HKYRK,No,Not Churned,4
0310-SUCIN,No,Not Churned,5
5197-PYEPU,No,Not Churned,4
2929-ERCFZ,Yes,Price too high,2
7548-SEPYI,Yes,Competitor made better offer,1
8835-VSDSE,Yes,Network reliability,2
6619-RPLQZ,No,Not Churned,4
3275-RHRNE,No,Not Churned,4
3503-TYDAY,No,Not Churned,3
6901-GOGZG,No,Not Churned,3
1623-NLDOT,Yes,Competitor made better offer,2
7021-XSNYE,No,Not Churned,3
9621-OUPYD,No,Not Churned,5
9898-KZQDZ,Yes,Network reliability,2
8982-NHAVY,No,Not Churned,4
4307-KWMXE,No,Not Churned,5
0141-YEAYS,No,Not Churned,4
2450-ZKEED,No,Not Churned,4
3694-DELSO,No,Not Churned,3
3893-JRNFS,No,Not Churned,4
9603-OAIHC,No,Not Churned,4
1133-KXCGE,No,Not Churned,3
5236-PERKL,Yes,Price too high,2
0142-GVYSN,No,Not Churned,4
1049-FYSYG,No,Not Churned,4
7854-FOKSF,Yes,Lack of self-service features,2
2519-FAKOD,Yes,Moved out of coverage area,1
8406-LNMHF,No,Not Churned,3
1821-BUCWY,No,Not Churned,5
8263-JQAIK,Yes,Moved out of coverage area,1
0023-UYUPN,No,Not Churned,5
8314-DPQHL,No,Not Churned,3
1465-WCZVT,No,Not Churned,5
9481-SFCQY,No,Not Churned,4
6360-SVNWV,No,Not Churned,5
0567-GGCAC,No,Not Churned,5
7089-IVVAZ,Yes,Competitor offered higher download speed,1
8884-MRNSU,No,Not Churned,5
2171-UDMFD,No,Not Churned,4
9050-IKDZA,No,Not Churned,4
2205-YMZZJ,Yes,Price too high,1
9802-CAQUT,No,Not Churned,5
1254-IZEYF,Yes,Attitude of support person,2
0187-WZNAB,No,Not Churned,5
9492-TOKRI,Yes,Moved out of coverage area,1
1475-VWVDO,No,Not Churned,3
9221-OTIVJ,Yes,Attitude of support person,2
1357-MVDOZ,No,Not Churned,5
7602-MVRMB,No,Not Churned,3
3325-FUYCG,Yes,Lack of self-service features,1
5908-QMGOE,Yes,Attitude of support person,2
1197-BVMVG,No,Not Churned,5
5406-KGRMX,No,Not Churned,3
8481-YYXWG,Yes,Network reliability,1
5968-HYJRZ,No,Not Churned,5
5198-EFNBM,No,Not Churned,5
7516-GMHUV,No,Not Churned,4
7140-ADSMJ,No,Not Churned,5
2230-XTUWL,No,Not Churned,3
7706-YLMQA,No,Not Churned,4
2585-KTFRE,No,Not Churned,4
7994-UYIVZ,No,Not Churned,5
2609-IAICY,Yes,Network reliability,1
1740-CSDJP,Yes,Competitor offered higher download speed,2
7717-BICXI,No,Not Churned,5
6559-RAKOZ,No,Not Churned,4
2636-OHFMN,Yes,Competitor offered higher download speed,1
4716-MRVEN,No,Not Churned,4
2143-LJULT,No,Not Churned,4
1323-OOEPC,Yes,Competitor offered higher download speed,2
3200-MNQTF,No,Not Churned,3
6164-HXUGH,No,Not Churned,4
5630-IXDXV,No,Not Churned,4
0320-DWVTU,No,Not Churned,5
9135-MGVPY,No,Not Churned,5
1212-GLHMD,No,Not Churned,5
7878-JGDKK,No,Not Churned,4
1088-AUUZZ,No,Not Churned,4
0397-GZBBC,Yes,Competitor offered higher download speed,1
6614-YWYSC,No,Not Churned,5
9588-OZDMQ,No,Not Churned,5
7641-EUYET,Yes,Lack of self-service features,1
6476-EPYZR,No,Not Churned,5
9921-ZVRHG,Yes,Network reliability,2
1174-FGIFN,No,Not Churned,4
6620-HVDUJ,No,Not Churned,4
4701-MLJPN,Yes,Competitor offered higher download speed,2
1032-MAELW,No,Not Churned,5
7641-TQFHN,No,Not Churned,5
1552-TKMXS,No,Not Churned,4
9206-GVPEQ,Yes,Price too high,1
8622-ZLFKO,No,Not Churned,5
1596-BBVTG,Yes,Network reliability,2
6188-UXBBR,No,Not Churned,5
2333-KWEWW,No,Not Churned,4
5702-SKUOB,No,Not Churned,5
1134-YWTYF,No,Not Churned,3
6061-GWWAV,No,Not Churned,3
0679-TDGAK,No,Not Churned,4
6585-WCEWR,No,Not Churned,4
9067-YGSCA,No,Not Churned,4
9067-SQTNS,No,Not Churned,5
8433-WXGNA,Yes,Network reliability,2
1776-SPBWV,No,Not Churned,3
8735-SDUFN,No,Not Churned,5
9668-PUGNU,No,Not Churned,4
9405-GPBBG,No,Not Churned,4
1926-QUZNN,No,Not Churned,4
3707-GNWHM,Yes,Moved out of coverage area,1
7016-NVRIC,No,Not Churned,5
5829-NVSQN,No,Not Churned,5
9565-AXSMR,No,Not Churned,3
8922-LIEGH,Yes,Attitude of support person,2
8869-LIHMK,No,Not Churned,4
8245-UMPYT,Yes,Moved out of coverage area,2
5186-SAMNZ,Yes,Competitor offered higher download speed,2
0447-RXSGD,No,Not Churned,3
4927-WWOOZ,No,Not Churned,5
5788-YPOEG,No,Not Churned,4
5373-SFODM,Yes,Network reliability,2
0661-KBKPA,No,Not Churned,5
9081-WWXKP,No,Not Churned,4
0784-ZQJZX,No,Not Churned,5
3133-PZNSR,No,Not Churned,4
5766-ZJYBB,Yes,Price too high,1
8931-GJJIQ,Yes,Lack of self-service features,2
4277-PVRAN,Yes,Competitor offered higher download speed,1
0022-TCJCI,Yes,Attitude of support person,2
0722-SVSFK,No,Not Churned,4
3612-YVGSJ,No,Not Churned,4
9825-YCXWZ,No,Not Churned,4
5397-NSKQG,No,Not Churned,4
8565-HBFNN,No,Not Churned,4
2000-DHJUY,No,Not Churned,5
0203-HHYIJ,Yes,Network reliability,2
8670-ERCJH,No,Not Churned,5
7758-UJWYS,No,Not Churned,4
2050-ONYDQ,No,Not Churned,5
7055-JCGNI,No,Not Churned,4
0739-UUAJR,No,Not Churned,4
4826-DXMUP,No,Not Churned,4
0952-KMEEH,Yes,Competitor offered higher download speed,1
7285-KLOTR,No,Not Churned,5
0654-PQKDW,No,Not Churned,5
7175-NTIXE,No,Not Churned,3
7963-SHNDT,No,Not Churned,5
9796-BPKIW,No,Not Churned,4
0188-GWFLE,No,Not Churned,3
8129-GMVGI,No,Not Churned,4
2882-DDZPG,No,Not Churned,4
3547-LQRIK,No,Not Churned,5
9137-NOQKA,No,Not Churned,3
5843-TTHGI,No,Not Churned,4
1849-RJYIG,No,Not Churned,5
8868-GAGIO,No,Not Churned,4
4061-UKJWL,No,Not Churned,3
5380-XPJNZ,No,Not Churned,5
8263-QMNTJ,No,Not Churned,5
8178-EYZUO,Yes,Attitude of support person,1
3230-JCNZS,No,Not Churned,5
0277-ORXQS,No,Not Churned,5
5130-IEKQT,Yes,Competitor made better offer,2
3230-WYKIR,Yes,Price too high,1
7996-BPXHY,No,Not Churned,4
3227-WLKLI,No,Not Churned,4
0407-BDJKB,Yes,Moved out of coverage area,3
2266-FUBDZ,No,Not Churned,5
8237-ULIXL,No,Not Churned,3
9600-UDOPK,Yes,Network reliability,1
8216-AZUUZ,No,Not Churned,5
9153-BTBVV,No,Not Churned,4
4074-SJFFA,Yes,Competitor offered higher download speed,1
3269-ATYWD,Yes,Network reliability,1
5186-PEIZU,No,Not Churned,4
1074-AMIOH,No,Not Churned,4
4910-GMJOT,Yes,Price too high,1
0354-WYROK,Yes,Price too high,2
4361-FEBGN,No,Not Churned,3
7748-UMTRK,No,Not Churned,4
0380-ZCSBI,No,Not Churned,4
7145-FEJWU,No,Not Churned,4
6463-MVYRY,No,Not Churned,5
3969-JQABI,No,Not Churned,4
9624-EGDEQ,No,Not Churned,3
1051-EQPZR,No,Not Churned,5
5849-ASHZJ,No,Not Churned,4
5780-INQIK,No,Not Churned,4
7576-OYWBN,Yes,Lack of self-service features,3
4526-ZJJTM,No,Not Churned,4
8384-FZBJK,No,Not Churned,5
3750-RNQKR,No,Not Churned,5
0962-CQPWQ,No,Not Churned,5
3096-YXENJ,No,Not Churned,4
1265-BCFEO,No,Not Churned,5
5837-LXSDN,No,Not Churned,3
5945-AZYHT,No,Not Churned,3
8325-QRPZR,No,Not Churned,5
6384-VMJHP,No,Not Churned,5
2262-SLNVK,No,Not Churned,5
7730-CLDSV,No,Not Churned,4
1135-HIORI,No,Not Churned,4
0164-APGRB,No,Not Churned,5
6481-ESCNL,No,Not Churned,4
1790-NESIO,No,Not Churned,5
1550-EENBN,No,Not Churned,3
5539-TMZLF,Yes,Attitude of support person,2
4323-SADQS,Yes,Lack of self-service features,2
4446-BZKHU,Yes,Price too high,1
5202-IVJNU,Yes,Competitor offered higher download speed,1
5976-JCJRH,Yes,Moved out of coverage area,3
8198-RKSZG,No,Not Churned,4
0137-OCGAB,Yes,Attitude of support person,1
3351-NQLDI,Yes,Network reliability,2
9297-EONCV,No,Not Churned,5
7593-JNWRU,Yes,Competitor offered higher download speed,2
4588-YBNIB,Yes,Lack of self-service features,2
1069-QJOEE,No,Not Churned,4
3336-JORSO,Yes,Competitor offered higher download speed,1
7799-DSEWS,No,Not Churned,5
8766-PAFNE,No,Not Churned,4
5315-CKEQK,No,Not Churned,4
3130-ICDUP,No,Not Churned,4
0820-FNRNX,No,Not Churned,4
0880-FVFWF,No,Not Churned,4
4611-ANLQC,No,Not Churned,4
4213-HKBJO,No,Not Churned,4
2792-LSHWX,No,Not Churned,4
5028-GZLDO,Yes,Network reliability,2
0014-BMAQU,No,Not Churned,3
6861-XWTWQ,Yes,Moved out of coverage area,1
9018-PCIOK,No,Not Churned,5
4837-QUSFT,No,Not Churned,5
6877-TJMBR,Yes,Attitude of support person,1
9953-ZMKSM,No,Not Churned,4
0907-HQNTS,No,Not Churned,4
7665-NKLAV,No,Not Churned,4
6769-DCQLI,Yes,Competitor made better offer,2
2433-KMEAS,Yes,Lack of self-service features,3
4391-LNRXK,No,Not Churned,4
8250-ZNGGW,No,Not Churned,5
2195-ZRVAX,Yes,Price too high,2
3550-SAHFP,Yes,Attitude of support person,1
2011-TRQYE,Yes,Price too high,2
8562-GHPPI,No,Not Churned,5
5893-PYOLZ,No,Not Churned,5
4986-MXSFP,No,Not Churned,5
6131-FOYAS,No,Not Churned,4
3027-YNWZU,No,Not Churned,4
5609-IMCGG,No,Not Churned,5
4873-ILOLJ,Yes,Attitude of support person,3
4727-MCYZG,No,Not Churned,3
9481-WHGWY,No,Not Churned,4
2725-KXXWT,Yes,Competitor offered higher download speed,1
9565-DJPIB,Yes,Lack of self-service features,1
4328-VUFWD,No,Not Churned,4
3301-LSLWQ,No,Not Churned,5
7473-ZBDSN,No,Not Churned,5
3166-PNEOF,No,Not Churned,5
5639-NTUPK,No,Not Churned,4
8780-YRMTT,No,Not Churned,5
8348-HFYIV,Yes,Moved out of coverage area,2
5140-FOMCQ,No,Not Churned,4
6242-SGYTS,No,Not Churned,5
8166-ORCHU,No,Not Churned,5
8414-OOEEL,No,Not Churned,3
8454-AATJP,No,Not Churned,4
6849-WLEYG,Yes,Competitor offered higher download speed,1
4659-NZRUF,Yes,Attitude of support person,2
4531-AUZNK,No,Not Churned,4
4191-XOVOM,No,Not Churned,4
2150-OEGBV,No,Not Churned,5
8429-XIBUM,Yes,Competitor made better offer,2
1855-CFULU,No,Not Churned,5
4878-BUNFV,No,Not Churned,5
1872-EBWSC,No,Not Churned,5
2608-BHKFN,Yes,Competitor made better offer,1
7026-YMSBE,No,Not Churned,4
7341-LXCAF,Yes,Lack of self-service features,3
6997-UVGOX,No,Not Churned,5
9674-EHPPG,No,Not Churned,4
9462-MJUAW,Yes,Competitor offered higher download speed,1
8128-YVJRG,Yes,Competitor offered higher download speed,1
5440-VHLUL,No,Not Churned,5
5781-BKHOP,No,Not Churned,5
4283-FUTGF,Yes,Competitor made better offer,1
5213-TWWJU,No,Not Churned,4
1569-TTNYJ,Yes,Moved out of coverage area,2
8628-MFKAX,No,Not Churned,4
2397-BRLOM,Yes,Attitude of support person,1
7629-WIXZF,No,Not Churned,5
5445-GLVOT,No,Not Churned,4
3976-HXHCE,No,Not Churned,4
2466-NEJOJ,No,Not Churned,4
0254-KCJGT,No,Not Churned,4
5472-CVMDX,No,Not Churned,5
6461-SZMCV,No,Not Churned,4
8150-QUDFX,No,Not Churned,5
9508-ILZDG,No,Not Churned,5
2346-DJQTB,No,Not Churned,4
1697-LYYYX,No,Not Churned,4
1942-OQFRW,No,Not Churned,4
4749-VFKVB,Yes,Network reliability,2
9640-ZSLDC,No,Not Churned,3
4231-LZUYM,No,Not Churned,4
7598-UAASY,Yes,Competitor made better offer,1
7938-OUHIO,Yes,Competitor made better offer,1
8510-AWCXC,Yes,Price too high,1
6128-AQBMT,No,Not Churned,5
3594-BDSOA,No,Not Churned,5
0431-APWVY,Yes,Competitor made better offer,1
5133-VRSAB,No,Not Churned,3
5996-DAOQL,No,Not Churned,4
6838-YAUVY,No,Not Churned,5
0484-JPBRU,No,Not Churned,3
7883-ROJOC,No,Not Churned,4
0244-LGNFY,No,Not Churned,5
7274-CGTOD,No,Not Churned,4
4295-YURET,No,Not Churned,4
3426-NIYYL,Yes,Price too high,1
8225-BTJAU,Yes,Attitude of support person,1
4635-EJYPD,No,Not Churned,4
1866-ZSLJM,No,Not Churned,5
4636-TVXVG,No,Not Churned,4
4236-UJPWO,No,Not Churned,4
9392-XBGTD,No,Not Churned,4
3387-VATUS,Yes,Price too high,3
6402-SSEJG,No,Not Churned,4
1143-NMNQJ,Yes,Network reliability,2
1169-SAOCL,No,Not Churned,4
1110-KYLGQ,No,Not Churned,5
9929-PLVPA,No,Not Churned,3
3518-PZXZQ,No,Not Churned,4
2371-JUNGC,No,Not Churned,4
7693-QPEFS,No,Not Churned,5
0924-BJCRC,No,Not Churned,5
5074-FBGHB,No,Not Churned,4
2351-BKRZW,No,Not Churned,4
4455-BFSPD,No,Not Churned,5
0415-MOSGF,Yes,Competitor offered higher download speed,2
1724-BQUHA,Yes,Competitor offered higher download speed,1
3948-KXDUF,No,Not Churned,3
2323-ARSVR,No,Not Churned,5
0815-MFZGM,No,Not Churned,4
4826-XTSOH,Yes,Price too high,1
5480-XTFFL,No,Not Churned,4
8295-FHIVV,No,Not Churned,3
2495-INZWQ,Yes,Competitor offered higher download speed,1
9086-YJYXS,No,Not Churned,5
1179-INLAT,No,Not Churned,3
7909-FIOIY,No,Not Churned,4
4139-SUGLD,Yes,Competitor made better offer,1
6857-VWJDT,Yes,Competitor made better offer,1
6351-SCJKT,No,Not Churned,5
5468-BPMMO,No,Not Churned,4
5624-BQSSA,Yes,Competitor offered higher download speed,1
0197-PNKNK,No,Not Churned,3
2439-QKJUL,No,Not Churned,5
1194-SPVSP,No,Not Churned,5
9534-NSXEM,No,Not Churned,5
2408-WITXK,Yes,Attitude of support person,2
8929-KSWIH,No,Not Churned,4
2250-IVBWA,No,Not Churned,3
1810-MVMAI,No,Not Churned,4
9506-UXUSK,No,Not Churned,5
1229-RCALF,No,Not Churned,5
3572-UOLYZ,No,Not Churned,5
1429-UYJSV,No,Not Churned,4
5577-OTWWW,Yes,Competitor made better offer,2
6100-QQHEB,Yes,Moved out of coverage area,1
6366-XIVKZ,No,Not Churned,4
3470-OBUET,No,Not Churned,4
2770-NSVDG,No,Not Churned,4
9375-MHRRS,No,Not Churned,5
2634-HCZGT,Yes,Moved out of coverage area,2
7503-QQRVF,Yes,Moved out of coverage area,1
4860-YZGZM,No,Not Churned,4
6599-GZWCM,No,Not Churned,4
2691-NZETQ,Yes,Attitude of support person,3
4404-HIBDJ,Yes,Lack of self-service features,2
5533-NHFRF,No,Not Churned,5
7037-MTYVW,No,Not Churned,4
4760-THGOT,No,Not Churned,5
7295-JOMMD,Yes,Competitor offered higher download speed,2
4016-BJKTZ,No,Not Churned,5
6584-VQMYT,No,Not Churned,4
9838-BFCQT,No,Not Churned,4
2790-XUYMV,No,Not Churned,5
0581-MDMPW,No,Not Churned,4
5013-SBUIH,Yes,Attitude of support person,1
1023-BQXZE,No,Not Churned,4
9163-GHAYE,No,Not Churned,4
3904-UKFRE,No,Not Churned,4
5353-WILCI,No,Not Churned,4
0709-TVGUR,Yes,Moved out of coverage area,2
0058-EVZWM,No,Not Churned,4
6023-YEBUP,Yes,Lack of self-service features,3
7209-JCUDS,Yes,Competitor offered higher download speed,1
7009-PCARS,No,Not Churned,4
0519-DRGTI,No,Not Churned,4
1017-FBQMM,No,Not Churned,4
3001-CBHLQ,Yes,Moved out of coverage area,2
1985-MBRYP,No,Not Churned,5
6158-DWPZT,Yes,Competitor offered higher download speed,1
9372-TXXPS,No,Not Churned,4
3259-QMXUN,No,Not Churned,4
1015-JPFYW,No,Not Churned,5
6645-MXQJT,No,Not Churned,5
4360-QRAVE,No,Not Churned,5
8433-WPJTV,No,Not Churned,4
5804-JMYIO,No,Not Churned,5
3763-GCZHZ,Yes,Competitor made better offer,1
6484-LATFU,No,Not Churned,4
7599-NTMDP,No,Not Churned,5
0772-GYEQQ,Yes,Network reliability,2
0536-ACXIP,No,Not Churned,5
0936-NQLJU,No,Not Churned,5
4831-EOBFE,Yes,Moved out of coverage area,2
1575-KRZZE,No,Not Churned,3
3251-YMVWZ,No,Not Churned,5
4102-OQUPX,Yes,Competitor made better offer,1
9170-GYZJC,Yes,Price too high,1
4884-LEVMQ,No,Not Churned,5
8857-CUPFQ,No,Not Churned,5
7610-TVOPG,No,Not Churned,5
3638-DIMPH,No,Not Churned,3
1845-ZLLIG,No,Not Churned,4
8559-WNQZS,No,Not Churned,5
3999-QGRJH,Yes,Moved out of coverage area,2
1699-UOTXU,No,Not Churned,4
2454-RPBRZ,Yes,Network reliability,1
0635-WKOLD,No,Not Churned,4
5993-JSUWV,No,Not Churned,5
4518-FZBSX,No,Not Churned,3
5387-ASZNZ,No,Not Churned,4
6988-CJEYV,No,Not Churned,4
2002-MZHWP,Yes,Competitor offered higher download speed,1
3097-FQTVJ,No,Not Churned,3
5465-BUBFA,No,Not Churned,4
7299-GNVPL,No,Not Churned,3
9743-DQKQW,No,Not Churned,5
1215-VFYVK,No,Not Churned,3
9371-BITHB,No,Not Churned,5
2265-CYWIV,Yes,Attitude of support person,1
9093-FPDLG,No,Not Churned,4
0541-FITGH,No,Not Churned,5
6985-HAYWX,No,Not Churned,3
7508-KBIMB,No,Not Churned,5
6838-HVLXG,No,Not Churned,4
2277-DJJDL,No,Not Churned,5
1897-OKVMW,No,Not Churned,4
5485-ITNPC,No,Not Churned,4
0233-FTHAV,No,Not Churned,4
4644-PIZRT,No,Not Churned,5
8922-NPKBJ,No,Not Churned,5
2740-TVLFN,No,Not Churned,5
7771-CFQRQ,No,Not Churned,4
9512-PHSMG,No,Not Churned,4
6963-EZQEE,No,Not Churned,5
2452-KDRRH,No,Not Churned,5
2004-OCQXK,Yes,Attitude of support person,2
5027-QPKTE,Yes,Competitor offered higher download speed,3
4146-SVFUD,No,Not Churned,5
1564-HJUVY,No,Not Churned,4
3617-XLSGQ,No,Not Churned,5
7517-LDMPS,No,Not Churned,5
7244-KXYZN,No,Not Churned,5
5226-NOZFC,No,Not Churned,5
2672-HUYVI,Yes,Price too high,2
1400-WIVLL,No,Not Churned,5
7508-MYBOG,Yes,Price too high,2
8148-NLEGT,No,Not Churned,5
0148-DCDOS,Yes,Attitude of support person,3
8347-GDTMP,No,Not Churned,3
9992-RRAMN,Yes,Competitor offered higher download speed,2
6746-WAUWT,No,Not Churned,5
0310-MVLET,Yes,Price too high,1
0428-IKYCP,No,Not Churned,5
4550-VBOFE,Yes,Attitude of support person,1
2187-PKZAY,No,Not Churned,5
4003-OCTMP,No,Not Churned,5
6652-YFFJO,No,Not Churned,5
7225-IILWY,No,Not Churned,5
5248-RPYWW,No,Not Churned,3
7923-IYJWY,No,Not Churned,4
3170-GWYKC,No,Not Churned,4
5696-QURRL,Yes,Price too high,1
7409-KIUTL,Yes,Attitude of support person,1
9830-ECLEN,No,Not Churned,5
1732-VHUBQ,Yes,Moved out of coverage area,1
0495-RVCBF,Yes,Price too high,1
2668-TZSPS,No,Not Churned,5
7854-EDSSA,Yes,Competitor made better offer,2
8869-TORSS,Yes,Network reliability,2
7446-SFAOA,No,Not Churned,4
9522-ZSINC,No,Not Churned,5
8234-GSZYK,No,Not Churned,5
6505-OZNPG,No,Not Churned,4
6164-HAQTX,No,Not Churned,3
0679-IDSTG,Yes,Competitor made better offer,1
7765-LWVVH,No,Not Churned,5
1658-TJVOA,No,Not Churned,3
0953-LGOVU,No,Not Churned,5
2115-BFTIW,Yes,Competitor offered higher download speed,2
4692-NNQRU,No,Not Churned,4
7742-MYPGI,No,Not Churned,4
0611-DFXKO,Yes,Competitor made better offer,1
7780-OTDSO,Yes,Lack of self-service features,2
9619-GSATL,No,Not Churned,4
5622-UEJFI,No,Not Churned,5
9747-DDZOS,Yes,Attitude of support person,2
0674-DGMAQ,No,Not Churned,4
6203-HBZPA,No,Not Churned,5
0484-FFVBJ,No,Not Churned,4
0301-FIDRB,No,Not Churned,3
4139-JPIAM,No,Not Churned,4
2181-TIDSV,No,Not Churned,3
2761-XECQW,No,Not Churned,5
1936-CZAKF,No,Not Churned,4
9453-PATOS,No,Not Churned,5
0564-JJHGS,Yes,Attitude of support person,3
3348-CFRNX,Yes,Lack of self-service features,2
4402-FTBXC,No,Not Churned,4
1428-GTBJJ,Yes,Competitor offered higher download speed,1
2931-XIQBR,No,Not Churned,5
0106-UGRDO,No,Not Churned,5
5542-TBBWB,No,Not Churned,4
1930-QPBVZ,No,Not Churned,5
2606-PKWJB,No,Not Churned,5
5322-ZSMZY,No,Not Churned,5
8059-UDZFY,No,Not Churned,5
7740-BTPUX,No,Not Churned,4
5220-AGAAX,No,Not Churned,3
0208-BPQEJ,No,Not Churned,3
9435-JMLSX,No,Not Churned,5
3352-ALMCK,No,Not Churned,4
5312-IRCFR,No,Not Churned,3
5294-IMHHT,No,Not Churned,5
8802-UNOJF,Yes,Attitude of support person,3
6313-GIDIT,Yes,Network reliability,1
6176-YJWAS,No,Not Churned,3
5310-NOOVA,No,Not Churned,5
4526-EXKKN,No,Not Churned,4
5311-IHLEI,No,Not Churned,4
3987-KQDDU,No,Not Churned,3
3404-JNXAX,No,Not Churned,5
5131-PONJI,No,Not Churned,3
2845-AFFTX,Yes,Moved out of coverage area,1
3489-VSFRD,No,Not Churned,4
3345-JHUEO,No,Not Churned,5
5815-HGGHV,No,Not Churned,5
5260-UMPWX,No,Not Churned,5
2249-YPRNG,Yes,Attitude of support person,1
7410-YTJIK,Yes,Lack of self-service features,2
4626-GYCZP,Yes,Competitor made better offer,2
5649-RXQTV,No,Not Churned,4
2674-MIAHT,No,Not Churned,4
2576-HXMPA,No,Not Churned,4
7587-AOVVU,No,Not Churned,4
5590-BYNII,Yes,Price too high,1
6898-MDLZW,No,Not Churned,5
3237-AJGEH,Yes,Attitude of support person,3
4707-YNOQA,No,Not Churned,4
9357-UJRUN,No,Not Churned,5
1591-NFNLQ,Yes,Lack of self-service features,2
8648-PFRMP,No,Not Churned,3
7663-CUXZB,No,Not Churned,4
0258-NOKBL,No,Not Churned,3
1163-VIPRI,No,Not Churned,5
2815-CPTUL,Yes,Competitor offered higher download speed,1
9348-ROUAI,No,Not Churned,5
9443-JUBUO,No,Not Churned,5
0596-BQCEQ,Yes,Competitor made better offer,2
1481-ZUWZA,Yes,Network reliability,2
3043-TYBNO,No,Not Churned,4
4830-FAXFM,No,Not Churned,4
5906-BFOZT,No,Not Churned,5
2960-NKRSO,No,Not Churned,3
8996-ZROXE,No,Not Churned,3
5598-IKHQQ,No,Not Churned,4
0397-ZXWQF,No,Not Churned,3
5266-PFRQK,No,Not Churned,4
4674-HGNUA,No,Not Churned,4
6765-MBQNU,No,Not Churned,3
9786-IJYDL,No,Not Churned,3
1303-SRDOK,No,Not Churned,4
3769-MHZNV,No,Not Churned,3
6295-OSINB,No,Not Churned,4
3308-MHOOC,No,Not Churned,5
2309-OSFEU,Yes,Network reliability,3
2207-QPJED,No,Not Churned,4
4177-JPDFU,No,Not Churned,5
2239-CFOUJ,No,Not Churned,5
8046-DNVTL,No,Not Churned,5
2209-XADXF,No,Not Churned,5
6620-JDYNW,No,Not Churned,4
1891-FZYSA,Yes,Moved out of coverage area,2
4770-UEZOX,No,Not Churned,5
1038-RQOST,No,Not Churned,4
7613-LLQFO,Yes,Competitor offered higher download speed,1
4568-TTZRT,No,Not Churned,4
9513-DXHDA,No,Not Churned,4
2640-PMGFL,Yes,Moved out of coverage area,1
3801-HMYNL,Yes,Competitor made better offer,1
0516-QREYC,No,Not Churned,4
9685-WKZGT,Yes,Moved out of coverage area,1
6022-UGGSO,Yes,Moved out of coverage area,1
8084-OIVBS,No,Not Churned,4
8896-BQTTI,No,Not Churned,3
3865-QBWSJ,No,Not Churned,4
3352-RICWQ,No,Not Churned,4
2160-GPFXD,No,Not Churned,4
2065-MMKGR,No,Not Churned,4
5857-TYBCJ,No,Not Churned,3
1498-NHTLT,No,Not Churned,5
4484-CGXFK,Yes,Competitor offered higher download speed,1
1402-PTHGN,No,Not Churned,4
4176-RELJR,No,Not Churned,4
6214-EDAKZ,Yes,Competitor offered higher download speed,1
5199-FPUSP,No,Not Churned,4
6377-KSLXC,No,Not Churned,5
1796-JANOW,No,Not Churned,4
0238-WHBIQ,No,Not Churned,5
8735-NBLWT,No,Not Churned,5
6651-RLGGM,No,Not Churned,4
6127-ISGTU,Yes,Attitude of support person,1
1614-JBEBI,No,Not Churned,4
8740-XLHDR,Yes,Price too high,3
1208-DNHLN,Yes,Competitor offered higher download speed,1
1761-AEZZR,Yes,Competitor offered higher download speed,3
3923-CSIHK,Yes,Competitor made better offer,1
5696-EXCYS,No,Not Churned,4
5795-KTGUD,No,Not Churned,4
7120-RFMVS,Yes,Competitor made better offer,2
7924-GJZFI,No,Not Churned,4
4702-HDRKD,No,Not Churned,4
8512-WIWYV,No,Not Churned,4
5897-ZYEKH,No,Not Churned,5
5456-ITGIC,No,Not Churned,4
7317-GGVPB,Yes,Competitor made better offer,1
1406-PUQVY,No,Not Churned,5
1322-AGOQM,Yes,Competitor made better offer,1
3677-IYRBF,Yes,Network reliability,2
5692-FPTAH,Yes,Lack of self-service features,1
9114-AAFQH,No,Not Churned,5
8715-KKTFG,No,Not Churned,5
1550-LOAHA,Yes,Attitude of support person,1
1728-BQDMA,No,Not Churned,5
0268-QKIWO,Yes,Competitor made better offer,3
0876-WDUUZ,Yes,Lack of self-service features,1
5117-ZSMHQ,No,Not Churned,4
5151-HQRDG,No,Not Churned,4
0960-HUWBM,No,Not Churned,5
6465-GSRCL,No,Not Churned,5
0617-FHSGK,Yes,Competitor made better offer,1
0263-FJTQO,No,Not Churned,5
7319-ZNRTR,No,Not Churned,4
2858-MOFSQ,Yes,Network reliability,2
7503-EPSZW,No,Not Churned,3
7089-XXAYG,No,Not Churned,3
8118-LSUEL,Yes,Competitor made better offer,1
8070-AAWZP,No,Not Churned,3
1666-JXLKU,No,Not Churned,4
7855-DIWPO,No,Not Churned,5
5133-POWUA,No,Not Churned,5
5652-MSDEY,No,Not Churned,5
7005-CCBKV,Yes,Network reliability,1
1810-BOHSY,No,Not Churned,3
1784-BXEFA,No,Not Churned,5
7351-MHQVU,No,Not Churned,4
9224-VTYID,No,Not Churned,4
9500-IWPXQ,No,Not Churned,4
5762-TJXGK,No,Not Churned,5
4504-YOULA,No,Not Churned,5
5569-IDSEY,No,Not Churned,4
4250-FDVOU,Yes,Competitor offered higher download speed,1
7284-ZZLOH,No,Not Churned,5
5277-ZLOOR,Yes,Lack of self-service features,2
2141-RRYGO,Yes,Competitor made better offer,2
1777-JYQPJ,No,Not Churned,4
6376-GAHQE,Yes,Competitor offered higher download speed,1
3401-URHDA,No,Not Churned,4
1599-EAHXY,No,Not Churned,5
8631-XVRZL,No,Not Churned,4
5052-PNLOS,Yes,Competitor offered higher download speed,1
3853-LYGAM,No,Not Churned,5
6979-ZNSFF,Yes,Attitude of support person,1
5751-USDBL,No,Not Churned,4
5680-LQOGP,No,Not Churned,4
2386-LAHRK,Yes,Attitude of support person,1
8189-DUKMV,No,Not Churned,3
6032-IGALN,Yes,Moved out of coverage area,2
9931-DCEZH,No,Not Churned,4
1898-JSNDC,No,Not Churned,3
0315-LVCRK,No,Not Churned,5
3911-RSNHI,No,Not Churned,5
2410-CIYFZ,No,Not Churned,5
4248-HCETZ,Yes,Network reliability,3
5505-OVWQW,No,Not Churned,5
7271-AJDTL,No,Not Churned,5
1867-TJHTS,No,Not Churned,4
0516-WJVXC,Yes,Price too high,2
9174-FKWZE,Yes,Competitor made better offer,1
6860-YRJZP,No,Not Churned,5
4429-WYGFR,No,Not Churned,5
2817-LVCPP,No,Not Churned,4
5038-ETMLM,No,Not Churned,4
5056-FIMPT,No,Not Churned,5
4521-WFJAI,No,Not Churned,5
6569-KTMDU,No,Not Churned,4
8809-RIHDD,Yes,Competitor offered higher download speed,1
8809-XKHMD,No,Not Churned,4
0396-YCHWO,No,Not Churned,3
0867-LDTTC,No,Not Churned,4
4822-NGOCH,Yes,Competitor offered higher download speed,2
9391-DXGGG,No,Not Churned,5
9844-FELAJ,No,Not Churned,5
2122-SZZZD,No,Not Churned,5
5307-DZCVC,Yes,Lack of self-service features,3
3148-AOIQT,No,Not Churned,3
8679-JOEVF,Yes,Competitor offered higher download speed,2
8395-ETZKQ,No,Not Churned,4
6692-YQHXC,No,Not Churned,3
3889-VWBID,No,Not Churned,4
5222-JCXZT,No,Not Churned,3
9754-CLVZW,No,Not Churned,4
1432-FPAXX,Yes,Competitor made better offer,3
2739-CCZMB,No,Not Churned,4
7080-TNUWP,No,Not Churned,5
0496-AHOOK,No,Not Churned,4
8336-TAVKX,No,Not Churned,4
2468-SJFLM,No,Not Churned,4
3181-VTHOE,No,Not Churned,5
7168-HDQHG,No,Not Churned,4
4803-AXVYP,Yes,Competitor offered higher download speed,1
3884-HCSWG,Yes,Moved out of coverage area,2
4567-AKPIA,No,Not Churned,5
5077-DXTCG,Yes,Competitor made better offer,1
1142-WACZW,Yes,Competitor made better offer,2
7901-HXJVA,No,Not Churned,5
5649-ANRML,Yes,Price too high,2
4892-VLANZ,Yes,Lack of self-service features,2
5924-IFQTT,No,Not Churned,4
7968-QUXNS,No,Not Churned,3
2919-HBCJO,Yes,Lack of self-service features,2
4236-XPXAV,Yes,Competitor made better offer,1
8903-WMRNW,No,Not Churned,4
2452-SNHFZ,No,Not Churned,4
3629-WEAAM,No,Not Churned,3
6029-CSMJE,No,Not Churned,4
7993-NQLJE,No,Not Churned,5
9909-DFRJA,No,Not Churned,4
9099-FTUHS,No,Not Churned,4
0581-BXBUB,No,Not Churned,4
4962-CHQPW,No,Not Churned,5
9467-ROOLM,No,Not Churned,3
3030-YZADT,Yes,Competitor offered higher download speed,1
7410-KTVFV,Yes,Competitor offered higher download speed,1
5150-ITWWB,No,Not Churned,5
2253-KPMNB,No,Not Churned,5
1345-ZUKID,No,Not Churned,4
6429-SHBCB,No,Not Churned,5
9281-OFDMF,No,Not Churned,5
2603-HVKCG,No,Not Churned,3
1834-WULEG,No,Not Churned,4
9097-ZUBYC,No,Not Churned,4
5148-ORICT,No,Not Churned,3
4893-GYUJU,No,Not Churned,5
4578-PHJYZ,No,Not Churned,4
7272-QDCKA,No,Not Churned,5
8908-SLFCJ,No,Not Churned,5
8393-DLHGA,Yes,Lack of self-service features,2
9766-HGEDE,No,Not Churned,5
6968-MHOMU,No,Not Churned,4
7395-IGJOS,Yes,Competitor made better offer,2
5044-XDPYX,No,Not Churned,5
1814-WFGVS,No,Not Churned,4
2834-SPCJV,Yes,Competitor offered higher download speed,2
3721-WKIIL,No,Not Churned,5
6734-CKRSM,No,Not Churned,4
1265-ZFOSD,No,Not Churned,4
6568-POCUI,No,Not Churned,5
7890-VYYWG,Yes,Competitor offered higher download speed,2
5197-LQXXH,No,Not Churned,5
9907-SWKKF,Yes,Network reliability,3
3457-PQBYH,No,Not Churned,3
7682-AZNDK,No,Not Churned,4
0587-DMGBH,Yes,Attitude of support person,2
5384-ZTTWP,No,Not Churned,4
3745-HRPHI,No,Not Churned,3
7636-OWBPG,No,Not Churned,5
1231-YNDEK,No,Not Churned,5
1407-DIGZV,No,Not Churned,5
6397-JNZZG,Yes,Competitor offered higher download speed,1
0570-BFQHT,No,Not Churned,4
4393-OBCRR,No,Not Churned,3
3523-QRQLL,Yes,Moved out of coverage area,2
8564-LDKFL,No,Not Churned,5
3696-DFHHB,No,Not Churned,4
0895-DQHEW,Yes,Moved out of coverage area,1
4717-GHADL,No,Not Churned,5
5501-TVMGM,No,Not Churned,3
5879-HMFFH,No,Not Churned,5
6772-WFQRD,No,Not Churned,3
3810-DVDQQ,No,Not Churned,4
6972-SNKKW,No,Not Churned,4
3694-GLTJM,No,Not Churned,4
8550-XSXUQ,No,Not Churned,4
8149-RSOUN,Yes,Network reliability,1
9055-MOJJJ,No,Not Churned,4
4359-INNWN,No,Not Churned,4
0585-EGDDA,No,Not Churned,4
4032-RMHCI,No,Not Churned,4
0549-CYCQN,No,Not Churned,4
3481-JHUZH,No,Not Churned,4
7250-EQKIY,Yes,Competitor offered higher download speed,1
3594-IVHJZ,No,Not Churned,4
6869-FGJJC,No,Not Churned,4
3896-ZVNET,No,Not Churned,5
8205-VSLRB,No,Not Churned,4
5960-MVTUK,No,Not Churned,5
6817-WTYHE,No,Not Churned,4
3082-VQXNH,No,Not Churned,3
4013-UBXWQ,Yes,Competitor offered higher download speed,1
4931-TRZWN,No,Not Churned,5
0750-EKNGL,No,Not Churned,5
7669-LCRSD,No,Not Churned,5
3567-PQTSO,No,Not Churned,5
5519-NPHVG,Yes,Lack of self-service features,1
8043-PNYSD,No,Not Churned,5
9938-EKRGF,No,Not Churned,4
2703-AMTUL,No,Not Churned,3
0928-JMXNP,No,Not Churned,5
8173-RXAYP,No,Not Churned,4
4825-XJGDM,No,Not Churned,3
5402-HTOTQ,No,Not Churned,4
6734-JDTTV,No,Not Churned,4
7850-THJMU,No,Not Churned,3
3890-RTCMS,No,Not Churned,3
8849-GYOKR,Yes,Moved out of coverage area,2
3148-BLQJT,Yes,Moved out of coverage area,2
3717-FDJFU,No,Not Churned,5
3665-JATSN,No,Not Churned,5
7966-YOTQW,No,Not Churned,4
0461-CVKMU,Yes,Competitor offered higher download speed,3
8806-EAGWC,Yes,Competitor made better offer,1
8853-TZDGH,No,Not Churned,5
7779-LGOVN,Yes,Competitor offered higher download speed,3
4324-BZCKL,No,Not Churned,5
6924-TDGMT,No,Not Churned,5
9710-ZUSHQ,Yes,Attitude of support person,2
1536-YHDOE,No,Not Churned,4
8123-QBNAZ,No,Not Churned,3
3629-ZNKXA,No,Not Churned,4
4827-LTQRJ,No,Not Churned,4
7711-YIJWC,No,Not Churned,5
5482-VXSXJ,No,Not Churned,4
7365-BVCJH,No,Not Churned,5
9620-ENEJV,No,Not Churned,4
4183-WCSEP,Yes,Price too high,2
2378-YIZKA,No,Not Churned,4
5498-TXHLF,Yes,Moved out of coverage area,2
0689-DSXGL,No,Not Churned,5
6818-DJXAA,No,Not Churned,5
9722-UJOJR,Yes,Competitor made better offer,2
0464-WJTKO,No,Not Churned,4
8902-ZEOVF,No,Not Churned,4
6778-EICRF,No,Not Churned,5
2662-NNTDK,No,Not Churned,5
4132-KALRO,No,Not Churned,4
3902-FOIGH,Yes,Lack of self-service features,1
6772-KSATR,Yes,Lack of self-service features,1
7112-OPOTK,Yes,Competitor offered higher download speed,1
2874-YXVVA,No,Not Churned,5
1245-HARPS,No,Not Churned,4
4210-QFJMF,Yes,Lack of self-service features,1
4323-ELYYB,No,Not Churned,4
4293-ETKAP,No,Not Churned,5
6064-PUPMC,No,Not Churned,5
6504-VBLFL,No,Not Churned,5
6322-PJJDJ,No,Not Churned,5
0330-BGYZE,No,Not Churned,5
1085-LDWAM,No,Not Churned,4
7586-ZATGZ,No,Not Churned,4
7197-VOJMM,No,Not Churned,4
3318-OSATS,Yes,Lack of self-service features,2
5828-AVIPD,Yes,Competitor made better offer,2
1843-TLSGD,No,Not Churned,3
9626-VFRGG,No,Not Churned,4
7075-BNDVQ,No,Not Churned,4
9143-CANJF,No,Not Churned,4
7284-BUYEC,No,Not Churned,5
2041-JIJCI,No,Not Churned,3
1086-LXKFY,Yes,Price too high,3
4900-MSOMT,No,Not Churned,5
2229-VWQJH,No,Not Churned,3
9194-GFVOI,No,Not Churned,5
1336-EZFZY,No,Not Churned,5
4282-MSACW,No,Not Churned,5
1403-LKLIK,No,Not Churned,4
2636-ALXXZ,Yes,Moved out of coverage area,3
7774-OJSXI,Yes,Moved out of coverage area,1
7786-WBJYI,Yes,Attitude of support person,2
0136-IFMYD,No,Not Churned,4
5144-TVGLP,No,Not Churned,5
9643-AVVWI,No,Not Churned,5
0253-ZTEOB,No,Not Churned,4
2706-QZIHY,No,Not Churned,5
6061-PQHMK,No,Not Churned,5
9885-CSMWE,Yes,Attitude of support person,1
6137-MFAJN,No,Not Churned,4
9122-UMROB,No,Not Churned,4
4232-JGKIY,No,Not Churned,4
2402-TAIRZ,No,Not Churned,4
9659-ZTWSM,No,Not Churned,4
9139-TWBAS,No,Not Churned,4
6685-GBWJZ,No,Not Churned,4
5016-ETTFF,Yes,Competitor made better offer,1
3866-MDTUB,Yes,Competitor offered higher download speed,1
2195-VVRJF,No,Not Churned,5
3913-RDSJZ,No,Not Churned,4
8058-JMEQO,Yes,Moved out of coverage area,3
4203-QGNZA,No,Not Churned,5
5043-TRZWM,No,Not Churned,5
0697-ZMSWS,Yes,Moved out of coverage area,2
7657-DYEPJ,Yes,Price too high,2
9494-BDNNC,No,Not Churned,5
1640-PLFMP,No,Not Churned,4
5366-OBVMR,No,Not Churned,4
8276-MQBYC,Yes,Attitude of support person,2
7644-OMVMY,No,Not Churned,5
7593-XFKDI,Yes,Price too high,2
4573-JKNAE,No,Not Churned,4
0337-CNPZE,Yes,Competitor made better offer,1
9817-APLHW,No,Not Churned,5
8380-MQINP,No,Not Churned,3
0840-DFEZH,No,Not Churned,4
1513-XNPPH,Yes,Competitor made better offer,1
8690-ZVLCL,No,Not Churned,5
6015-VVHHE,Yes,Attitude of support person,1
1125-SNVCK,No,Not Churned,5
0384-LPITE,No,Not Churned,4
4616-EWBNJ,No,Not Churned,4
6347-DCUIK,Yes,Lack of self-service features,1
1335-HQMKX,No,Not Churned,4
2545-EBUPK,No,Not Churned,4
6923-AQONU,No,Not Churned,5
2172-EJXVF,No,Not Churned,4
0897-FEGMU,Yes,Competitor offered higher download speed,1
7663-RGWBC,Yes,Moved out of coverage area,3
1120-BMWUB,Yes,Attitude of support person,1
9124-LHCJQ,Yes,Moved out of coverage area,1
4536-PLEQY,No,Not Churned,4
7029-IJEJK,No,Not Churned,4
8871-JLMHM,No,Not Churned,4
2235-ZGKPT,Yes,Attitude of support person,1
3891-PUQOD,Yes,Price too high,2
5447-VYTKW,No,Not Churned,4
3623-FQBOX,No,Not Churned,4
0689-NKYLF,Yes,Competitor offered higher download speed,1
8659-HDIYE,No,Not Churned,4
3658-KIBGF,Yes,Price too high,1
3474-BAFSJ,No,Not Churned,4
5519-YLDGW,Yes,Moved out of coverage area,1
3865-ZFZIB,No,Not Churned,5
1855-AGAWH,No,Not Churned,5
7109-CQYUZ,No,Not Churned,5
1370-GGAWX,No,Not Churned,4
4680-KUTAJ,No,Not Churned,5
5307-UVGNB,No,Not Churned,4
4946-EDSEW,Yes,Competitor made better offer,2
2883-ILGWO,No,Not Churned,4
2516-VQRRV,Yes,Moved out of coverage area,1
7580-UGXNC,Yes,Competitor offered higher download speed,1
3642-BYHDO,No,Not Churned,5
9629-NHXFW,No,Not Churned,5
2696-RZVZW,No,Not Churned,5
5766-FTRTS,No,Not Churned,4
0396-HUJBP,No,Not Churned,5
5178-LMXOP,Yes,Network reliability,1
8879-ZKJOF,No,Not Churned,4
6285-FTQBF,No,Not Churned,4
8185-UPYBR,Yes,Competitor made better offer,1
4585-HETAI,Yes,Attitude of support person,1
7526-BEZQB,Yes,Moved out of coverage area,1
1474-JUWSM,No,Not Churned,5
3530-CRZSB,No,Not Churned,5
8498-XXGWA,No,Not Churned,3
9617-INGJY,No,Not Churned,4
0621-TSSMU,No,Not Churned,5
7234-KMNRQ,No,Not Churned,5
7636-PEPNS,No,Not Churned,4
4683-WYDOU,No,Not Churned,4
9052-DHNKM,No,Not Churned,5
6794-HKIAJ,No,Not Churned,4
5578-NKCXI,No,Not Churned,4
1642-HMARX,No,Not Churned,4
3096-WPXBT,No,Not Churned,4
8434-PNQZX,No,Not Churned,4
5950-AAAGJ,No,Not Churned,4
4299-OPXEJ,No,Not Churned,5
4951-UKAAQ,Yes,Network reliability,2
9618-LFJRU,No,Not Churned,4
6693-DJWTY,No,Not Churned,5
0744-GKNGE,No,Not Churned,5
6447-EGDIV,No,Not Churned,5
1167-OYZJF,No,Not Churned,5
2108-YKQTY,Yes,Competitor made better offer,2
4806-DXQCE,No,Not Churned,5
4918-QLLIW,Yes,Attitude of support person,1
7056-IMHCC,Yes,Lack of self-service features,1
4854-SSLTN,No,Not Churned,5
5294-DMSFH,No,Not Churned,5
4837-PZTIC,No,Not Churned,5
1625-JAIIY,Yes,Moved out of coverage area,1
0603-OLQDC,No,Not Churned,5
3272-VUHPV,No,Not Churned,5
4176-FXYBO,No,Not Churned,4
1063-DHQJF,No,Not Churned,5
8663-UPDGF,No,Not Churned,5
6719-FGEDO,No,Not Churned,5
1837-YQUCE,No,Not Churned,4
2947-DOMLJ,Yes,Competitor made better offer,1
4112-LUEIZ,Yes,Competitor made better offer,1
0369-ZGOVK,No,Not Churned,5
4510-HIMLV,Yes,Lack of self-service features,1
9919-KNPOO,No,Not Churned,4
8749-JMNKX,Yes,Price too high,1
7872-BAAZR,No,Not Churned,3
9391-LMANN,No,Not Churned,4
2430-USGXP,Yes,Competitor offered higher download speed,2
8174-TBVCF,No,Not Churned,4
1698-XFZCI,No,Not Churned,4
1877-HKBQX,No,Not Churned,3
4450-DLLMH,No,Not Churned,5
0428-AXXLJ,No,Not Churned,3
2746-DIJLO,No,Not Churned,4
5955-ERIHD,Yes,Network reliability,1
0917-EZOLA,Yes,Competitor offered higher download speed,3
3508-VLHCZ,No,Not Churned,4
4086-ATNFV,No,Not Churned,5
0468-YRPXN,No,Not Churned,4
5996-NRVXR,No,Not Churned,3
3739-YBWAB,No,Not Churned,4
7047-FWEYA,No,Not Churned,3
2000-MPKCA,No,Not Churned,4
9762-YAQAA,No,Not Churned,4
5949-EBSQK,Yes,Moved out of coverage area,2
5473-KHBPS,No,Not Churned,3
0100-DUVFC,No,Not Churned,5
5397-TUPSH,No,Not Churned,3
8950-MTZNV,No,Not Churned,5
0326-VDYXE,No,Not Churned,5
6773-LQTVT,No,Not Churned,4
7274-RTAPZ,Yes,Price too high,1
0436-TWFFZ,No,Not Churned,5
8566-YPRGL,No,Not Churned,5
0311-UNPFF,Yes,Network reliability,2
6609-MXJHJ,No,Not Churned,4
2669-OIDSD,No,Not Churned,5
8400-WZICQ,No,Not Churned,5
3834-XUIFC,Yes,Competitor offered higher download speed,1
9576-SYUHJ,No,Not Churned,5
0410-IPFTY,No,Not Churned,5
2831-EBWRN,No,Not Churned,4
9430-NKQLY,No,Not Churned,4
8414-MYSHR,Yes,Price too high,1
0247-SLUJI,No,Not Churned,4
9402-ORRAH,No,Not Churned,3
6483-OATDN,No,Not Churned,5
1293-HHSHJ,No,Not Churned,5
4840-ORQXB,No,Not Churned,5
7599-FKVXZ,Yes,Competitor made better offer,1
3982-DQLUS,No,Not Churned,4
8610-ZIKJJ,No,Not Churned,5
3756-VNWDH,No,Not Churned,3
7801-KICAO,No,Not Churned,4
7673-LPRNY,No,Not Churned,4
8229-TNIQA,Yes,Competitor made better offer,1
6060-QBMGV,No,Not Churned,5
7339-POGZN,No,Not Churned,4
2828-SLQPF,No,Not Churned,5
4465-VDKIQ,No,Not Churned,5
2921-XWDJH,No,Not Churned,5
6221-AVQYL,Yes,Moved out of coverage area,1
2558-BUOZZ,No,Not Churned,4
9257-AZMTZ,No,Not Churned,3
0003-MKNFE,No,Not Churned,5
0975-UYDTX,No,Not Churned,4
7743-EXURX,Yes,Moved out of coverage area,2
4682-BLBUC,No,Not Churned,4
0975-VOOVL,No,Not Churned,5
5968-VXZLG,No,Not Churned,5
5569-KGJHX,Yes,Attitude of support person,2
4988-IQIGL,Yes,Price too high,1
5201-FRKKS,No,Not Churned,4
9799-CAYJJ,No,Not Churned,5
7730-IUTDZ,Yes,Price too high,1
0426-TIRNE,Yes,Network reliability,1
5443-SCMKX,No,Not Churned,4
8295-KMENE,No,Not Churned,3
6738-ISCBM,No,Not Churned,4
9821-BESNZ,No,Not Churned,3
3678-MNGZX,No,Not Churned,4
1335-NTIUC,No,Not Churned,4
2916-BQZLN,No,Not Churned,5
4558-CGYCZ,No,Not Churned,4
2368-GAKKQ,No,Not Churned,5
8710-YGLWG,No,Not Churned,3
3199-XGZCY,No,Not Churned,4
3785-KTYSH,No,Not Churned,5
6814-ZPWFQ,No,Not Churned,3
4063-EIKNQ,No,Not Churned,5
6993-YCOBK,No,Not Churned,5
5206-HPJKM,No,Not Churned,4
7587-RZNME,Yes,Attitude of support person,1
0748-RDGGM,Yes,Attitude of support person,1
8393-JMVMB,No,Not Churned,5
5019-GQVCR,No,Not Churned,5
6036-TTFYU,No,Not Churned,5
2550-AEVRU,No,Not Churned,5
0969-RGKCU,No,Not Churned,5
0378-CJKPV,No,Not Churned,4
4706-AXVKM,Yes,Price too high,2
5889-JTMUL,Yes,Moved out of coverage area,2
9026-RNUJS,Yes,Moved out of coverage area,1
3746-EUBYR,Yes,Competitor made better offer,2
2332-EFBJY,Yes,Competitor made better offer,1
2880-FPNAE,No,Not Churned,5
1703-MGIAB,No,Not Churned,4
4311-QTTAI,No,Not Churned,3
9474-PHLYD,Yes,Competitor made better offer,1
4318-RAJVY,No,Not Churned,4
2165-VOEGB,Yes,Network reliability,1
3612-YUNGG,No,Not Churned,4
2254-DLXRI,No,Not Churned,4
5062-CJJKH,No,Not Churned,5
9028-LIHRP,No,Not Churned,5
2219-MVUSO,Yes,Network reliability,1
1053-MXTTK,No,Not Churned,4
1530-ZTDOZ,No,Not Churned,5
1301-LOPVR,No,Not Churned,5
0853-TWRVK,No,Not Churned,5
8914-RBTSB,Yes,Lack of self-service features,1
6212-ATMLK,No,Not Churned,4
8200-LGKSR,No,Not Churned,4
1568-BEKZM,No,Not Churned,4
0670-ANMUU,No,Not Churned,4
6897-RWMUB,No,Not Churned,4
0963-ZBDRN,Yes,Lack of self-service features,3
7594-RQHXR,Yes,Lack of self-service features,1
6999-CHVCF,No,Not Churned,5
6134-KWTBV,No,Not Churned,5
1077-HUUJM,No,Not Churned,4
6331-EWIEB,Yes,Competitor made better offer,2
0895-LNKRC,No,Not Churned,4
2045-BMBTJ,No,Not Churned,5
8417-GSODA,No,Not Churned,5
5171-EPLKN,No,Not Churned,5
4452-QIIEB,No,Not Churned,4
5998-VVEJY,Yes,Competitor offered higher download speed,1
1624-NALOJ,Yes,Competitor offered higher download speed,1
6741-EGCBI,No,Not Churned,5
7820-ZYGNY,No,Not Churned,5
4317-VTEOA,Yes,Lack of self-service features,3
9677-AVKED,No,Not Churned,4
1670-SVOWZ,Yes,Competitor offered higher download speed,1
2227-JRSJX,No,Not Churned,5
9847-HNVGP,No,Not Churned,4
6696-YDAYZ,No,Not Churned,4
8980-WQFWL,No,Not Churned,4
1730-ZMAME,No,Not Churned,4
6506-EYCNH,No,Not Churned,5
4634-JLRJT,No,Not Churned,5
9501-UKKNL,No,Not Churned,4
2560-QTSBS,No,Not Churned,4
7541-YLXCL,Yes,Network reliability,3
4795-WRNVT,No,Not Churned,5
6080-TCMYC,No,Not Churned,3
0260-ZDLGK,Yes,Competitor made better offer,2
7860-UXCRM,No,Not Churned,4
6357-JJPQT,No,Not Churned,3
2292-XQWSV,No,Not Churned,4
9552-TGUZV,No,Not Churned,5
5913-INRQV,No,Not Churned,4
8722-NGNBH,Yes,Attitude of support person,3
6210-KBBPI,Yes,Competitor made better offer,2
9643-YBLUR,No,Not Churned,5
8734-FNWVH,No,Not Churned,4
9447-YPTBX,No,Not Churned,4
0133-BMFZO,Yes,Network reliability,2
6128-CZOMY,Yes,Network reliability,1
9540-JYROE,Yes,Attitude of support person,2
9026-LHEVG,No,Not Churned,5
2260-USTRB,Yes,Attitude of support person,1
3656-TKRVZ,Yes,Moved out of coverage area,1
7011-CVEUC,No,Not Churned,5
6185-TASNN,No,Not Churned,3
7925-PNRGI,No,Not Churned,3
8623-TMRBY,Yes,Network reliability,1
1552-CZCLL,No,Not Churned,5
3038-PQIUY,No,Not Churned,5
1501-SGHBW,Yes,Price too high,1
9313-CDOGY,No,Not Churned,4
8148-BPLZQ,No,Not Churned,4
2623-DRYAM,No,Not Churned,5
9987-LUTYD,No,Not Churned,5
3208-YPIOE,Yes,Moved out of coverage area,2
4488-KQFDT,No,Not Churned,3
2612-RANWT,Yes,Competitor made better offer,3
5693-PIPCS,No,Not Churned,5
0491-KAPQG,No,Not Churned,5
1925-LFCZZ,No,Not Churned,3
8039-EQPIM,No,Not Churned,5
6900-PXRMS,Yes,Moved out of coverage area,1
8707-RMEZH,No,Not Churned,4
3346-BRMIS,Yes,Attitude of support person,1
3209-ZPKFI,No,Not Churned,5
6479-VDGRK,No,Not Churned,4
9373-WSLOY,No,Not Churned,5
2933-FILNV,Yes,Lack of self-service features,1
3569-JFODW,No,Not Churned,5
9819-FBNSV,No,Not Churned,5
9544-PYPSJ,No,Not Churned,4
1591-XWLGB,No,Not Churned,5
0396-UKGAI,No,Not Churned,4
3243-ZHOHY,No,Not Churned,4
5186-EJEGL,No,Not Churned,3
7527-QNRUS,No,Not Churned,4
9986-BONCE,Yes,Competitor made better offer,2
2722-JMONI,Yes,Price too high,1
2203-GHNWN,No,Not Churned,4
3878-AVSOQ,No,Not Churned,5
3258-SYSWS,No,Not Churned,4
5296-PSYVW,No,Not Churned,4
6319-QSUSR,No,Not Churned,4
4083-EUGRJ,Yes,Network reliability,2
7579-OOPEC,Yes,Competitor made better offer,1
0512-FLFDW,No,Not Churned,5
1771-OADNZ,Yes,Network reliability,1
0487-CRLZF,No,Not Churned,4
2107-FBPTK,No,Not Churned,4
9451-WLYRI,No,Not Churned,4
8219-VYBVI,No,Not Churned,4
1991-VOPLL,No,Not Churned,4
9738-QLWTP,No,Not Churned,5
1016-DJTSV,No,Not Churned,4
9419-IPPBE,No,Not Churned,5
0174-QRVVY,No,Not Churned,5
5699-BNCAS,No,Not Churned,4
2900-PHPLN,No,Not Churned,4
0612-RTZZA,Yes,Competitor offered higher download speed,1
8106-GWQOK,No,Not Churned,3
8751-EDEKA,No,Not Churned,5
6878-GGDWG,No,Not Churned,5
4039-PIMHX,No,Not Churned,3
8450-LUGUK,No,Not Churned,3
3604-WLABM,No,Not Churned,4
0795-GMVQO,No,Not Churned,4
2259-OUUSZ,No,Not Churned,4
1142-IHLOO,No,Not Churned,4
6410-LEFEN,Yes,Network reliability,2
4633-MKHYU,No,Not Churned,4
6257-RJOHI,No,Not Churned,3
1545-JFUML,No,Not Churned,5
3194-ORPIK,Yes,Lack of self-service features,2
7826-VVKWT,No,Not Churned,4
1353-GHZOS,No,Not Churned,4
2587-EKXTS,No,Not Churned,5
5442-BXVND,No,Not Churned,5
8816-VXNZD,Yes,Competitor offered higher download speed,2
9378-FXTIZ,Yes,Network reliability,1
1723-HKXJQ,Yes,Moved out of coverage area,2
7825-GKXMW,Yes,Network reliability,1
9753-OYLBX,No,Not Churned,5
2364-UFROM,No,Not Churned,5
6656-JWRQX,No,Not Churned,3
6473-ULUHT,No,Not Churned,4
1240-KNSEZ,Yes,Moved out of coverage area,1
0836-SEYLU,Yes,Competitor offered higher download speed,2
4433-JCGCG,Yes,Attitude of support person,2
3716-BDVDB,Yes,Lack of self-service features,2
7688-AWMDX,No,Not Churned,4
2842-BCQGE,No,Not Churned,3
7244-QWYHG,No,Not Churned,4
5899-MQZZL,Yes,Moved out of coverage area,1
6849-OYAMU,Yes,Competitor made better offer,1
5312-UXESG,No,Not Churned,4
9488-HGMJH,Yes,Lack of self-service features,3
6038-GCYEC,Yes,Competitor offered higher download speed,1
2150-WLKUW,No,Not Churned,4
7159-FVYPK,No,Not Churned,4
7032-LMBHI,No,Not Churned,4
1150-WFARN,Yes,Competitor offered higher download speed,3
6088-BXMRG,No,Not Churned,4
3144-AUDBS,Yes,Competitor offered higher download speed,2
4821-SJHJV,No,Not Churned,4
7346-MEDWM,No,Not Churned,5
1137-DGOWI,No,Not Churned,5
5616-PRTNT,Yes,Price too high,1
3812-LRZIR,No,Not Churned,4
4818-QIUFN,Yes,Competitor offered higher download speed,1
9483-GCPWE,No,Not Churned,5
4227-OJHAL,No,Not Churned,5
9220-CXRSC,No,Not Churned,5
4993-JCRGJ,No,Not Churned,4
9537-JALFH,No,Not Churned,4
6698-OXETB,No,Not Churned,3
2103-ZRXFN,No,Not Churned,3
3724-BSCVH,No,Not Churned,4
4877-TSOFF,No,Not Churned,5
9209-NWPGU,No,Not Churned,5
6961-VCPMC,Yes,Competitor made better offer,2
7306-YDSOI,No,Not Churned,5
5288-AHOUP,No,Not Churned,5
6688-UZPWD,Yes,Lack of self-service features,1
0655-YDGFJ,No,Not Churned,4
8468-EHYJA,No,Not Churned,4
6823-SIDFQ,No,Not Churned,4
1097-FSPVW,No,Not Churned,4
2839-RFSQE,Yes,Network reliability,1
8328-SKJNO,No,Not Churned,5
7010-ZMVBF,No,Not Churned,3
5201-CBWYG,No,Not Churned,4
0968-GSIKN,Yes,Price too high,2
1965-DDBWU,Yes,Competitor offered higher download speed,3
9057-SIHCH,Yes,Network reliability,1
6352-GIGGQ,No,Not Churned,5
3635-QQRQD,No,Not Churned,3
6771-XWBDM,Yes,Moved out of coverage area,1
2897-DOVND,No,Not Churned,5
3082-YVEKW,No,Not Churned,5
0191-EQUUH,No,Not Churned,4
7134-HBPBS,No,Not Churned,4
3489-HHPFY,No,Not Churned,5
2926-JEJJC,No,Not Churned,4
8601-QACRS,Yes,Price too high,1
4950-BDEUX,No,Not Churned,4
5789-LDFXO,No,Not Churned,4
0508-OOLTO,No,Not Churned,5
2984-TBYKU,No,Not Churned,5
9822-WMWVG,No,Not Churned,5
2391-SOORI,Yes,Lack of self-service features,2
9040-KZVWO,No,Not Churned,3
2645-QTLMB,Yes,Network reliability,2
4806-HIPDW,Yes,Competitor offered higher download speed,1
1548-ARAGG,No,Not Churned,5
6339-RZCBJ,No,Not Churned,3
4424-TKOPW,Yes,Network reliability,1
4415-WNGVR,No,Not Churned,3
2522-AHJXR,No,Not Churned,3
0412-UCCNP,No,Not Churned,4
1816-FLZDK,No,Not Churned,5
7096-UCLNH,No,Not Churned,5
8443-ZRDBZ,Yes,Lack of self-service features,1
9136-ALYBR,Yes,Competitor offered higher download speed,3
4615-PIVVU,No,Not Churned,5
8885-QSQBX,No,Not Churned,3
7479-NITWS,Yes,Competitor made better offer,3
8617-ENBDS,No,Not Churned,4
9385-NXKDA,No,Not Churned,4
0430-IHCDJ,No,Not Churned,5
2959-MJHIC,Yes,Moved out of coverage area,1
6674-KVJHG,No,Not Churned,5
1814-DKOLC,No,Not Churned,5
4201-JMNGR,Yes,Attitude of support person,2
9351-HXDMR,No,Not Churned,3
3537-HPKQT,No,Not Churned,4
2129-ALKBS,No,Not Churned,3
5821-MMEIL,No,Not Churned,4
5960-WPXQM,Yes,Price too high,1
0684-AOSIH,Yes,Competitor made better offer,1
8260-NGFNY,Yes,Attitude of support person,2
1309-XGFSN,No,Not Churned,5
1866-RZZQS,Yes,Competitor made better offer,1
6968-URWQU,No,Not Churned,5
4742-TXUEX,No,Not Churned,5
9631-XEYKE,No,Not Churned,3
8631-NBHFZ,Yes,Network reliability,1
1335-MXCSE,No,Not Churned,5
8873-TMKGR,No,Not Churned,3
8800-JOOCF,No,Not Churned,4
1469-LBJQJ,No,Not Churned,3
4958-XCBDQ,Yes,Lack of self-service features,1
8337-UPOAQ,Yes,Attitude of support person,3
0064-YIJGF,No,Not Churned,4
2386-OWURY,No,Not Churned,4
1725-IQNIY,Yes,Competitor made better offer,2
0310-VQXAM,No,Not Churned,3
6598-RFFVI,Yes,Network reliability,1
3453-RTHJQ,No,Not Churned,4
6712-OAWRH,Yes,Moved out of coverage area,2
6278-FEPBZ,No,Not Churned,4
4280-DLSHD,No,Not Churned,5
1508-DFXCU,No,Not Churned,4
8614-VGMMV,Yes,Network reliability,1
7868-BGSZA,No,Not Churned,5
2800-QQUSO,No,Not Churned,3
2930-UOTMB,Yes,Competitor made better offer,1
7973-DZRKH,No,Not Churned,4
5914-DVBWJ,Yes,Network reliability,2
7698-YFGEZ,No,Not Churned,4
2533-QVMSK,Yes,Price too high,2
9773-PEQBZ,No,Not Churned,4
8644-XLFBW,Yes,Lack of self-service features,1
0650-BWOZN,No,Not Churned,4
8625-AZYZY,Yes,Price too high,1
7785-RDVIG,No,Not Churned,5
9602-WCXPI,No,Not Churned,5
2903-YYTBW,No,Not Churned,5
3620-MWJNE,No,Not Churned,4
8573-JGCZW,No,Not Churned,4
6837-HAEVO,No,Not Churned,4
6701-YVNQG,No,Not Churned,4
9306-CPCBC,Yes,Price too high,1
4304-XUMGI,No,Not Churned,5
9504-YAZWB,No,Not Churned,4
8819-ZBYNA,No,Not Churned,5
6174-NRBTZ,No,Not Churned,5
9481-IEBZY,No,Not Churned,4
1833-VGRUM,Yes,Price too high,1
6137-NICCO,No,Not Churned,4
9065-ZCPQX,No,Not Churned,3
6402-EJMWF,No,Not Churned,5
3620-EHIMZ,No,Not Churned,4
3213-VVOLG,No,Not Churned,4
6870-ECSHE,No,Not Churned,5
8747-UDCOI,No,Not Churned,5
8374-XGEJJ,Yes,Competitor offered higher download speed,1
2656-TABEH,Yes,Moved out of coverage area,2
6946-LMSQS,Yes,Network reliability,2
4626-OZDTJ,No,Not Churned,5
9169-BSVIN,No,Not Churned,5
2325-ZUSFD,Yes,Moved out of coverage area,1
8194-PEEBY,No,Not Churned,4
6872-HXFNF,No,Not Churned,4
3932-CMDTD,Yes,Price too high,1
7714-YXSMB,No,Not Churned,5
8387-UGUSU,No,Not Churned,5
1080-BWSYE,No,Not Churned,5
4039-HEUNW,Yes,Lack of self-service features,3
1194-HVAIF,No,Not Churned,4
0812-WUPTB,Yes,Competitor offered higher download speed,2
3594-UVONA,Yes,Price too high,1
0004-TLHLJ,Yes,Attitude of support person,1
1767-TGTKO,No,Not Churned,4
8439-LTUGF,No,Not Churned,4
8805-JNRAZ,No,Not Churned,5
5089-IFSDP,Yes,Lack of self-service features,1
6418-HNFED,No,Not Churned,5
0206-OYVOC,No,Not Churned,5
7291-CDTMJ,No,Not Churned,4
7128-GGCNO,No,Not Churned,4
0237-YFUTL,No,Not Churned,4
7691-KGKGP,No,Not Churned,4
6710-HSJRD,No,Not Churned,4
3675-EQOZA,No,Not Churned,4
0840-DCNZE,No,Not Churned,4
1732-FEKLD,No,Not Churned,4
9862-KJTYK,No,Not Churned,5
0479-HMSWA,No,Not Churned,4
5854-KSRBJ,No,Not Churned,5
0365-BZUWY,No,Not Churned,3
4817-VYYWS,Yes,Moved out of coverage area,2
5701-SVCWR,No,Not Churned,5
3129-AAQOU,No,Not Churned,5
4922-CVPDX,No,Not Churned,5
1396-QWFBJ,Yes,Network reliability,1
1357-BIJKI,No,Not Churned,4
1099-BTKWT,No,Not Churned,5
5299-SJCZT,Yes,Network reliability,1
2018-PZKMU,No,Not Churned,5
7340-KEFQE,No,Not Churned,4
4570-QHXHL,No,Not Churned,4
2403-BCASL,Yes,Attitude of support person,2
7392-YYPYJ,No,Not Churned,4
2898-LSJGD,Yes,Competitor made better offer,3
2223-GDSHL,No,Not Churned,4
7359-PTSXY,Yes,Lack of self-service features,3
9470-RTWDV,No,Not Churned,4
2176-OSJUV,No,Not Churned,3
9348-YVOMK,No,Not Churned,4
8104-OSKWT,No,Not Churned,4
4521-YEEHE,No,Not Churned,4
4090-KPJIP,No,Not Churned,5
3786-WOVKF,No,Not Churned,4
4503-BDXBD,Yes,Attitude of support person,1
6086-ESGRL,Yes,Network reliability,2
2592-HODOV,No,Not Churned,3
3886-CERTZ,Yes,Attitude of support person,1
7995-ZHHNZ,No,Not Churned,4
3824-RHKVR,No,Not Churned,4
5816-SCGFC,No,Not Churned,5
5989-AXPUC,No,Not Churned,4
4979-HPRFL,No,Not Churned,4
8590-OHDIW,No,Not Churned,5
8015-IHCGW,No,Not Churned,5
2332-TODQS,No,Not Churned,5
9278-VZKCD,No,Not Churned,5
8008-OTEZX,No,Not Churned,4
2773-OVBPK,No,Not Churned,5
5999-LCXAO,No,Not Churned,3
5206-XZZQI,No,Not Churned,5
4803-LBYPN,No,Not Churned,3
5759-RCVCB,Yes,Moved out of coverage area,2
6372-RFVNS,Yes,Competitor offered higher download speed,1
2139-FQHLM,No,Not Churned,4
8261-GWDBQ,No,Not Churned,5
1093-YSWCA,No,Not Churned,5
8938-UMKPI,Yes,Attitude of support person,1
0991-BRRFB,Yes,Competitor made better offer,2
3882-IYOIJ,No,Not Churned,3
8749-TZYEC,No,Not Churned,4
1755-FZQEC,No,Not Churned,3
3115-JPJDD,No,Not Churned,4
5600-KTXFM,No,Not Churned,3
3871-IKPYH,Yes,Lack of self-service features,1
6319-IEJWJ,Yes,Price too high,1
9025-AOMKI,Yes,Network reliability,3
6339-TBELP,No,Not Churned,5
7964-YESJC,No,Not Churned,4
6173-GOLSU,No,Not Churned,4
5275-SQEIZ,Yes,Moved out of coverage area,1
7716-YTYHG,Yes,Competitor made better offer,1
9938-ZREHM,No,Not Churned,5
7950-XWOVN,No,Not Churned,4
4390-KYULV,Yes,Attitude of support person,2
4647-MUZON,No,Not Churned,4
9702-AIUJO,No,Not Churned,5
8849-PRIQJ,No,Not Churned,4
8851-RAGOV,No,Not Churned,3
1304-NECVQ,Yes,Price too high,1
5396-IZEPB,No,Not Churned,4
1729-VLAZJ,No,Not Churned,5
8285-ABVLB,No,Not Churned,4
0701-TJSEF,No,Not Churned,4
5712-VBOXD,No,Not Churned,4
6629-LADHQ,No,Not Churned,5
8945-GRKHX,Yes,Competitor made better offer,2
1559-DTODC,No,Not Churned,4
4797-MIWUM,No,Not Churned,5
6959-UWKHF,Yes,Competitor offered higher download speed,1
8720-RQSBJ,No,Not Churned,4
4537-CIBHB,No,Not Churned,4
3815-SLMEF,Yes,Competitor offered higher download speed,2
5154-VEKBL,Yes,Moved out of coverage area,2
4324-AHJKS,No,Not Churned,3
4355-CVPVS,No,Not Churned,5
4495-LHSSK,No,Not Churned,5
5655-JSMZM,Yes,Attitude of support person,1
5915-ANOEI,No,Not Churned,3
9861-PDSZP,No,Not Churned,3
4505-EXZHB,Yes,Moved out of coverage area,1
7225-CBZPL,No,Not Churned,3
6704-UTUKK,No,Not Churned,5
4587-VVTOX,Yes,Moved out of coverage area,1
2019-HDCZY,No,Not Churned,5
4652-NNHNY,Yes,Lack of self-service features,1
8788-DOXSU,No,Not Churned,5
7404-JLKQG,No,Not Churned,4
7421-ZLUPA,No,Not Churned,4
8972-HJWNV,Yes,Network reliability,1
3274-NSDWE,No,Not Churned,3
2632-IVXVF,No,Not Churned,4
3692-JHONH,No,Not Churned,4
8915-NNTRC,No,Not Churned,4
5914-GXMDA,No,Not Churned,4
7463-IFMQU,No,Not Churned,5
2920-RNCEZ,No,Not Churned,5
2541-YGPKE,No,Not Churned,3
8515-OCTJS,Yes,Competitor offered higher download speed,2
5382-TEMLV,No,Not Churned,4
3441-CGZJH,No,Not Churned,5
9592-ERDKV,No,Not Churned,3
2860-RANUS,Yes,Lack of self-service features,1
5261-QSHQM,Yes,Network reliability,2
4778-IZARL,No,Not Churned,5
0432-CAJZV,No,Not Churned,5
7008-LZVOZ,No,Not Churned,4
8868-WOZGU,Yes,Attitude of support person,2
1200-TUZHR,No,Not Churned,3
9365-CSLBQ,No,Not Churned,5
1334-FJSVR,Yes,Price too high,2
5884-FBCTL,No,Not Churned,4
7130-CTCUS,No,Not Churned,4
6242-FEGFD,No,Not Churned,4
7625-XCQRH,Yes,Moved out of coverage area,1
6194-HBGQN,No,Not Churned,5
7634-WSWDB,No,Not Churned,5
6986-IXNDM,No,Not Churned,4
1731-TVIUK,Yes,Moved out of coverage area,2
2987-BJXIK,No,Not Churned,5
9769-TSBZE,No,Not Churned,4
0406-BPDVR,Yes,Attitude of support person,2
0618-XWMSS,Yes,Network reliability,2
1395-WSWXR,No,Not Churned,3
6023-GSSXW,No,Not Churned,3
6752-APNJL,No,Not Churned,5
5276-KQWHG,Yes,Moved out of coverage area,1
0420-HLGXF,No,Not Churned,4
7446-KQISO,No,Not Churned,5
9823-EALYC,No,Not Churned,4
0582-AVCLN,No,Not Churned,4
5803-NQJZO,No,Not Churned,4
2565-JSLRY,Yes,Network reliability,1
2607-DHDAK,No,Not Churned,5
1073-XXCZD,No,Not Churned,4
0743-HRVFF,No,Not Churned,5
4006-HKYHO,No,Not Churned,5
3727-JEZTU,No,Not Churned,3
8143-ETQTI,No,Not Churned,5
6689-KXGBO,Yes,Network reliability,3
9667-TKTVZ,No,Not Churned,5
3657-COGMW,No,Not Churned,5
8570-KLJYJ,No,Not Churned,5
7754-IXRMC,No,Not Churned,4
9473-CBZOP,No,Not Churned,3
2969-WGHQO,No,Not Churned,4
6615-NGGZJ,Yes,Price too high,2
4334-HOWRP,No,Not Churned,4
4255-DDUOU,Yes,Price too high,2
5863-OOKCL,No,Not Churned,3
1686-STUHN,No,Not Churned,3
1329-VHWNP,No,Not Churned,3
2984-MIIZL,Yes,Network reliability,1
0266-GMEAO,No,Not Churned,4
5590-YRFJT,Yes,Attitude of support person,1
5574-NXZIU,No,Not Churned,5
0019-GFNTW,No,Not Churned,4
4256-ZWTZI,No,Not Churned,4
8309-PPCED,No,Not Churned,3
4098-NAUKP,No,Not Churned,5
5196-WPYOW,No,Not Churned,5
4608-LCIMN,No,Not Churned,4
1485-YDHMM,No,Not Churned,3
4054-CUMIA,No,Not Churned,4
0603-TPMIB,No,Not Churned,3
2525-GVKQU,No,Not Churned,5
8161-QYMTT,No,Not Churned,4
9581-GVBXT,No,Not Churned,5
5862-BRIXZ,No,Not Churned,4
5404-GGUKR,No,Not Churned,5
3308-JSGML,No,Not Churned,5
2126-GSEGL,No,Not Churned,3
3677-TNKIO,Yes,Lack of self-service features,2
0440-QEXBZ,No,Not Churned,4
2434-EEVDB,No,Not Churned,4
6762-QVYJO,No,Not Churned,5
6199-IWKGC,No,Not Churned,4
2675-DHUTR,No,Not Churned,4
8152-VETUR,No,Not Churned,5
9667-EQRXU,Yes,Attitude of support person,1
7446-YPODE,No,Not Churned,5
9522-BNTHX,No,Not Churned,4
4676-WLUHT,No,Not Churned,4
3329-WDIOK,Yes,Lack of self-service features,2
7980-MHFLQ,No,Not Churned,3
2873-ZLIWT,Yes,Network reliability,2
3415-TAILE,Yes,Competitor made better offer,2
0757-WCUUZ,No,Not Churned,4
1629-DQQVB,No,Not Churned,5
1915-IOFGU,Yes,Competitor offered higher download speed,1
3045-XETSH,Yes,Lack of self-service features,1
0374-AACSZ,No,Not Churned,4
7239-HZZCX,Yes,Competitor made better offer,1
4872-VXRIL,No,Not Churned,5
9140-CZQZZ,No,Not Churned,4
3423-HHXAO,No,Not Churned,5
9938-TKDGL,No,Not Churned,4
0531-ZZJWQ,No,Not Churned,4
6537-QLGEX,No,Not Churned,4
2688-BHGOG,No,Not Churned,5
7683-CBDKJ,Yes,Price too high,1
0946-CLJTI,Yes,Competitor offered higher download speed,1
3160-TYXLT,No,Not Churned,5
1325-USMEC,No,Not Churned,5
0916-QOFDP,No,Not Churned,3
0628-CNQRM,Yes,Network reliability,1
5606-AMZBO,No,Not Churned,5
6199-IPCAO,No,Not Churned,3
7665-TOALD,Yes,Attitude of support person,2
0112-QWPNC,Yes,Competitor offered higher download speed,2
0324-BRPCJ,Yes,Price too high,1
2777-PHDEI,Yes,Moved out of coverage area,1
5640-CAXOA,No,Not Churned,4
2235-EZAIK,No,Not Churned,4
3847-BAERP,No,Not Churned,5
1196-AMORA,Yes,Lack of self-service features,1
4282-YMKNA,Yes,Network reliability,2
1453-RZFON,No,Not Churned,4
8263-OKETD,No,Not Churned,4
0670-KDOMA,No,Not Churned,3
2476-YGEFM,No,Not Churned,4
8687-BAFGU,No,Not Churned,5
0641-EVBOJ,No,Not Churned,4
0829-XXPLX,No,Not Churned,5
9974-JFBHQ,No,Not Churned,5
5356-RHIPP,Yes,Network reliability,1
6624-JDRDS,No,Not Churned,4
0608-JDVEC,No,Not Churned,4
9780-FKVVF,No,Not Churned,3
1919-RTPQD,No,Not Churned,4
5214-NLTIT,No,Not Churned,3
3345-PBBFH,No,Not Churned,5
5055-BRMNE,No,Not Churned,5
9189-JWSHV,Yes,Competitor offered higher download speed,2
2190-PHBHR,No,Not Churned,5
2650-GYRYL,No,Not Churned,5
0746-JTRFU,Yes,Network reliability,1
5208-FVQKB,No,Not Churned,5
7184-LRUUR,No,Not Churned,4
6627-CFOSN,No,Not Churned,5
3982-JGSFD,No,Not Churned,5
1574-DYCWE,No,Not Churned,4
7247-XOZPB,No,Not Churned,5
2466-FCCPT,No,Not Churned,5
6211-WWLTF,No,Not Churned,4
4826-TZEVA,No,Not Churned,4
6016-NXBNJ,No,Not Churned,3
9138-EFSMO,No,Not Churned,5
0576-WNXXC,Yes,Moved out of coverage area,1
4632-XJMEX,No,Not Churned,3
8910-LEDAG,No,Not Churned,3
3452-GWUIN,No,Not Churned,4
2716-GFZOR,No,Not Churned,5
3724-UCSHY,No,Not Churned,5
8626-XHBIE,No,Not Churned,5
4628-CTTLA,Yes,Competitor made better offer,1
3192-LNKRK,No,Not Churned,4
4439-YRNVD,No,Not Churned,4
2876-VBBBL,Yes,Lack of self-service features,1
6834-NXDCA,Yes,Lack of self-service features,2
2208-UGTGR,No,Not Churned,3
3005-TYFRD,No,Not Churned,3
8670-MEFCP,No,Not Churned,5
3079-BCHLN,No,Not Churned,5
7777-UNYHB,No,Not Churned,3
5597-GLBUC,Yes,Lack of self-service features,1
7278-CKDNC,No,Not Churned,5
2748-MYRVK,Yes,Moved out of coverage area,2
8450-UYIBU,No,Not Churned,5
2969-VAPYH,No,Not Churned,4
4822-YCXMX,Yes,Competitor made better offer,1
7181-OQCUT,No,Not Churned,4
8474-UMLNT,No,Not Churned,5
9821-POOTN,Yes,Network reliability,2
3836-FZSDJ,No,Not Churned,3
9142-XMYJH,No,Not Churned,3
6559-ILWKJ,Yes,Moved out of coverage area,1
0187-QSXOE,No,Not Churned,4
7733-UDMTP,No,Not Churned,5
2649-HWLYB,No,Not Churned,4
5214-CHIWJ,No,Not Churned,5
4229-CZMLL,Yes,Attitude of support person,1
6904-JLBGY,No,Not Churned,4
2465-BLLEU,No,Not Churned,4
1685-VAYJF,No,Not Churned,4
8874-EJNSR,No,Not Churned,4
6917-YACBP,No,Not Churned,3
5049-MUBWG,No,Not Churned,5
4223-WOZCM,No,Not Churned,5
0769-MURVM,No,Not Churned,3
9253-VIFJQ,No,Not Churned,3
7030-FZTFM,No,Not Churned,4
9741-YLNTD,No,Not Churned,4
5917-RYRMG,No,Not Churned,4
5120-ZBLAI,No,Not Churned,4
1194-BHJYC,No,Not Churned,3
3663-MITLP,Yes,Lack of self-service features,1
0906-QVPMS,No,Not Churned,4
9025-ZRPVR,Yes,Lack of self-service features,2
1905-OEILC,No,Not Churned,4
7858-GTZSP,No,Not Churned,5
3285-UCQVC,Yes,Attitude of support person,2
6248-BSHKG,No,Not Churned,5
4685-TFLLS,No,Not Churned,3
3470-BTGQO,No,Not Churned,4
1209-VFFOC,No,Not Churned,4
8224-DWCKX,No,Not Churned,4
5482-PLVPE,Yes,Competitor made better offer,1
4553-DVPZG,No,Not Churned,3
4902-OHLSK,Yes,Moved out of coverage area,1
6917-IAYHD,No,Not Churned,5
0495-ZBNGW,Yes,Attitude of support person,2
8620-RJPZN,No,Not Churned,5
7572-KPVKK,No,Not Churned,4
2642-MAWLJ,No,Not Churned,4
2357-COQEK,Yes,Moved out of coverage area,2
7103-ZGVNT,No,Not Churned,3
3737-GCSPV,Yes,Lack of self-service features,1
2027-WKXMW,No,Not Churned,5
7137-NAXML,No,Not Churned,3
2428-ZMCTB,No,Not Churned,5
2961-VNFKL,No,Not Churned,5
1768-HNVGJ,No,Not Churned,5
6963-KQYQB,No,Not Churned,3
5934-RMPOV,No,Not Churned,3
1207-BLKSA,No,Not Churned,5
4088-YLDSU,Yes,Moved out of coverage area,2
8316-BBQAY,No,Not Churned,5
1166-PQLGG,No,Not Churned,5
3146-JTQHR,No,Not Churned,4
4291-YZODP,No,Not Churned,4
4395-PZMSN,No,Not Churned,4
6427-FEFIG,No,Not Churned,4
0017-IUDMW,No,Not Churned,4
8706-HRADD,No,Not Churned,4
9955-QOPOY,No,Not Churned,5
4385-ZKVNW,No,Not Churned,4
5446-DKWYW,No,Not Churned,4
2034-CGRHZ,Yes,Attitude of support person,1
5797-APWZC,Yes,Moved out of coverage area,2
3683-QKIUE,Yes,Attitude of support person,2
4228-ZGYUW,Yes,Moved out of coverage area,1
9031-ZVQPT,No,Not Churned,4
2990-IAJSV,No,Not Churned,4
8107-KNCIM,No,Not Churned,4
9027-YFHQJ,No,Not Churned,3
5176-LDKUH,No,Not Churned,4
4644-OBGFZ,No,Not Churned,5
7926-IJOOU,No,Not Churned,5
6480-YAGIY,No,Not Churned,5
4029-HPFVY,No,Not Churned,4
7602-DBTOU,No,Not Churned,3
5345-BMKWB,No,Not Churned,5
3519-ZKXGG,Yes,Lack of self-service features,3
5457-COLHT,No,Not Churned,5
6416-TVAIH,Yes,Competitor offered higher download speed,3
5451-YHYPW,No,Not Churned,5
5108-ADXWO,Yes,Competitor offered higher download speed,2
7998-WNZEM,No,Not Churned,5
3066-RRJIO,Yes,Moved out of coverage area,1
4664-NJCMS,No,Not Churned,4
0307-BCOPK,No,Not Churned,5
7629-WFGLW,No,Not Churned,4
2542-HYGIQ,No,Not Churned,4
6715-OFDBP,Yes,Price too high,2
5016-LIPDW,No,Not Churned,3
6481-LXPWL,No,Not Churned,5
1567-DSCIC,Yes,Moved out of coverage area,1
2150-UWTFY,Yes,Lack of self-service features,1
6124-ACRHJ,No,Not Churned,4
9362-MWODR,No,Not Churned,3
9975-GPKZU,No,Not Churned,5
9625-RZFUK,No,Not Churned,4
5153-LXKDT,No,Not Churned,4
5161-UBZXI,No,Not Churned,4
1020-JPQOW,No,Not Churned,5
7919-ZODZZ,No,Not Churned,5
0565-JUPYD,No,Not Churned,3
6867-ACCZI,No,Not Churned,3
5939-XAIXZ,No,Not Churned,4
9054-FOWNV,No,Not Churned,5
2683-BPJSO,Yes,Lack of self-service features,3
2157-MXBJS,Yes,Competitor made better offer,2
8207-VVMYB,No,Not Churned,3
9732-EQMWY,No,Not Churned,4
9360-AHGNL,Yes,Network reliability,2
1087-UDSIH,Yes,Lack of self-service features,1
5269-NRGDP,No,Not Churned,5
6195-MELTI,No,Not Churned,3
5485-WUYWF,Yes,Lack of self-service features,1
2121-JAFOM,No,Not Churned,5
8818-DOPVL,No,Not Churned,3
2632-UCGVD,Yes,Competitor offered higher download speed,1
5445-PZWGX,Yes,Network reliability,3
1227-UDMZR,No,Not Churned,3
5198-HQAEN,No,Not Churned,3
9170-CCKOU,Yes,Price too high,2
2167-FQSTQ,No,Not Churned,5
2819-GWENI,No,Not Churned,5
1043-YCUTE,Yes,Network reliability,1
3814-MLAXC,Yes,Competitor offered higher download speed,1
3572-UUHRS,No,Not Churned,5
2692-PFYTJ,No,Not Churned,5
1226-UDFZR,Yes,Lack of self-service features,2
5955-EPOAZ,No,Not Churned,4
6821-JPCDC,No,Not Churned,4
8815-LMFLX,No,Not Churned,4
9135-HSWOC,No,Not Churned,4
8582-KRHPJ,No,Not Churned,5
5811-IWXYM,No,Not Churned,4
7044-YAACC,No,Not Churned,5
8189-XRIKE,No,Not Churned,5
1506-YJTYT,No,Not Churned,4
4123-DVHPH,No,Not Churned,5
6425-YQLLO,Yes,Network reliability,1
5442-UTCVD,Yes,Lack of self-service features,2
2228-BZDEE,No,Not Churned,4
7734-DBOAI,Yes,Lack of self-service features,1
2789-CZANW,No,Not Churned,4
2091-RFFBA,Yes,Lack of self-service features,3
2114-MGINA,Yes,Attitude of support person,1
7596-LDUXP,No,Not Churned,3
3740-RLMVT,No,Not Churned,5
4489-SNOJF,Yes,Competitor made better offer,1
2192-OZITF,No,Not Churned,4
5651-CPDND,No,Not Churned,5
2186-QZEYA,No,Not Churned,4
1131-ALZWV,No,Not Churned,5
7729-XBTWX,No,Not Churned,4
9134-WYRVP,No,Not Churned,5
3284-SVCRO,No,Not Churned,3
9732-OUYRN,No,Not Churned,5
0559-CKHUS,No,Not Churned,5
2931-SVLTV,No,Not Churned,3
6899-PPEEA,Yes,Moved out of coverage area,1
7504-UWHNB,No,Not Churned,3
2582-FFFZR,No,Not Churned,5
8908-NMQTX,No,Not Churned,5
2187-LZGPL,Yes,Attitude of support person,1
1431-AIDJQ,No,Not Churned,5
6288-LBEAR,No,Not Churned,4
4597-NUCQV,Yes,Competitor made better offer,1
9019-QVLZD,Yes,Lack of self-service features,2
8413-YNHNV,No,Not Churned,4
5808-TOTXO,No,Not Churned,5
4369-NYSCF,No,Not Churned,5
6333-YDVLT,No,Not Churned,4
5324-KTGCG,No,Not Churned,4
5599-HVLTW,No,Not Churned,4
7394-LWLYN,No,Not Churned,5
3707-LRWZD,Yes,Competitor offered higher download speed,1
6873-UDNLD,No,Not Churned,5
2700-LUEVA,No,Not Churned,5
1455-ESIQH,Yes,Moved out of coverage area,2
0958-YHXGP,No,Not Churned,5
1101-SSWAG,No,Not Churned,5
2979-SXESE,Yes,Competitor made better offer,2
4013-TLDHQ,Yes,Network reliability,1
5743-KHMNA,No,Not Churned,4
4194-FJARJ,No,Not Churned,5
5325-UWTWJ,No,Not Churned,4
3969-GYXEL,No,Not Churned,4
9208-OLGAQ,No,Not Churned,4
3244-CQPHU,No,Not Churned,4
2674-MLXMN,No,Not Churned,4
9708-HPXWZ,No,Not Churned,4
6992-TKNYO,No,Not Churned,4
4468-YDOVK,No,Not Churned,5
3754-DXMRT,Yes,Attitude of support person,2
5792-JALQC,No,Not Churned,5
7130-VTEWQ,Yes,Price too high,1
2200-DSAAL,No,Not Churned,4
4302-ZYFEL,No,Not Churned,4
9351-LZYGF,No,Not Churned,5
4366-CTOUZ,No,Not Churned,5
6121-VZNQB,Yes,Attitude of support person,2
7903-CMPEY,Yes,Network reliability,1
1518-OMDIK,No,Not Churned,5
6671-NGWON,No,Not Churned,5
0595-ITUDF,No,Not Churned,4
6996-KNSML,Yes,Moved out of coverage area,3
1955-IBMMB,No,Not Churned,4
0096-BXERS,No,Not Churned,3
3806-YAZOV,No,Not Churned,4
7998-ZLXWN,No,Not Churned,4
6253-WRFHY,No,Not Churned,5
9133-AYJZG,No,Not Churned,5
2675-OTVVJ,No,Not Churned,5
8680-CGLTP,No,Not Churned,4
8430-TWCBX,No,Not Churned,5
5018-GWURO,No,Not Churned,3
6741-QRLUP,No,Not Churned,5
4737-HOBAX,No,Not Churned,4
0537-QYZZN,No,Not Churned,5
3340-QBBFM,No,Not Churned,4
1704-NRWYE,Yes,Network reliability,1
2592-SEIFQ,Yes,Attitude of support person,1
8200-KLNYW,No,Not Churned,4
3372-CDXFJ,No,Not Churned,4
4781-ZXYGU,No,Not Churned,5
7632-YUTXB,No,Not Churned,4
2718-YSKCS,No,Not Churned,4
9896-UYMIE,No,Not Churned,5
0853-NWIFK,No,Not Churned,4
8212-CRQXP,No,Not Churned,5
6980-CDGFC,No,Not Churned,5
7691-XVTZH,No,Not Churned,5
2520-SGTTA,No,Not Churned,5
7481-ATQQS,Yes,Competitor offered higher download speed,1
2277-VWCNI,No,Not Churned,3
1088-CNNKB,No,Not Churned,5
8642-GVWRF,Yes,Network reliability,1
1930-BZLHI,No,Not Churned,5
3400-ESFUW,Yes,Competitor offered higher download speed,1
5868-YTYKS,No,Not Churned,4
3525-DVKFN,No,Not Churned,4
1482-OXZSY,No,Not Churned,5
0377-JBKKT,No,Not Churned,5
5778-BVOFB,No,Not Churned,4
3373-YZZYM,No,Not Churned,4
2057-ZBLPD,Yes,Price too high,2
0228-MAUWC,No,Not Churned,5
5502-RLUYV,Yes,Attitude of support person,2
0023-HGHWL,Yes,Competitor offered higher download speed,2
7663-YJHSN,No,Not Churned,3
4915-BFSXL,No,Not Churned,4
3086-RUCRN,No,Not Churned,5
5215-LNLDJ,No,Not Churned,5
7576-JMYWV,No,Not Churned,5
9039-RBEEE,Yes,Competitor offered higher download speed,1
0257-KXZGU,No,Not Churned,3
1307-ATKGB,No,Not Churned,5
8417-FMLZI,Yes,Price too high,2
3714-XPXBW,No,Not Churned,5
1850-AKQEP,No,Not Churned,5
2824-DXNKN,No,Not Churned,4
5227-JSCFE,No,Not Churned,5
0848-ZGQIJ,No,Not Churned,4
3621-CHYVB,No,Not Churned,4
8042-RNLKO,No,Not Churned,5
1792-UXAFY,Yes,Price too high,2
5372-FBKBN,No,Not Churned,5
0420-TXVSG,No,Not Churned,5
6217-TOWGS,No,Not Churned,4
0515-YPMCW,Yes,Moved out of coverage area,1
0378-XSZPU,Yes,Competitor offered higher download speed,1
1045-LTCYT,No,Not Churned,4
1544-JJMYL,No,Not Churned,5
4636-JGAAI,No,Not Churned,4
6874-SGLHU,No,Not Churned,4
5951-AOFIH,No,Not Churned,5
4729-XKASR,Yes,Network reliability,1
3059-NGMXB,No,Not Churned,5
8652-YHIYU,No,Not Churned,5
5278-PNYOX,No,Not Churned,5
5449-FIBXJ,Yes,Moved out of coverage area,1
3486-HOOGQ,No,Not Churned,5
5061-PBXFW,No,Not Churned,3
8630-FJLIB,No,Not Churned,4
3891-NLXJB,No,Not Churned,5
4749-OJKQU,No,Not Churned,4
0577-WHMEV,No,Not Churned,5
5453-AXEPF,No,Not Churned,4
3639-XJHKQ,No,Not Churned,4
3716-LRGXK,No,Not Churned,4
2263-SFSQZ,No,Not Churned,4
9950-MTGYX,No,Not Churned,3
3397-AVTKU,No,Not Churned,5
4825-FUREZ,No,Not Churned,3
9837-BMCLM,Yes,Competitor made better offer,1
2672-OJQZP,No,Not Churned,4
0137-UDEUO,Yes,Network reliability,1
3134-DSHVC,No,Not Churned,4
6161-UUUTA,Yes,Attitude of support person,2
7821-DPRQE,No,Not Churned,4
6543-XRMYR,Yes,Lack of self-service features,1
2001-EWBQU,No,Not Churned,4
4925-LMHOK,Yes,Lack of self-service features,2
1608-GMEWB,No,Not Churned,5
6695-AMZUF,No,Not Churned,4
1455-UGQVH,Yes,Lack of self-service features,3
8410-BGQXN,No,Not Churned,5
8280-MQRQN,Yes,Attitude of support person,1
1619-YWUBB,No,Not Churned,5
7611-YKYTC,No,Not Churned,5
2037-SGXHH,Yes,Lack of self-service features,2
3178-FESZO,Yes,Attitude of support person,2
0365-GXEZS,No,Not Churned,5
0082-OQIQY,No,Not Churned,5
6087-MVHJH,Yes,Network reliability,2
4603-JANFB,Yes,Lack of self-service features,2
3018-TFTSU,Yes,Competitor made better offer,2
3606-SBKRY,No,Not Churned,4
4806-KEXQR,Yes,Attitude of support person,2
0667-NSRGI,No,Not Churned,3
7083-YNSKY,Yes,Competitor offered higher download speed,1
6893-ODYYE,No,Not Churned,4
8242-JSVBO,No,Not Churned,5
2479-BRAMR,Yes,Network reliability,1
9541-ZPSEA,No,Not Churned,4
2665-NPTGL,No,Not Churned,4
1139-WUOAH,No,Not Churned,3
4693-VWVBO,No,Not Churned,5
7434-SHXLS,Yes,Lack of self-service features,2
6937-GCDGQ,No,Not Churned,5
0988-JRWWP,No,Not Churned,5
5075-JSDKI,No,Not Churned,5
7908-QCBCA,Yes,Attitude of support person,1
8644-XYTSV,No,Not Churned,4
6711-FLDFB,Yes,Network reliability,1
3873-WOSBC,No,Not Churned,4
7465-ZZRVX,No,Not Churned,4
7975-JMZNT,No,Not Churned,4
7251-XFOIL,No,Not Churned,4
4116-IQRFR,No,Not Churned,4
3714-JTVOV,Yes,Competitor made better offer,3
8259-DZLIZ,No,Not Churned,3
0442-ZXKVS,No,Not Churned,4
7853-WNZSY,No,Not Churned,5
3120-FAZKD,No,Not Churned,5
8606-OEGQZ,No,Not Churned,5
0225-ZORZP,No,Not Churned,5
4702-IOQDC,Yes,Price too high,1
9489-JMTTN,No,Not Churned,5
0575-CUQOV,No,Not Churned,3
0967-BMLBD,No,Not Churned,3
6178-KFNHS,Yes,Network reliability,1
2830-LEWOA,No,Not Churned,5
5006-MXVRN,No,Not Churned,5
1264-BYWMS,Yes,Lack of self-service features,2
9658-WYUFB,Yes,Moved out of coverage area,2
8327-WKMIE,No,Not Churned,4
6917-FIJHC,No,Not Churned,5
5329-KRDTM,No,Not Churned,5
7797-EJMDP,No,Not Churned,4
3530-VWVGU,No,Not Churned,5
2013-SGDXK,Yes,Network reliability,2
6368-NWMCE,No,Not Churned,3
3633-CDBUW,No,Not Churned,4
0707-HOVVN,No,Not Churned,5
8580-QVLOC,Yes,Competitor made better offer,2
3956-MGXOG,No,Not Churned,5
9274-UARKJ,No,Not Churned,5
4077-HWUYD,No,Not Churned,4
2012-NWRPA,Yes,Competitor offered higher download speed,2
8808-ELEHO,Yes,Network reliability,1
0103-CSITQ,No,Not Churned,4
3506-LCJDC,Yes,Moved out of coverage area,1
8671-KKKOS,No,Not Churned,4
7305-ZWMAJ,No,Not Churned,3
9518-XXBXE,No,Not Churned,4
3934-HXCFZ,Yes,Moved out of coverage area,3
6578-KRMAW,No,Not Churned,5
4860-IJUDE,No,Not Churned,3
7666-WKRON,Yes,Attitude of support person,2
9688-YGXVR,No,Not Churned,3
0423-UDIJQ,No,Not Churned,4
1945-XISKS,No,Not Churned,4
4910-AQFFX,Yes,Competitor offered higher download speed,2
2154-KVJFF,Yes,Lack of self-service features,1
5360-LJCNJ,No,Not Churned,5
2607-FBDFF,No,Not Churned,5
9647-ERGBE,Yes,Attitude of support person,2
3428-XZMAZ,Yes,Moved out of coverage area,3
1100-DDVRV,No,Not Churned,3
0378-TOVMS,Yes,Network reliability,1
4355-HBJHH,Yes,Lack of self-service features,2
6728-WYQBC,No,Not Churned,5
9058-CBREO,Yes,Moved out of coverage area,1
9029-FEGVJ,No,Not Churned,5
7216-KAOID,No,Not Churned,3
0318-QUUOB,Yes,Moved out of coverage area,1
6145-NNPNO,No,Not Churned,3
5520-FVEWJ,Yes,Competitor made better offer,1
5339-TJFEK,No,Not Churned,3
5572-ZDXHY,Yes,Network reliability,1
2074-GUHPQ,No,Not Churned,4
4625-XMOYM,No,Not Churned,5
5827-MWCZK,No,Not Churned,5
1385-TQOZW,No,Not Churned,5
5914-XRFQB,No,Not Churned,5
4329-YPDDQ,No,Not Churned,4
4804-NCPET,No,Not Churned,5
3750-CKVKH,Yes,Attitude of support person,2
5944-UGLLK,No,Not Churned,4
8063-GBATB,Yes,Network reliability,2
7787-BNTZM,No,Not Churned,4
2252-ISRNH,No,Not Churned,4
9415-TPKRV,No,Not Churned,5
5322-TEUJK,No,Not Churned,5
4547-KQRTM,Yes,Lack of self-service features,3
4877-EVATK,Yes,Competitor made better offer,1
1866-DIOQZ,No,Not Churned,4
8375-KVTHK,No,Not Churned,4
2697-NQBPF,No,Not Churned,4
3709-OIJEA,No,Not Churned,4
7639-SUPCW,Yes,Competitor offered higher download speed,1
1386-ZIKUV,No,Not Churned,5
0599-XNYDO,No,Not Churned,5
6377-WHAOX,No,Not Churned,3
6855-VLGOS,No,Not Churned,4
8999-XXGNS,No,Not Churned,4
8746-OQQRW,No,Not Churned,4
3181-MIZBN,No,Not Churned,5
0471-ARVMX,No,Not Churned,4
7766-CLTIC,No,Not Churned,5
5650-YLIBA,No,Not Churned,4
0825-CPPQH,No,Not Churned,3
9084-OAYKL,No,Not Churned,3
6122-LJADA,No,Not Churned,4
2400-XIWIO,No,Not Churned,5
7524-VRLPL,No,Not Churned,5
1069-XAIEM,Yes,Moved out of coverage area,3
7569-NMZYQ,No,Not Churned,5
5201-USSQZ,No,Not Churned,3
2105-PHWON,No,Not Churned,5
1494-EJZDW,No,Not Churned,5
4884-TVUQF,No,Not Churned,5
8003-EWNDZ,No,Not Churned,5
1897-RCFUM,No,Not Churned,5
9256-JTBNZ,No,Not Churned,3
4658-HCOHW,Yes,Network reliability,2
2211-RMNHO,No,Not Churned,5
2432-TFSMK,No,Not Churned,4
3440-JPSCL,Yes,Attitude of support person,1
4929-ROART,No,Not Churned,4
1834-ABKHQ,No,Not Churned,4
1741-WTPON,No,Not Churned,5
3932-IJWDZ,No,Not Churned,4
1240-HCBOH,No,Not Churned,4
3594-KADLU,No,Not Churned,5
8065-BVEPF,No,Not Churned,3
3796-ENZGF,No,Not Churned,3
1734-ZMNTZ,No,Not Churned,4
2853-CWQFQ,No,Not Churned,4
0813-TAXXS,No,Not Churned,5
2519-TWKFS,No,Not Churned,4
2889-FPWRM,Yes,Competitor offered higher download speed,2
0626-QXNGV,No,Not Churned,3
6723-CEGQI,No,Not Churned,5
6987-XQSJT,Yes,Competitor made better offer,1
4732-RRJZC,No,Not Churned,4
9499-XPZXM,No,Not Churned,3
4338-EYCER,No,Not Churned,4
3007-FDPEA,No,Not Churned,5
6350-XFYGW,No,Not Churned,4
4290-BSXUX,Yes,Network reliability,1
8513-OLYGY,No,Not Churned,4
0311-QYWSS,No,Not Churned,4
8705-DWKTI,No,Not Churned,5
8755-IWJHN,No,Not Churned,5
0325-XBFAC,Yes,Price too high,2
4480-QQRHC,No,Not Churned,5
0929-PECLO,No,Not Churned,5
3680-CTHUH,No,Not Churned,3
1202-KKGFU,No,Not Churned,3
6112-KTHFQ,No,Not Churned,5
1852-XEMDW,No,Not Churned,4
2462-XIIJB,Yes,Network reliability,1
4760-XOHVN,Yes,Competitor offered higher download speed,1
1820-DJFPH,No,Not Churned,4
9426-SXNHE,No,Not Churned,4
9068-FHQHD,No,Not Churned,4
1269-FOYWN,No,Not Churned,4
9470-YFUYI,No,Not Churned,5
7817-BOQPW,Yes,Network reliability,3
7402-EYFXX,No,Not Churned,5
1853-UDXBW,Yes,Competitor offered higher download speed,1
9895-VFOXH,No,Not Churned,3
5458-CQJTA,Yes,Competitor offered higher download speed,2
1230-QAJDW,No,Not Churned,5
5701-ZIKJE,No,Not Churned,5
5219-YIPTK,Yes,Moved out of coverage area,1
5032-MIYKT,No,Not Churned,4
7396-VJUZB,No,Not Churned,3
9717-QEBGU,No,Not Churned,4
5172-RKOCB,No,Not Churned,5
6509-TSGWN,No,Not Churned,4
3540-RZJYU,Yes,Competitor offered higher download speed,1
3178-CIFOT,No,Not Churned,4
2091-MJTFX,Yes,Price too high,1
4530-NDRKU,No,Not Churned,5
5985-TBABQ,No,Not Churned,4
9800-ONTFE,No,Not Churned,4
6743-HHQPF,No,Not Churned,4
8455-HIRAQ,No,Not Churned,4
6616-AALSR,No,Not Churned,4
0883-EIBTI,Yes,Lack of self-service features,1
9415-ZNBSX,No,Not Churned,4
4018-KJYUY,No,Not Churned,5
0722-TROQR,Yes,Attitude of support person,1
7571-YXDAD,Yes,Lack of self-service features,1
3884-UEBXB,No,Not Churned,4
8780-RSYYU,No,Not Churned,5
5537-UXXVS,No,Not Churned,5
1791-PQHBB,No,Not Churned,4
8701-DGLVH,No,Not Churned,4
8741-LQOBK,No,Not Churned,5
3393-FMZPV,Yes,Lack of self-service features,2
8082-GHXOP,No,Not Churned,5
6402-ZFPPI,Yes,Moved out of coverage area,1
0980-FEXWF,No,Not Churned,4
7486-KSRVI,Yes,Lack of self-service features,1
3011-WQKSZ,No,Not Churned,4
8443-WVPSS,Yes,Competitor offered higher download speed,1
3006-XIMLN,Yes,Lack of self-service features,2
8218-FFJDS,No,Not Churned,4
1986-PHGZF,No,Not Churned,5
9965-YOKZB,Yes,Competitor made better offer,1
0504-HHAPI,Yes,Competitor made better offer,2
9360-OMDZZ,No,Not Churned,4
6305-YLBMM,Yes,Attitude of support person,2
0345-XMMUG,No,Not Churned,3
8024-XNAFQ,No,Not Churned,5
3647-GMGDH,Yes,Price too high,2
2988-GBIVW,No,Not Churned,4
2832-SCUCO,No,Not Churned,5
7036-ZZKBD,No,Not Churned,4
3791-LGQCY,Yes,Network reliability,3
0265-PSUAE,No,Not Churned,4
0463-TXOAK,No,Not Churned,4
0594-UFTUL,No,Not Churned,5
9509-MPYOD,No,Not Churned,4
9128-CPXKI,No,Not Churned,5
0129-KPTWJ,No,Not Churned,3
8166-ZZTFS,Yes,Lack of self-service features,3
5855-EIBDE,No,Not Churned,4
5365-LLFYV,No,Not Churned,4
5956-YHHRX,No,Not Churned,5
6008-NAIXK,No,Not Churned,4
2956-GGUCQ,Yes,Price too high,2
1928-BXYIV,No,Not Churned,3
5760-FXFVO,No,Not Churned,5
6595-COKXZ,Yes,Network reliability,3
0961-ZWLVI,No,Not Churned,3
5181-OABFK,No,Not Churned,5
4007-NHVHI,No,Not Churned,4
7816-VGHTO,No,Not Churned,4
5871-DGTXZ,No,Not Churned,3
7550-WIQVA,No,Not Churned,5
7544-ZVIKX,No,Not Churned,4
0016-QLJIS,No,Not Churned,5
7508-DQAKK,No,Not Churned,4
5176-OLSKT,No,Not Churned,4
9356-AXGMP,No,Not Churned,4
3556-BVQGL,No,Not Churned,3
0362-ZBZWJ,Yes,Network reliability,1
8979-CAMGB,No,Not Churned,5
4211-MMAZN,Yes,Moved out of coverage area,3
7581-EBBOU,No,Not Churned,4
4274-OWWYO,Yes,Price too high,1
5073-RZGBK,No,Not Churned,3
1541-ETJZO,Yes,Price too high,2
2192-CKRLV,No,Not Churned,4
3154-HMWUU,No,Not Churned,5
6119-SPUDB,No,Not Churned,3
6522-OIQSX,No,Not Churned,5
7813-ZGGAW,No,Not Churned,5
8748-HFWBO,No,Not Churned,5
1052-QJIBV,No,Not Churned,4
1319-YLZJG,No,Not Churned,5
4106-HADHQ,Yes,Network reliability,1
0723-FDLAY,No,Not Churned,3
3050-RLLXC,No,Not Churned,3
9298-WGMRW,No,Not Churned,5
2369-UAPKZ,Yes,Competitor made better offer,1
3088-LHEFH,No,Not Churned,4
2778-OCLGR,Yes,Network reliability,1
6583-KQJLK,No,Not Churned,3
8544-JNBOX,No,Not Churned,4
6681-ZSEXG,No,Not Churned,3
6139-ZZRBQ,No,Not Churned,4
6116-RFVHN,No,Not Churned,5
0637-KVDLV,Yes,Competitor offered higher download speed,1
8884-FEEWR,No,Not Churned,5
3125-RAHBV,No,Not Churned,5
6633-MPWBS,Yes,Network reliability,1
0373-AIVNJ,No,Not Churned,3
8785-EPNCG,Yes,Lack of self-service features,2
1682-VCOIO,No,Not Churned,4
5729-KLZAR,Yes,Moved out of coverage area,2
2072-ZVJJX,No,Not Churned,4
8849-AYPTR,No,Not Churned,5
9518-IMLHK,No,Not Churned,4
1582-RAFML,Yes,Moved out of coverage area,1
3646-ITDGM,No,Not Churned,5
8740-CRYFY,Yes,Network reliability,1
3569-VLDHH,No,Not Churned,3
8224-KDLKN,No,Not Churned,4
7594-LZNWR,No,Not Churned,5
4001-TSBTV,No,Not Churned,5
2962-XPMCQ,Yes,Moved out of coverage area,1
8727-XDPUD,No,Not Churned,5
1043-UXOVO,No,Not Churned,4
1064-FBXNK,No,Not Churned,4
3996-ZNWYK,No,Not Churned,5
2878-DHMIN,No,Not Churned,3
7762-ONLJY,No,Not Churned,4
1678-FYZOW,Yes,Moved out of coverage area,1
5795-BKOYE,No,Not Churned,4
8627-EHGIP,Yes,Competitor offered higher download speed,2
7402-PWYJJ,No,Not Churned,5
5480-TBGPH,Yes,Network reliability,1
0018-NYROU,No,Not Churned,5
7501-VTYLJ,No,Not Churned,4
7608-RGIRO,No,Not Churned,5
0480-BIXDE,No,Not Churned,5
5895-QSXOD,No,Not Churned,5
9814-AOUDH,No,Not Churned,4
6175-IRFIT,No,Not Churned,4
8760-ZRHKE,No,Not Churned,5
1622-HSHSF,No,Not Churned,4
8854-CCVSQ,Yes,Price too high,1
6749-UTDVX,No,Not Churned,5
5542-DHSXL,No,Not Churned,5
9102-OXKFY,No,Not Churned,5
0511-JTEOY,Yes,Competitor made better offer,2
5216-WASFJ,No,Not Churned,5
7808-DVWEP,No,Not Churned,5
7067-KSAZT,Yes,Price too high,2
2284-VFLKH,No,Not Churned,5
0366-NQSHS,No,Not Churned,4
6532-YLWSI,Yes,Attitude of support person,1
3807-BPOMJ,No,Not Churned,4
3892-NXAZG,No,Not Churned,4
4948-WBBKL,No,Not Churned,4
4182-BGSIQ,No,Not Churned,4
9300-AGZNL,Yes,Lack of self-service features,2
0988-AADSA,No,Not Churned,4
9972-NKTFD,No,Not Churned,5
3717-LNXKW,No,Not Churned,5
5734-EJKXG,No,Not Churned,4
2207-RYYRL,No,Not Churned,4
6729-FZWSY,No,Not Churned,4
9695-IDRZR,No,Not Churned,5
8144-DGHXP,No,Not Churned,5
7814-LEEVE,No,Not Churned,5
1112-CUNAO,Yes,Attitude of support person,1
5175-AOBHI,Yes,Competitor offered higher download speed,1
5174-RNGBH,Yes,Competitor made better offer,1
8631-WUXGY,No,Not Churned,5
7270-BDIOA,Yes,Price too high,2
9565-JSNFM,Yes,Lack of self-service features,1
5906-DVAPM,No,Not Churned,3
6654-QGBZZ,No,Not Churned,5
8348-JLBUG,No,Not Churned,5
0607-DAAHE,Yes,Price too high,1
5641-DMBFJ,No,Not Churned,4
9200-NLNPD,No,Not Churned,5
2664-XJZNO,No,Not Churned,5
9732-KPKBW,Yes,Moved out of coverage area,1
3339-EAQNV,No,Not Churned,5
0921-OHLVP,No,Not Churned,5
3389-YGYAI,Yes,Price too high,1
9560-ARGQJ,Yes,Lack of self-service features,2
8350-NYMVI,No,Not Churned,5
1600-DILPE,No,Not Churned,4
0536-ESJEP,No,Not Churned,5
4654-GGUII,No,Not Churned,5
6478-HRRCZ,No,Not Churned,4
8510-BBWMU,No,Not Churned,4
6857-TKDJV,No,Not Churned,5
2360-RDGRO,No,Not Churned,5
0584-BJQGZ,No,Not Churned,3
5134-IKDAY,Yes,Competitor made better offer,1
1360-XFJMR,No,Not Churned,3
3070-DVEYC,Yes,Attitude of support person,2
5730-RIITO,No,Not Churned,3
9058-MJLZC,No,Not Churned,5
5707-ORNDZ,Yes,Competitor offered higher download speed,2
0902-XKXPN,No,Not Churned,5
5177-RVZNU,No,Not Churned,4
0056-EPFBG,No,Not Churned,5
8993-IZEUX,No,Not Churned,5
8696-JKZNU,Yes,Network reliability,3
5380-AFSSK,Yes,Price too high,1
8190-ZTQFB,No,Not Churned,5
0931-MHTEM,No,Not Churned,4
2055-PDADH,Yes,Attitude of support person,1
7515-LODFU,No,Not Churned,5
0440-UEDAI,No,Not Churned,4
1337-BOZWO,No,Not Churned,5
0868-VJRDR,No,Not Churned,4
8714-EUHJO,Yes,Competitor offered higher download speed,2
6344-SFJVH,No,Not Churned,5
3950-VPYJB,No,Not Churned,4
8041-TMEID,No,Not Churned,4
7321-ZNSLA,No,Not Churned,5
6941-KXRRV,No,Not Churned,4
3721-CNEYS,Yes,Price too high,1
8727-JQFHV,No,Not Churned,5
9475-NNDGC,No,Not Churned,3
1355-KUSBG,No,Not Churned,5
3688-FTHLT,No,Not Churned,3
0899-LIIBW,No,Not Churned,3
2568-OIADY,Yes,Moved out of coverage area,1
1384-RCUXW,No,Not Churned,4
5825-XJOCM,No,Not Churned,5
6848-YLDFR,No,Not Churned,3
8125-QPFJD,No,Not Churned,3
2320-YKQBO,No,Not Churned,4
1193-RTSLK,Yes,Lack of self-service features,2
2302-ANTDP,Yes,Price too high,2
5923-GXUOC,Yes,Moved out of coverage area,2
4973-RLZVI,No,Not Churned,4
7869-ZYDST,No,Not Churned,3
4501-UYKBC,No,Not Churned,5
1215-EXRMO,No,Not Churned,5
2305-MRGLV,No,Not Churned,5
8404-VIOMB,No,Not Churned,3
5233-GEEAX,Yes,Moved out of coverage area,1
2359-KLTEK,No,Not Churned,4
5304-EFJLP,No,Not Churned,5
2673-ZALNP,No,Not Churned,5
9184-GALIL,No,Not Churned,5
4393-RYCRE,No,Not Churned,4
9746-MDMBK,No,Not Churned,4
3162-ZJZFU,No,Not Churned,4
8404-GFGCZ,No,Not Churned,4
8875-AKBYH,No,Not Churned,5
4432-ADRLB,Yes,Lack of self-service features,2
0533-UCAAU,No,Not Churned,5
1394-SUIUH,No,Not Churned,5
3521-MNKLV,No,Not Churned,5
2533-TIBIX,No,Not Churned,5
8993-PHFWD,Yes,Lack of self-service features,1
1565-RHDJD,Yes,Lack of self-service features,1
7137-RYLPP,Yes,Price too high,2
3765-JXVKY,Yes,Competitor made better offer,2
5092-STPKP,No,Not Churned,4
7330-WZLNC,Yes,Competitor made better offer,2
0114-PEGZZ,No,Not Churned,3
3359-DSRKA,No,Not Churned,5
8639-NHQEI,No,Not Churned,5
7161-DFHUF,No,Not Churned,5
3957-LXOLK,Yes,Price too high,1
3720-DBRWL,No,Not Churned,5
6635-MYYYZ,Yes,Price too high,1
8565-WUXZU,No,Not Churned,5
5281-BUZGT,Yes,Attitude of support person,2
4994-OBRSZ,No,Not Churned,4
0562-FGDCR,No,Not Churned,4
2436-QBZFP,No,Not Churned,5
3420-YJLQT,No,Not Churned,4
6040-CGACY,No,Not Churned,4
6582-PLFUU,No,Not Churned,3
8242-PDSGJ,No,Not Churned,4
0264-CNITK,No,Not Churned,5
0089-IIQKO,No,Not Churned,5
7839-NUIAA,No,Not Churned,4
6075-QMNRR,No,Not Churned,4
5378-IKEEG,Yes,Competitor offered higher download speed,1
5966-EMAZU,No,Not Churned,4
0440-EKDCF,No,Not Churned,5
4774-HHGGS,No,Not Churned,4
2718-GAXQD,Yes,Moved out of coverage area,2
2055-BFOCC,No,Not Churned,4
8180-AKMJV,No,Not Churned,4
4298-OYIFC,No,Not Churned,4
5566-SOEZD,No,Not Churned,4
9842-EFSYY,No,Not Churned,5
2272-WUSPA,No,Not Churned,5
4584-LBNMK,No,Not Churned,5
3898-GUYTS,No,Not Churned,5
0930-EHUZA,No,Not Churned,3
6413-XKKPU,Yes,Competitor made better offer,1
9975-SKRNR,No,Not Churned,4
3703-KBKZP,No,Not Churned,5
1449-XQEMT,Yes,Competitor made better offer,2
2626-URJFX,Yes,Lack of self-service features,2
4973-MGTON,No,Not Churned,5
3682-YEUWS,No,Not Churned,3
1223-UNPKS,No,Not Churned,3
2612-RRIDN,Yes,Attitude of support person,1
4735-ASGMA,Yes,Competitor made better offer,1
3446-QDSZF,No,Not Churned,3
3669-LVWZB,Yes,Competitor offered higher download speed,1
6892-EZDTG,Yes,Price too high,1
5117-IFGPS,No,Not Churned,3
7379-FNIUJ,No,Not Churned,5
1627-AFWVJ,No,Not Churned,5
9725-SCPZG,Yes,Competitor offered higher download speed,1
5884-GCYMI,Yes,Price too high,1
3217-FZDMN,Yes,Attitude of support person,2
4486-EFAEB,No,Not Churned,4
0060-FUALY,No,Not Churned,4
7853-GVUDZ,Yes,Competitor offered higher download speed,2
7480-QNVZJ,Yes,Network reliability,3
6954-OOYZZ,No,Not Churned,5
7088-FBAWU,No,Not Churned,4
8313-AFGBW,No,Not Churned,5
3943-KDREE,Yes,Lack of self-service features,1
9239-ZBZZV,Yes,Moved out of coverage area,1
3097-IDVPU,No,Not Churned,5
4398-HSCJH,Yes,Lack of self-service features,2
2197-OMWGI,No,Not Churned,5
2303-PJYHN,No,Not Churned,4
9795-VOWON,No,Not Churned,5
1237-WIYYZ,No,Not Churned,4
1987-AUELQ,No,Not Churned,4
7852-LECYP,No,Not Churned,4
4430-UZIPO,Yes,Attitude of support person,1
4822-LPTYJ,No,Not Churned,5
8165-CBKXO,No,Not Churned,5
6527-PZFPV,No,Not Churned,4
4855-SNKMY,Yes,Competitor made better offer,1
9593-CVZKR,No,Not Churned,4
8595-SIZNC,No,Not Churned,4
8008-HAWED,Yes,Lack of self-service features,3
7124-UGSUR,Yes,Competitor offered higher download speed,1
1862-SKORY,Yes,Network reliability,2
5236-XMZJY,No,Not Churned,5
4827-DPADN,No,Not Churned,5
2694-CIUMO,No,Not Churned,4
5846-ABOBJ,No,Not Churned,4
1439-LCGVL,No,Not Churned,5
0909-SDHNU,No,Not Churned,5
4647-XXZAM,No,Not Churned,3
1502-XFCVR,Yes,Moved out of coverage area,1
7740-KKCXF,No,Not Churned,3
5360-XGYAZ,No,Not Churned,4
9692-TUSXH,Yes,Network reliability,2
7912-SYRQT,Yes,Moved out of coverage area,1
3557-HTYWR,No,Not Churned,4
4816-JBHOV,Yes,Attitude of support person,2
8920-NAVAY,No,Not Churned,5
1699-TLDLZ,No,Not Churned,5
5600-PDUJF,No,Not Churned,5
8292-TYSPY,Yes,Lack of self-service features,1
0567-XRHCU,No,Not Churned,4
1867-BDVFH,Yes,Competitor offered higher download speed,1
2067-QYTCF,No,Not Churned,4
2359-QWQUL,Yes,Competitor made better offer,1
9103-TCIHJ,Yes,Price too high,2
7407-SUJIZ,No,Not Churned,5
9150-KPBJQ,No,Not Churned,4
0052-DCKON,No,Not Churned,5
3654-ARMGP,No,Not Churned,5
9699-UBQFS,No,Not Churned,3
9367-TCUYN,No,Not Churned,4
1261-FWTTE,No,Not Churned,5
3528-HFRIQ,No,Not Churned,4
0708-SJDIS,No,Not Churned,5
4140-WJAWW,Yes,Moved out of coverage area,1
2073-QBVBI,No,Not Churned,4
6928-ONTRW,No,Not Churned,4
3320-VEOYC,No,Not Churned,4
5231-FIQPA,No,Not Churned,3
6617-WLBQC,No,Not Churned,4
2599-CIPQE,No,Not Churned,5
6653-CBBOM,Yes,Attitude of support person,2
8774-GSBUN,No,Not Churned,5
7326-RIGQZ,No,Not Churned,5
1401-FTHFQ,No,Not Churned,5
3247-ZVOUO,Yes,Competitor made better offer,1
0254-FNMCI,No,Not Churned,5
1848-LBZHY,No,Not Churned,5
6101-IMRMM,Yes,Competitor offered higher download speed,1
8118-TJAFG,No,Not Churned,4
5429-LWCMV,No,Not Churned,5
7298-IZWLY,No,Not Churned,3
9758-MFWGD,No,Not Churned,4
3955-JBZZM,No,Not Churned,5
1268-ASBGA,Yes,Attitude of support person,2
8943-URTMR,Yes,Price too high,1
4815-TUMEQ,No,Not Churned,3
4713-LZDRV,Yes,Competitor made better offer,2
9909-IDLEK,No,Not Churned,4
4092-OFQZS,No,Not Churned,4
1561-BWHIN,No,Not Churned,5
4325-NFSKC,Yes,Network reliability,3
9927-DSWDF,No,Not Churned,4
9500-LTVBP,No,Not Churned,4
7252-NTGSS,No,Not Churned,3
8149-AIQCG,No,Not Churned,4
1360-JYXKQ,No,Not Churned,4
2955-PSXOE,Yes,Competitor offered higher download speed,1
7762-URZQH,Yes,Lack of self-service features,1
0899-WZRSD,No,Not Churned,4
3255-GRXMG,No,Not Churned,4
4828-FAZPK,No,Not Churned,5
6094-ZIVKX,No,Not Churned,4
6925-BAYGL,No,Not Churned,4
3262-EIDHV,No,Not Churned,5
7354-OIJLX,No,Not Churned,3
1376-HHBDV,No,Not Churned,3
6907-NZZIJ,Yes,Competitor made better offer,3
6133-OZILE,No,Not Churned,4
4135-FRWKJ,No,Not Churned,4
2911-UREFD,Yes,Network reliability,2
3744-ZRRDZ,Yes,Moved out of coverage area,1
5673-TIYIB,Yes,Attitude of support person,1
6551-ZCOTS,No,Not Churned,4
7191-ADRGF,No,Not Churned,4
5018-LXQQG,No,Not Churned,3
6892-BOGQE,No,Not Churned,4
1602-IJQQE,Yes,Network reliability,3
4628-WQCQQ,Yes,Competitor made better offer,2
1746-TGTWV,No,Not Churned,5
5995-SNNEW,No,Not Churned,5
8050-WYBND,No,Not Churned,4
2821-WARNZ,No,Not Churned,5
4879-GZLFH,No,Not Churned,4
1644-IRKSF,Yes,Moved out of coverage area,1
8314-HTWVE,No,Not Churned,4
9402-ROUMJ,No,Not Churned,4
2507-QZPQS,No,Not Churned,5
7159-NOKYQ,No,Not Churned,4
5707-ZMDJP,No,Not Churned,4
8779-YIQQA,No,Not Churned,4
7136-IHZJA,No,Not Churned,5
8966-OIQHG,No,Not Churned,4
7074-STDCN,No,Not Churned,5
3705-PSNGL,Yes,Competitor made better offer,3
8739-QOTTN,No,Not Churned,4
1399-OUPJN,No,Not Churned,4
0277-BKSQP,No,Not Churned,4
6502-HCJTI,Yes,Attitude of support person,1
2606-RMDHZ,Yes,Price too high,1
5774-XZTQC,No,Not Churned,4
2676-SSLTO,No,Not Churned,4
6266-QHOJZ,No,Not Churned,4
7269-JISCY,No,Not Churned,3
0363-SVHYR,No,Not Churned,3
8547-NSBBO,No,Not Churned,3
8258-GSTJK,Yes,Competitor offered higher download speed,3
6861-OKBCE,Yes,Moved out of coverage area,3
9940-RHLFB,Yes,Competitor made better offer,2
6591-QGOYB,No,Not Churned,3
9070-BCKQP,No,Not Churned,5
6421-SZVEM,No,Not Churned,3
1328-EUZHC,No,Not Churned,4
2995-UPRYS,Yes,Network reliability,1
8878-RYUKI,No,Not Churned,5
9633-DENPU,No,Not Churned,4
7811-JIVPF,No,Not Churned,5
7113-HIPFI,No,Not Churned,4
8541-QVFKM,No,Not Churned,4
6686-YPGHK,Yes,Network reliability,1
1383-EZRWL,Yes,Attitude of support person,1
9258-CNWAC,No,Not Churned,4
5371-VYLSX,No,Not Churned,5
6374-AFWOX,No,Not Churned,4
4759-TRPLW,Yes,Network reliability,2
5317-FLPJF,No,Not Churned,3
7621-VPNET,No,Not Churned,4
6034-YMTOB,No,Not Churned,4
8563-IIOXK,Yes,Attitude of support person,1
4903-CNOZC,No,Not Churned,5
4353-HYOJD,No,Not Churned,4
8020-BWHYL,Yes,Competitor offered higher download speed,1
7267-FRMJW,No,Not Churned,3
2982-VPSGI,Yes,Competitor made better offer,1
4188-FRABG,No,Not Churned,4
8199-ZLLSA,Yes,Attitude of support person,3
4128-ETESU,No,Not Churned,5
0620-DLSLK,No,Not Churned,5
4625-EWPTF,Yes,Price too high,1
5980-NOPLP,Yes,Moved out of coverage area,3
3850-OKINF,No,Not Churned,4
6892-XPFPU,Yes,Attitude of support person,1
8010-EZLOU,Yes,Network reliability,2
1156-ZFYDO,No,Not Churned,5
3295-YVUSR,No,Not Churned,5
8016-NCFVO,No,Not Churned,4
4119-ZYPZY,No,Not Churned,4
5549-ZGHFB,No,Not Churned,4
7577-SWIFR,No,Not Churned,3
0303-WMMRN,No,Not Churned,5
6408-OTUBZ,No,Not Churned,4
5204-HMGYF,No,Not Churned,4
1078-TDCRN,No,Not Churned,4
3727-OVPRY,No,Not Churned,3
3797-FKOGQ,No,Not Churned,5
7622-NXQZR,No,Not Churned,5
6196-HBOBZ,No,Not Churned,5
3970-XGJDU,No,Not Churned,4
7017-VFULY,No,Not Churned,4
5562-YJQGT,No,Not Churned,4
8807-OPMBM,No,Not Churned,3
5439-WIKXB,No,Not Churned,4
9874-QLCLH,Yes,Moved out of coverage area,1
8294-UIMBA,No,Not Churned,4
8109-YUOHE,No,Not Churned,5
5840-NVDCG,No,Not Churned,5
8092-NLTGF,No,Not Churned,5
5928-QLDHB,No,Not Churned,3
9840-EFJQB,No,Not Churned,5
0696-UKTOX,No,Not Churned,4
4801-KFYKL,No,Not Churned,3
3472-OAOOR,No,Not Churned,4
6135-OZQVA,No,Not Churned,5
8062-YBDOE,Yes,Lack of self-service features,1
2252-JHJGE,No,Not Churned,4
4188-PCPIG,No,Not Churned,4
6000-APYLU,Yes,Attitude of support person,1
7105-BENQF,No,Not Churned,3
7721-DVEKZ,No,Not Churned,4
3566-VVORZ,No,Not Churned,5
9507-HSMMZ,No,Not Churned,5
2480-SQIOB,No,Not Churned,4
0947-IDHRQ,Yes,Lack of self-service features,2
7813-TKCVO,No,Not Churned,5
0128-MKWSG,No,Not Churned,5
3672-YITQD,Yes,Network reliability,1
4350-ZTLPI,No,Not Churned,4
9048-JVYVF,Yes,Competitor offered higher download speed,3
0361-HJRDX,No,Not Churned,4
5727-MYATE,No,Not Churned,5
3823-KYNQY,No,Not Churned,4
8988-ECPJR,Yes,Lack of self-service features,2
7570-WELNY,No,Not Churned,4
3021-VLNRJ,No,Not Churned,3
3776-EKTKM,Yes,Price too high,1
2080-CAZNM,No,Not Churned,5
1028-FFNJK,No,Not Churned,5
6907-FLBER,No,Not Churned,5
3001-UNBTL,No,Not Churned,5
5982-PSMKW,No,Not Churned,5
3507-GASNP,No,Not Churned,5
7096-ZNBZI,No,Not Churned,5
1902-XBTFB,Yes,Lack of self-service features,1
1676-MQAOA,No,Not Churned,3
0786-IVLAW,No,Not Churned,5
7566-DSRLQ,No,Not Churned,4
0643-OKLRP,Yes,Moved out of coverage area,1
7245-JMTTQ,No,Not Churned,3
6050-IJRHS,No,Not Churned,5
6202-JVYEU,No,Not Churned,3
8591-TKMZH,No,Not Churned,4
0734-OXWBT,No,Not Churned,3
4282-ACRXS,No,Not Churned,4
0365-TRTPY,No,Not Churned,3
7349-ALMUX,No,Not Churned,4
9381-NDKME,Yes,Moved out of coverage area,2
6502-KUGLL,No,Not Churned,4
1841-YSJGV,No,Not Churned,5
2794-XIMMO,Yes,Competitor made better offer,1
8382-SHQEH,Yes,Competitor offered higher download speed,2
3511-BFTJW,No,Not Churned,3
7668-XCFYV,No,Not Churned,4
2983-ZANRP,Yes,Competitor made better offer,1
7845-URHJN,Yes,Moved out of coverage area,1
3034-ZBEQN,Yes,Network reliability,2
5018-HEKFO,No,Not Churned,4
2923-ARZLG,No,Not Churned,4
3976-NLDEZ,No,Not Churned,3
2282-YGNOR,No,Not Churned,5
5336-UFNZP,No,Not Churned,5
6854-EXGSF,No,Not Churned,5
1241-EZFMJ,No,Not Churned,4
9233-PSYHO,No,Not Churned,5
5376-PCKNB,No,Not Churned,5
8044-BGWPI,No,Not Churned,5
4060-LDNLU,No,Not Churned,5
3589-PPVKW,No,Not Churned,4
8327-LZKAS,Yes,Network reliability,3
5887-IKKYO,No,Not Churned,3
1075-BGWOH,Yes,Network reliability,2
1755-RMCXH,No,Not Churned,4
0302-JOIVN,Yes,Price too high,1
3858-XHYJO,No,Not Churned,5
4299-SIMNS,No,Not Churned,4
7025-IWFHT,No,Not Churned,4
6261-LHRTG,No,Not Churned,4
7841-FCRQD,No,Not Churned,3
2056-EVGZL,No,Not Churned,5
8777-MBMTS,No,Not Churned,5
7753-USQYQ,No,Not Churned,5
5366-IJEQJ,Yes,Network reliability,3
7661-CPURM,No,Not Churned,4
6233-HXJMX,No,Not Churned,4
5902-WBLSE,No,Not Churned,5
1981-INRFU,Yes,Moved out of coverage area,2
4971-PUYQO,Yes,Price too high,2
3239-TPHPZ,No,Not Churned,4
5115-GZDEL,No,Not Churned,5
3338-CVVEH,No,Not Churned,5
8485-GJCDN,Yes,Moved out of coverage area,2
2615-YVMYX,No,Not Churned,5
2851-STERV,No,Not Churned,4
4393-GEADV,No,Not Churned,4
8486-AYEQH,No,Not Churned,4
1527-SXDPN,Yes,Lack of self-service features,1
6029-WTIPC,Yes,Competitor made better offer,1
8634-CILSZ,Yes,Lack of self-service features,2
5419-JKZNQ,No,Not Churned,4
2495-KZNFB,No,Not Churned,3
1409-PHXTF,No,Not Churned,4
4560-WQAQW,No,Not Churned,4
9591-YVTEB,No,Not Churned,4
9309-BZGNT,No,Not Churned,5
4274-DRSQT,No,Not Churned,4
2027-DNKIV,No,Not Churned,4
8075-GXIUB,No,Not Churned,5
2885-HIJDH,No,Not Churned,3
5424-RLQLC,No,Not Churned,5
6682-QJDGB,Yes,Price too high,1
6507-DTJZV,No,Not Churned,4
8780-IXSTS,Yes,Attitude of support person,1
7673-BQGKU,No,Not Churned,4
6723-WSNTY,No,Not Churned,4
9530-EHPOH,Yes,Attitude of support person,2
2725-IWWBA,No,Not Churned,5
0345-HKJVM,Yes,Attitude of support person,1
1061-PNTHC,No,Not Churned,4
0394-YONDK,No,Not Churned,4
6574-MCOEH,No,Not Churned,3
7399-QHBJS,No,Not Churned,4
3049-SOLAY,Yes,Attitude of support person,2
0997-YTLNY,No,Not Churned,5
3317-HRTNN,Yes,Competitor offered higher download speed,1
9479-HYNYL,No,Not Churned,5
3235-ETOOB,Yes,Attitude of support person,3
9708-KFDBY,No,Not Churned,4
8058-INTPH,Yes,Attitude of support person,1
3642-GKTCT,No,Not Churned,5
0774-RMNUW,No,Not Churned,4
1334-PDUKM,No,Not Churned,5
0756-MPZRL,No,Not Churned,4
2242-MFOTG,No,Not Churned,4
2927-CVULT,No,Not Churned,4
2144-BFDSO,No,Not Churned,3
8745-PVESG,No,Not Churned,4
7647-GYYKX,No,Not Churned,4
5647-FXOTP,No,Not Churned,3
5569-OUICF,Yes,Attitude of support person,1
8821-XNHVZ,Yes,Price too high,1
2082-OJVTK,Yes,Price too high,3
9700-ISPUP,No,Not Churned,3
9839-ETQOE,No,Not Churned,5
6078-VESFR,No,Not Churned,5
9027-TMATR,No,Not Churned,4
5940-NFXKV,Yes,Moved out of coverage area,2
1941-HOSAM,No,Not Churned,4
9110-HSGTV,No,Not Churned,4
0704-VCUMB,No,Not Churned,5
6171-ZTVYB,No,Not Churned,4
8053-WWDRO,Yes,Moved out of coverage area,3
9564-KCLHR,Yes,Attitude of support person,1
1935-IMVBB,No,Not Churned,4
2535-PBCGC,No,Not Churned,3
2082-CEFLT,Yes,Lack of self-service features,1
1470-PSXNM,No,Not Churned,3
1213-NGCUN,Yes,Network reliability,1
2498-XLDZR,No,Not Churned,4
9866-OCCKE,No,Not Churned,5
5338-YHWYT,No,Not Churned,5
7718-UPSKJ,No,Not Churned,4
8731-WBBMB,No,Not Churned,3
1448-CYWKC,No,Not Churned,4
7901-IIDQV,No,Not Churned,4
2690-DVRVK,No,Not Churned,4
5688-KZTSN,Yes,Price too high,1
1270-XKUCC,No,Not Churned,5
0334-ZFJSR,No,Not Churned,4
2894-QOJRX,Yes,Network reliability,1
5747-PMBSQ,Yes,Competitor offered higher download speed,1
5583-EJXRD,No,Not Churned,4
4565-EVZMJ,No,Not Churned,3
3143-JQEGI,Yes,Lack of self-service features,1
6386-SZZKH,Yes,Lack of self-service features,1
3327-YBAKM,No,Not Churned,4
9441-QHEVC,No,Not Churned,4
6705-LNMDD,No,Not Churned,5
2580-ASVVY,No,Not Churned,4
3370-GQEAL,No,Not Churned,3
5032-USPKF,No,Not Churned,4
2982-IHMFT,Yes,Competitor made better offer,2
3521-SYVOR,Yes,Moved out of coverage area,3
4254-QPEDE,No,Not Churned,5
6283-GITPX,No,Not Churned,4
9526-JAWYF,Yes,Price too high,2
0771-CHWSK,No,Not Churned,4
9788-HNGUT,No,Not Churned,4
9495-REDIY,No,Not Churned,3
5375-XLDOF,No,Not Churned,4
1172-VIYBP,No,Not Churned,4
5649-VUKMC,Yes,Moved out of coverage area,3
6559-PDZLR,No,Not Churned,4
8992-OBVDG,No,Not Churned,3
4273-MBHYA,No,Not Churned,5
4724-WXVWF,No,Not Churned,4
5701-GUXDC,No,Not Churned,4
1460-UZPRJ,No,Not Churned,4
6082-GLJIX,No,Not Churned,5
5143-EGQFK,Yes,Attitude of support person,2
4919-IKATY,Yes,Attitude of support person,1
2495-TTHBQ,No,Not Churned,5
0485-ZBSLN,No,Not Churned,3
3810-PJUHR,No,Not Churned,5
9050-QLROH,Yes,Network reliability,1
0847-HGRML,No,Not Churned,4
8232-CTLKO,No,Not Churned,3
9227-YBAXE,No,Not Churned,4
6168-WFVVF,Yes,Attitude of support person,1
9860-LISIZ,No,Not Churned,3
0112-QAWRZ,No,Not Churned,5
0877-SDMBN,Yes,Attitude of support person,2
2786-GCDPI,No,Not Churned,5
4043-MKDTV,No,Not Churned,3
8065-YKXKD,Yes,Attitude of support person,1
9637-EIHEQ,Yes,Competitor made better offer,1
9229-RQABD,No,Not Churned,5
8313-KTIHG,No,Not Churned,3
5320-BRKGK,No,Not Churned,4
6284-KMNUF,No,Not Churned,4
9689-PTNPG,Yes,Price too high,2
9465-RWMXL,Yes,Competitor offered higher download speed,2
6229-UOLQL,No,Not Churned,3
2362-IBOOY,Yes,Moved out of coverage area,1
3137-LUPIX,No,Not Churned,4
0843-WTBXE,Yes,Price too high,1
6143-JQKEA,No,Not Churned,5
8676-OOQEJ,No,Not Churned,3
5515-IDEJJ,Yes,Competitor made better offer,2
9701-CDXHR,No,Not Churned,5
7450-NWRTR,Yes,Network reliability,1
8124-NZVGJ,No,Not Churned,4
2162-FRZAA,No,Not Churned,4
5376-DEQCP,Yes,Attitude of support person,2
5118-MUEYH,No,Not Churned,4
9095-HFAFX,Yes,Network reliability,2
5627-TVBPP,No,Not Churned,4
2379-ENZGV,Yes,Lack of self-service features,2
3936-QQFLL,No,Not Churned,3
2589-AYCRP,No,Not Churned,5
4067-HLYQI,No,Not Churned,3
5124-EOGYE,No,Not Churned,4
5057-RKGLH,No,Not Churned,4
0292-WEGCH,No,Not Churned,5
8910-ICHIU,No,Not Churned,5
4097-YODCF,No,Not Churned,4
9715-WZCLW,No,Not Churned,5
9786-YWNHU,No,Not Churned,3
6407-GSJNL,No,Not Churned,5
6005-OBZPH,Yes,Competitor offered higher download speed,1
4049-ZPALD,No,Not Churned,5
7932-WPTDS,Yes,Lack of self-service features,3
3733-UOCWF,No,Not Churned,4
6833-JMZYP,No,Not Churned,4
2722-VOJQL,Yes,Network reliability,2
1310-QRITU,No,Not Churned,5
8961-QDZZJ,No,Not Churned,4
9715-SBVSU,No,Not Churned,5
8490-BXHEO,No,Not Churned,3
7173-TETGO,No,Not Churned,4
7929-SKFGK,No,Not Churned,5
2300-RQGOI,No,Not Churned,4
3563-SVYLG,No,Not Churned,5
5228-EXCET,Yes,Attitude of support person,2
6435-VWCCY,No,Not Churned,5
4998-IKFSE,No,Not Churned,4
8630-QSGXK,No,Not Churned,5
2455-USLMV,No,Not Churned,5
7394-FKDNK,Yes,Competitor made better offer,3
9488-FVZCC,No,Not Churned,5
6331-LWDTQ,Yes,Moved out of coverage area,1
5995-WWKKG,No,Not Churned,4
1597-FZREH,Yes,Competitor offered higher download speed,2
7879-CGSFV,No,Not Churned,4
9921-EZKBY,No,Not Churned,5
7432-FFVAR,No,Not Churned,4
7246-ZGQDF,No,Not Churned,4
7000-WCEVQ,Yes,Network reliability,1
0727-IWKVK,Yes,Price too high,1
5959-BELXA,Yes,Moved out of coverage area,1
4456-RHSNB,No,Not Churned,5
3512-IZIKN,Yes,Competitor made better offer,1
2481-SBOYW,No,Not Churned,4
7109-MFBYV,No,Not Churned,5
1833-TCXKK,No,Not Churned,5
1832-PEUTS,No,Not Churned,5
6141-OOXUQ,Yes,Price too high,1
8660-BUETV,No,Not Churned,3
0580-PIQHM,No,Not Churned,3
5696-CEIQJ,No,Not Churned,4
7503-ZGUZJ,Yes,Lack of self-service features,1
1696-HXOWK,No,Not Churned,5
3026-ATZYV,No,Not Churned,5
4012-YCFAI,No,Not Churned,5
2506-TNFCO,Yes,Competitor offered higher download speed,1
9970-QBCDA,No,Not Churned,3
8718-PTMEZ,Yes,Price too high,2
9496-IVVRP,No,Not Churned,4
2207-OBZNX,Yes,Attitude of support person,1
2657-VPXTA,No,Not Churned,4
6551-VLJMV,No,Not Churned,4
1221-GHZEP,No,Not Churned,5
9289-LBQVU,No,Not Churned,4
6142-VSJQO,Yes,Moved out of coverage area,1
3458-IDMFK,No,Not Churned,5
6933-FHBZC,No,Not Churned,5
0221-NAUXK,No,Not Churned,4
9770-KXGQU,No,Not Churned,4
6437-UKHMV,Yes,Price too high,1
6538-POCHL,No,Not Churned,4
6726-NNFWD,No,Not Churned,4
3002-WQZWT,No,Not Churned,4
4277-UDIEF,No,Not Churned,5
1208-NBVFH,No,Not Churned,5
4912-PIGUY,No,Not Churned,5
1114-CENIM,Yes,Price too high,3
6060-DRTNL,Yes,Moved out of coverage area,2
2725-TTRIQ,No,Not Churned,5
3374-TTZTK,No,Not Churned,4
8990-ZXLSU,No,Not Churned,5
2275-RBYQS,No,Not Churned,4
8473-VUVJN,Yes,Lack of self-service features,2
6289-CPNLD,Yes,Competitor offered higher download speed,1
5536-SLHPM,Yes,Competitor made better offer,1
4419-UJMUS,No,Not Churned,5
7794-JASDG,No,Not Churned,4
7609-YBPXG,No,Not Churned,5
5519-TEEUH,No,Not Churned,4
7856-GANIL,No,Not Churned,3
0804-XBFBV,No,Not Churned,5
2676-OXPPQ,No,Not Churned,4
3703-TTEPD,No,Not Churned,4
2799-TSLAG,No,Not Churned,5
0196-VULGZ,Yes,Attitude of support person,1
8837-VVWLQ,Yes,Price too high,2
2696-NARTR,Yes,Lack of self-service features,2
2208-NKVVH,No,Not Churned,4
7614-QVWQL,Yes,Moved out of coverage area,1
1976-CFOCS,Yes,Attitude of support person,3
4631-OACRM,Yes,Price too high,1
7139-JZFVG,No,Not Churned,4
4987-GQWPO,No,Not Churned,5
3755-JBMNH,Yes,Attitude of support person,2
1757-TCATG,No,Not Churned,4
6345-ULYRW,Yes,Competitor made better offer,1
4776-XSKYQ,No,Not Churned,5
8048-DSDFQ,No,Not Churned,5
5753-QQWPW,No,Not Churned,5
6010-DDPPW,No,Not Churned,3
1809-DMJHQ,Yes,Price too high,2
6693-FRIRW,No,Not Churned,5
6586-MYGKD,No,Not Churned,4
3173-NVMPX,No,Not Churned,4
0248-PGHBZ,No,Not Churned,4
0623-GDISB,No,Not Churned,4
2892-GESUL,No,Not Churned,3
6923-EFPNL,Yes,Competitor offered higher download speed,1
7472-EQOAV,No,Not Churned,4
9574-RKJIF,Yes,Moved out of coverage area,3
2043-WVTQJ,No,Not Churned,3
8034-RYTVV,No,Not Churned,5
3863-QSTYI,No,Not Churned,4
2619-WFQWU,Yes,Lack of self-service features,1
5044-LRQAQ,No,Not Churned,5
1716-LSAMB,No,Not Churned,3
1333-PBMXB,No,Not Churned,4
6546-OPBBH,No,Not Churned,4
5985-BEHZK,No,Not Churned,5
9127-QRZMH,No,Not Churned,5
5919-VCZYM,No,Not Churned,4
9644-KVCNC,No,Not Churned,4
2137-DQMEV,No,Not Churned,4
8174-LNWMW,No,Not Churned,3
9279-CJEOJ,No,Not Churned,4
7964-VEXDG,No,Not Churned,4
2404-JIBFC,No,Not Churned,5
0778-NELLA,Yes,Moved out of coverage area,1
8029-XYPWT,No,Not Churned,5
4614-NUVZD,Yes,Attitude of support person,1
4632-PAOYU,No,Not Churned,5
3803-KMQFW,Yes,Price too high,2
6804-GDMOI,Yes,Attitude of support person,3
2990-OGYTD,No,Not Churned,3
6646-JPPHA,No,Not Churned,5
9572-MTILT,Yes,Competitor made better offer,1
7658-UYUQS,No,Not Churned,5
7880-XSOJX,No,Not Churned,5
9611-CTWIH,Yes,Lack of self-service features,1
4589-IUAJB,No,Not Churned,5
0329-GTIAJ,Yes,Lack of self-service features,2
8746-BFOAJ,No,Not Churned,5
8457-XIGKN,No,Not Churned,3
6072-NUQCB,No,Not Churned,4
6629-CZTTH,Yes,Network reliability,1
8838-GPHZP,No,Not Churned,5
8750-QWZAJ,No,Not Churned,3
5364-EVNIB,Yes,Competitor made better offer,2
6918-UMQCG,No,Not Churned,5
0675-NCDYU,No,Not Churned,5
6339-DKLMK,No,Not Churned,4
1346-PJWTK,No,Not Churned,5
5088-QZLRL,No,Not Churned,5
8023-QHAIO,No,Not Churned,5
4397-FRLTA,No,Not Churned,4
3057-VJJQE,No,Not Churned,4
5087-SUURX,Yes,Price too high,1
2302-OUZXB,No,Not Churned,5
8133-ANHHJ,No,Not Churned,4
2270-CHBFN,No,Not Churned,5
0013-EXCHZ,Yes,Competitor made better offer,2
5982-FPVQN,No,Not Churned,4
9107-UKCKY,No,Not Churned,5
4654-ULTTN,No,Not Churned,4
5550-VFRLC,Yes,Lack of self-service features,2
5546-BYZSM,No,Not Churned,3
1492-KGETH,No,Not Churned,4
4929-BSTRX,Yes,Moved out of coverage area,2
4163-HFTUK,No,Not Churned,4
8215-NGSPE,No,Not Churned,4
2225-ZRGSG,Yes,Competitor made better offer,1
8859-YSTWS,No,Not Churned,5
5271-YNWVR,Yes,Attitude of support person,2
7601-DHFWZ,No,Not Churned,5
2657-ALMWY,Yes,Moved out of coverage area,1
6330-JKLPC,Yes,Moved out of coverage area,3
4667-OHGKG,Yes,Price too high,1
1998-VHJHK,No,Not Churned,4
1707-HABPF,No,Not Churned,4
1660-HSOOQ,Yes,Price too high,3
7253-UVNDW,Yes,Network reliability,3
0487-VVUVK,No,Not Churned,3
7228-OMTPN,Yes,Network reliability,2
5063-IUOKK,No,Not Churned,5
4508-OEBEY,No,Not Churned,4
0027-KWYKW,No,Not Churned,4
2308-STERM,No,Not Churned,4
5982-XMDEX,No,Not Churned,4
6284-AHOOQ,Yes,Lack of self-service features,2
6051-PTVNS,No,Not Churned,5
2344-JMOGN,Yes,Price too high,1
3799-ISUZQ,Yes,Lack of self-service features,2
2877-VDUER,No,Not Churned,4
9152-AMKAK,No,Not Churned,4
1794-HBQTJ,Yes,Moved out of coverage area,1
9432-VOFYX,No,Not Churned,3
8049-WJCLQ,No,Not Churned,4
6586-PSJOX,No,Not Churned,5
2460-FPSYH,Yes,Attitude of support person,1
9705-ZJBCG,No,Not Churned,4
4818-DRBQT,Yes,Attitude of support person,1
1320-HTRDR,Yes,Price too high,3
6847-KJLTS,No,Not Churned,5
9670-BPNXF,No,Not Churned,5
3913-FCUUW,No,Not Churned,3
3301-VKTGC,No,Not Churned,5
1493-AMTIE,Yes,Lack of self-service features,1
9555-SAHUZ,No,Not Churned,5
0816-TSPHQ,No,Not Churned,3
9932-WBWIK,No,Not Churned,5
4619-EVPHY,No,Not Churned,3
5286-YHCVC,No,Not Churned,4
6424-ELEYH,Yes,Lack of self-service features,1
4391-RESHN,Yes,Competitor offered higher download speed,1
9115-YQHGA,No,Not Churned,4
4462-CYWMH,No,Not Churned,4
8963-MQVYN,No,Not Churned,4
2458-EOMRE,No,Not Churned,4
9334-GWGOW,No,Not Churned,5
6821-BUXUX,Yes,Price too high,2
5028-HTLJB,Yes,Lack of self-service features,1
9801-GDWGV,Yes,Lack of self-service features,1
6542-LWGXJ,No,Not Churned,5
5567-GZKQY,No,Not Churned,3
1222-LRYKO,No,Not Churned,4
2320-JRSDE,Yes,Network reliability,1
2087-QAREY,No,Not Churned,5
0601-WZHJF,Yes,Network reliability,3
4423-JWZJN,No,Not Churned,5
5143-WMWOG,Yes,Moved out of coverage area,1
6490-FGZAT,No,Not Churned,5
5393-RXQSZ,Yes,Lack of self-service features,1
7452-FOLON,No,Not Churned,4
2320-TZRRH,No,Not Churned,4
0231-LXVAP,Yes,Price too high,3
9444-JTXHZ,Yes,Competitor offered higher download speed,1
4942-VZZOM,No,Not Churned,3
5510-BOIUJ,Yes,Network reliability,1
7502-BNYGS,No,Not Churned,4
4291-HYEBC,No,Not Churned,4
6147-CBCRA,No,Not Churned,5
6047-SUHPR,No,Not Churned,3
4471-KXAUH,Yes,Competitor offered higher download speed,1
9752-ZNQUT,No,Not Churned,3
7638-QVMVY,Yes,Moved out of coverage area,1
1576-PFZIW,No,Not Churned,4
5666-MBJPT,No,Not Churned,5
7312-XSBAT,No,Not Churned,4
3096-GKWEB,No,Not Churned,5
2371-JQHZZ,No,Not Churned,4
0674-GCDXG,No,Not Churned,4
1121-QSIVB,No,Not Churned,5
4396-KLSEH,No,Not Churned,4
3244-DCJWY,Yes,Lack of self-service features,2
2824-MYYBN,No,Not Churned,4
0875-CABNR,Yes,Competitor made better offer,1
6345-HOVES,No,Not Churned,5
8318-LCNBW,No,Not Churned,5
6469-QJKZW,No,Not Churned,3
0147-ESWWR,No,Not Churned,5
1217-VASWC,No,Not Churned,3
7812-FZHPE,Yes,Attitude of support person,1
6370-ZVHDV,No,Not Churned,4
5915-DGNVC,No,Not Churned,4
6260-XLACS,No,Not Churned,4
3566-CAAYU,No,Not Churned,4
4983-CCWMC,No,Not Churned,5
9103-CXVOK,No,Not Churned,4
2896-TBNBE,No,Not Churned,5
4797-AXPXK,Yes,Competitor offered higher download speed,1
5229-PRWKT,Yes,Attitude of support person,1
6982-UQZLY,Yes,Lack of self-service features,2
2522-WLNSF,No,Not Churned,4
3841-CONLJ,No,Not Churned,5
5057-LCOUI,Yes,Network reliability,3
0193-ESZXP,Yes,Moved out of coverage area,1
4475-NVTLU,No,Not Churned,3
4369-HTUIF,Yes,Moved out of coverage area,2
9386-LDCZR,No,Not Churned,5
9585-KKMFD,No,Not Churned,3
5399-ZIMKF,No,Not Churned,5
0336-KXKFK,No,Not Churned,4
5619-XZZKR,No,Not Churned,5
3948-FVVRP,No,Not Churned,4
5327-XOKKY,No,Not Churned,4
0983-TATYJ,No,Not Churned,3
1813-JYWTO,No,Not Churned,5
0156-FVPTA,Yes,Network reliability,1
1984-FCOWB,Yes,Competitor made better offer,2
0654-HMSHN,Yes,Network reliability,1
6719-OXYBR,No,Not Churned,5
3312-ZWLGF,No,Not Churned,5
6476-YHMGA,No,Not Churned,3
5287-QWLKY,Yes,Competitor offered higher download speed,1
0795-XCCTE,No,Not Churned,4
0168-XZKBB,No,Not Churned,5
3785-NRHYR,No,Not Churned,4
5196-SGOAK,Yes,Network reliability,2
4537-DKTAL,No,Not Churned,5
7072-MBHEV,No,Not Churned,4
5602-BVFMK,No,Not Churned,4
6297-NOOPG,No,Not Churned,4
1891-UAWWU,Yes,Attitude of support person,1
8204-TIFGJ,No,Not Churned,4
8050-DVOJX,No,Not Churned,5
6108-OQZDQ,Yes,Network reliability,3
0363-QJVFX,Yes,Moved out of coverage area,2
8903-XEBGX,No,Not Churned,5
8169-SAEJD,No,Not Churned,4
9840-DVNDC,Yes,Competitor made better offer,1
1089-XZWHH,No,Not Churned,3
2325-WINES,No,Not Churned,5
6064-ZATLR,No,Not Churned,5
3096-JRDSO,Yes,Moved out of coverage area,1
7824-PANSQ,No,Not Churned,4
8042-JVNFH,Yes,Moved out of coverage area,2
9648-BCHKM,No,Not Churned,4
2888-ADFAO,No,Not Churned,3
8707-HOEDG,No,Not Churned,5
3374-LXDEV,Yes,Price too high,1
4072-IPYLT,No,Not Churned,4
7167-PCEYD,No,Not Churned,5
4936-YPJNK,No,Not Churned,4
1580-BMCMR,No,Not Churned,4
4817-KEQSP,No,Not Churned,5
6408-WHTEF,No,Not Churned,3
9251-AWQGT,No,Not Churned,5
8749-CLJXC,No,Not Churned,4
7989-VCQOH,No,Not Churned,3
5049-GLYVG,Yes,Attitude of support person,2
4199-QHJNM,No,Not Churned,5
8882-TLVRW,No,Not Churned,5
5883-GTGVD,Yes,Competitor made better offer,2
5135-GRQJV,No,Not Churned,3
2384-OVPSA,No,Not Churned,5
1371-WEPDS,No,Not Churned,4
3580-GICBM,No,Not Churned,4
4817-QRJSX,Yes,Competitor offered higher download speed,2
9730-DRTMJ,No,Not Churned,5
4686-UXDML,No,Not Churned,4
3349-ANQNH,No,Not Churned,3
2398-YPMUR,Yes,Competitor made better offer,1
0932-YIXYU,No,Not Churned,5
7480-SPLEF,No,Not Churned,3
7636-XUHWW,No,Not Churned,4
1431-CYWMH,No,Not Churned,5
5937-EORGB,No,Not Churned,3
6349-JDHQP,No,Not Churned,5
5539-HIVAK,No,Not Churned,3
5847-MXBEO,No,Not Churned,5
9985-MWVIX,Yes,Moved out of coverage area,1
4583-PARNH,No,Not Churned,5
1116-FRYVH,No,Not Churned,5
1421-HCERK,No,Not Churned,5
9633-XQABV,No,Not Churned,4
0716-BQNDX,No,Not Churned,5
1265-XTECC,Yes,Lack of self-service features,1
1183-CANVH,No,Not Churned,4
1972-XMUWV,No,Not Churned,4
8679-LZBMD,No,Not Churned,4
3407-JMJQQ,No,Not Churned,4
6252-DFGTK,No,Not Churned,5
1539-LNKHM,No,Not Churned,5
8645-KOMJQ,No,Not Churned,5
0289-IVARM,No,Not Churned,5
9761-XUJWD,No,Not Churned,4
4057-FKCZK,No,Not Churned,5
4291-TPNFG,No,Not Churned,4
6087-YPWHO,No,Not Churned,5
3090-QFUVD,No,Not Churned,3
2237-ZFSMY,Yes,Moved out of coverage area,2
1722-LDZJS,No,Not Churned,5
1818-ESQMW,No,Not Churned,4
4871-JTKJF,Yes,Attitude of support person,2
1415-YFWLT,Yes,Network reliability,1
7401-RUBNK,No,Not Churned,5
0506-YLVKJ,No,Not Churned,5
8661-BOYNW,No,Not Churned,5
6711-VTNRE,Yes,Competitor made better offer,2
4815-GBTCD,No,Not Churned,5
2805-AUFQN,No,Not Churned,4
0980-PVMRC,No,Not Churned,4
7233-DRTRF,No,Not Churned,4
3500-RMZLT,Yes,Lack of self-service features,1
3873-NFTGI,No,Not Churned,5
1162-ECVII,No,Not Churned,4
7048-GXDAY,No,Not Churned,4
8571-ZCMCX,No,Not Churned,4
1169-WCVAK,No,Not Churned,5
4548-SDBKE,Yes,Attitude of support person,1
8066-POXGX,Yes,Lack of self-service features,1
7129-CAKJW,No,Not Churned,4
8695-ARGXZ,No,Not Churned,3
3570-YUEKJ,No,Not Churned,4
4143-OOBWZ,Yes,Price too high,2
1555-HAPSU,No,Not Churned,4
1697-NVVGY,No,Not Churned,3
7854-EKTJL,Yes,Lack of self-service features,2
8464-EETCQ,No,Not Churned,5
2419-FSORS,No,Not Churned,5
8132-YPVBX,No,Not Churned,3
9102-IAYHT,Yes,Network reliability,1
6754-LZUKA,No,Not Churned,3
3422-LYEPQ,Yes,Attitude of support person,1
8099-MZPUJ,No,Not Churned,4
0787-LHDYT,No,Not Churned,4
2642-DTVCO,Yes,Moved out of coverage area,1
0374-IOEGQ,No,Not Churned,5
4361-JEIVL,Yes,Competitor offered higher download speed,2
3197-NNYNB,No,Not Churned,4
3396-DKDEL,No,Not Churned,4
1752-OZXFY,No,Not Churned,4
9066-QRSDU,No,Not Churned,3
9112-WSNPU,No,Not Churned,5
9867-NNXLC,No,Not Churned,5
5321-NTRKC,No,Not Churned,5
1363-TXLSL,Yes,Competitor made better offer,2
9507-EXLTT,Yes,Competitor offered higher download speed,1
3161-GETRM,No,Not Churned,4
0402-OAMEN,No,Not Churned,5
6933-VLYFX,No,Not Churned,4
6754-WKSHP,No,Not Churned,5
9846-GKXAS,Yes,Competitor offered higher download speed,2
6017-PPLPX,Yes,Competitor offered higher download speed,1
4976-LNFVV,No,Not Churned,3
5055-MGMGF,No,Not Churned,5
4641-FROLU,No,Not Churned,5
2862-JVEOY,No,Not Churned,3
2969-QWUBZ,No,Not Churned,4
9822-BIIGN,No,Not Churned,5
2077-MPJQO,No,Not Churned,4
1534-OULXE,No,Not Churned,5
7136-RVDTZ,Yes,Moved out of coverage area,2
2971-SGAFL,No,Not Churned,5
1480-IVEVR,No,Not Churned,4
2905-KFQUV,No,Not Churned,4
4581-SSPWD,Yes,Moved out of coverage area,1
3370-HXOPH,No,Not Churned,4
9391-YZEJW,No,Not Churned,4
9958-MEKUC,No,Not Churned,5
0281-CNTZX,No,Not Churned,4
6927-WTFIV,Yes,Moved out of coverage area,1
4118-CEVPF,No,Not Churned,5
3398-ZOUAA,Yes,Price too high,3
9114-VEPUF,No,Not Churned,5
7876-BEUTG,No,Not Churned,4
2338-BQEZT,No,Not Churned,4
9873-MNDKV,No,Not Churned,4
0378-NHQXU,Yes,Attitude of support person,1
8241-JUIQO,No,Not Churned,4
2194-IIQOF,No,Not Churned,4
4512-ZUIYL,Yes,Lack of self-service features,1
9631-RXVJM,No,Not Churned,5
9584-EXCDZ,No,Not Churned,5
7969-AULMZ,Yes,Competitor made better offer,1
5093-FEGLU,No,Not Churned,4
2621-UDNLU,No,Not Churned,5
7526-IVLYU,No,Not Churned,4
2428-HYUNX,No,Not Churned,5
9214-EKVXR,No,Not Churned,4
3410-MHHUM,No,Not Churned,4
0568-ONFPC,Yes,Lack of self-service features,1
0733-VUNUW,Yes,Competitor offered higher download speed,1
4550-EVXNY,Yes,Attitude of support person,2
2122-YWVYA,No,Not Churned,5
2968-SSGAA,Yes,Network reliability,1
2296-DKZFP,No,Not Churned,3
4844-JJWUY,Yes,Competitor made better offer,1
6777-TGHTM,Yes,Attitude of support person,3
8909-BOLNL,No,Not Churned,3
6603-YRDCJ,No,Not Churned,4
3538-WZPHD,Yes,Moved out of coverage area,3
3229-USWAR,No,Not Churned,3
2138-VFAPZ,No,Not Churned,3
6131-JLWZM,No,Not Churned,4
4785-QRJHC,Yes,Competitor made better offer,2
0269-XFESX,No,Not Churned,3
1709-EJDOX,No,Not Churned,4
4316-XCSLJ,No,Not Churned,4
8610-WFCJF,Yes,Attitude of support person,3
9693-XMUOB,No,Not Churned,3
0383-CLDDA,No,Not Churned,5
4905-JEFDW,Yes,Network reliability,1
2709-UQGNP,No,Not Churned,4
3549-ZTMNH,No,Not Churned,5
7881-INRLC,Yes,Price too high,1
8033-ATFAS,No,Not Churned,4
1635-NZATJ,No,Not Churned,4
0562-HKHML,No,Not Churned,4
8277-RVRSV,No,Not Churned,5
9943-VSZUV,No,Not Churned,4
0117-LFRMW,Yes,Price too high,1
6172-FECYY,Yes,Price too high,2
7054-ENNGU,No,Not Churned,4
1455-HFBXA,No,Not Churned,4
9402-CXWPL,No,Not Churned,4
1628-BIZYP,No,Not Churned,5
1965-AKTSX,Yes,Price too high,3
0082-LDZUE,No,Not Churned,5
4786-UKSNZ,Yes,Competitor made better offer,2
5343-SGUBI,No,Not Churned,4
0856-NAOES,No,Not Churned,5
1976-AZZPJ,No,Not Churned,4
7248-VZQLC,Yes,Competitor offered higher download speed,2
6156-UZDLF,No,Not Churned,4
3099-OONVS,No,Not Churned,3
9500-WBGRP,No,Not Churned,3
5183-KLYEM,No,Not Churned,3
5144-PQCDZ,No,Not Churned,5
8514-VZHEB,No,Not Churned,3
6625-IUTTT,No,Not Churned,5
9355-NPPFS,No,Not Churned,5
0068-FIGTF,No,Not Churned,4
5965-GGPRW,No,Not Churned,4
8035-PWSEV,No,Not Churned,5
2236-HILPA,No,Not Churned,5
1840-BIUOG,No,Not Churned,5
1356-MKYSK,No,Not Churned,3
6080-LNESI,No,Not Churned,3
1830-IPXVJ,No,Not Churned,5
5828-DWPIL,No,Not Churned,4
8398-TBIYD,No,Not Churned,5
0011-IGKFF,Yes,Moved out of coverage area,1
4192-GORJT,Yes,Competitor made better offer,3
6496-SLWHQ,Yes,Lack of self-service features,2
9912-GVSEQ,Yes,Competitor offered higher download speed,1
2931-FSOHN,No,Not Churned,4
9418-RUKPH,No,Not Churned,4
5383-MMTWC,Yes,Lack of self-service features,2
9971-ZWPBF,No,Not Churned,5
4712-AUQZO,No,Not Churned,5
9711-FJTBX,No,Not Churned,5
2908-ZTPNF,No,Not Churned,5
7240-ETPTR,Yes,Competitor made better offer,2
2202-CUYXZ,Yes,Competitor made better offer,1
5995-OIGLP,Yes,Price too high,1
8421-WZOOW,No,Not Churned,5
6261-RCVNS,Yes,Network reliability,1
7951-QKZPL,Yes,Network reliability,2
1414-YADCW,No,Not Churned,4
8756-RDDLT,No,Not Churned,5
2862-PFNIK,No,Not Churned,5
5816-QVHRX,No,Not Churned,5
4430-YHXGG,No,Not Churned,5
6888-SBYAI,No,Not Churned,3
7395-XWZOY,No,Not Churned,4
7169-YWAMK,No,Not Churned,4
3640-PHQXK,Yes,Lack of self-service features,1
6877-LGWXO,Yes,Lack of self-service features,3
6859-RKMZJ,No,Not Churned,4
2729-VNVAP,No,Not Churned,4
2957-JIRMN,No,Not Churned,5
2049-BAFNW,No,Not Churned,5
3842-QTGDL,No,Not Churned,5
7163-OCEQI,No,Not Churned,4
9782-LGXMC,No,Not Churned,3
5975-BAICR,No,Not Churned,4
8019-ENHXU,Yes,Network reliability,2
5167-GBFRE,Yes,Attitude of support person,1
9033-EOXWV,Yes,Lack of self-service features,1
4673-KKSLS,No,Not Churned,5
4853-OITSN,No,Not Churned,5
9800-OUIGR,No,Not Churned,4
1324-NLTJE,Yes,Moved out of coverage area,2
2324-EFHVG,No,Not Churned,4
7094-MSZAO,No,Not Churned,4
1522-VVDMG,Yes,Price too high,1
6907-CQGPN,No,Not Churned,4
0780-XNZFN,No,Not Churned,5
0239-OXEXL,No,Not Churned,5
2675-IJRGJ,No,Not Churned,5
7049-GKVZY,No,Not Churned,4
8577-QSOCG,No,Not Churned,4
3721-CNZHX,No,Not Churned,4
0212-ISBBF,No,Not Churned,4
9185-TQCVP,Yes,Network reliability,1
3585-YNADK,No,Not Churned,5
5271-DBYSJ,No,Not Churned,3
1099-GODLO,No,Not Churned,3
6828-HMKWP,No,Not Churned,3
5567-WSELE,Yes,Lack of self-service features,1
1472-TNCWL,No,Not Churned,4
8063-RJYNF,Yes,Attitude of support person,1
0687-ZVTHB,Yes,Price too high,2
2080-GKCWQ,No,Not Churned,5
9661-ACXBS,Yes,Moved out of coverage area,2
2193-SFWQW,No,Not Churned,4
5656-JAMLX,No,Not Churned,5
3462-BJQQA,No,Not Churned,4
0442-TDYUO,No,Not Churned,4
6733-LRIZX,No,Not Churned,5
9503-XJUME,No,Not Churned,4
4367-NHWMM,No,Not Churned,4
3727-RJMEO,Yes,Price too high,1
3779-OSWCF,No,Not Churned,4
6736-DHUQI,No,Not Churned,4
3915-ODIYG,No,Not Churned,5
1360-RCYRT,No,Not Churned,4
2724-FJDYW,No,Not Churned,4
4451-RWASJ,No,Not Churned,5
6646-VRFOL,Yes,Price too high,1
3460-TJBWI,No,Not Churned,4
5917-HBSDW,No,Not Churned,4
5685-IIXLY,Yes,Competitor offered higher download speed,2
5671-UUNXD,No,Not Churned,5
0956-ACVZC,No,Not Churned,3
2325-NBPZG,No,Not Churned,5
4250-ZBWLV,Yes,Moved out of coverage area,1
4482-FTFFX,No,Not Churned,5
8859-DZTGQ,No,Not Churned,4
0440-MOGPM,No,Not Churned,5
0020-JDNXP,No,Not Churned,5
3752-CQSJI,No,Not Churned,5
5025-GOOKI,No,Not Churned,3
4698-KVLLG,No,Not Churned,4
5095-AESKG,Yes,Competitor offered higher download speed,2
2887-JPYLU,No,Not Churned,5
4770-QAZXN,No,Not Churned,5
4896-CPRPF,No,Not Churned,4
1871-MOWRM,Yes,Competitor offered higher download speed,1
9714-EDSUC,No,Not Churned,4
2027-OAQQC,Yes,Network reliability,1
0282-NVSJS,No,Not Churned,3
9090-SGQXL,Yes,Moved out of coverage area,2
6595-YGXIT,Yes,Moved out of coverage area,2
7353-YOWFP,No,Not Churned,3
9835-ZIITK,Yes,Price too high,3
8008-ESFLK,No,Not Churned,3
7537-CBQUZ,No,Not Churned,5
1555-DJEQW,Yes,Competitor made better offer,1
5649-TJHOV,Yes,Moved out of coverage area,1
0519-XUZJU,Yes,Competitor offered higher download speed,2
3363-EWLGO,No,Not Churned,3
4750-UKWJK,No,Not Churned,5
6338-AVWCY,Yes,Network reliability,3
1689-YQBYY,No,Not Churned,3
4487-ZYJZK,No,Not Churned,5
2959-FENLU,No,Not Churned,4
0708-LGSMF,No,Not Churned,5
9253-QXKBE,Yes,Price too high,2
7634-HLQJR,No,Not Churned,4
0487-RPVUM,No,Not Churned,3
4079-ULGFR,No,Not Churned,5
2516-XSJKX,No,Not Churned,4
0057-QBUQH,No,Not Churned,4
9445-SZLCH,Yes,Moved out of coverage area,2
6599-SFQVE,No,Not Churned,5
8331-ZXFOE,No,Not Churned,5
4003-FUSHP,No,Not Churned,4
0356-ERHVT,No,Not Churned,3
7325-ENZFI,No,Not Churned,4
4884-ZTHVF,No,Not Churned,4
3920-HIHMQ,No,Not Churned,5
3055-OYMSE,No,Not Churned,5
0613-WUXUM,No,Not Churned,4
7568-PODML,Yes,Competitor made better offer,1
4458-KVRBJ,No,Not Churned,4
5349-IECLD,Yes,Competitor made better offer,1
1397-XKKWR,No,Not Churned,5
3945-GFWQL,Yes,Lack of self-service features,2
8097-OMULG,No,Not Churned,5
6013-BHCAW,No,Not Churned,4
0401-WDBXM,No,Not Churned,3
3387-PLKUI,No,Not Churned,4
6096-EGVTU,No,Not Churned,4
3797-VTIDR,Yes,Attitude of support person,2
5081-NWSUP,No,Not Churned,5
2580-ATZSQ,No,Not Churned,5
8085-MSNLK,No,Not Churned,5
9691-HKOVS,No,Not Churned,5
9881-VCZEP,No,Not Churned,5
9526-BIHHD,Yes,Price too high,1
8757-TFHHJ,No,Not Churned,4
4523-WXCEF,Yes,Moved out of coverage area,1
1468-DEFNC,No,Not Churned,5
5119-KEPFY,No,Not Churned,5
8364-TRMMK,Yes,Network reliability,1
0916-KNFAJ,No,Not Churned,4
8319-QBEHW,No,Not Churned,3
3063-QFSZL,Yes,Moved out of coverage area,3
8775-LHDJH,Yes,Moved out of coverage area,1
9625-QNLUX,No,Not Churned,4
3097-NQYSN,Yes,Lack of self-service features,2
4024-CSNBY,No,Not Churned,4
7110-BDTWG,No,Not Churned,5
7493-GVFIO,No,Not Churned,4
0690-SRQID,No,Not Churned,3
9605-WGJVW,No,Not Churned,5
9114-DPSIA,No,Not Churned,4
4700-UBQMV,No,Not Churned,5
7711-GQBZC,No,Not Churned,4
3565-UNOCC,Yes,Competitor offered higher download speed,2
4627-MIHJH,No,Not Churned,5
9795-NREXC,No,Not Churned,4
8573-CGOCC,No,Not Churned,5
7356-AYNJP,No,Not Churned,4
9249-FXSCK,Yes,Lack of self-service features,2
5493-SDRDQ,Yes,Price too high,2
6286-SUUWT,No,Not Churned,4
4819-HJPIW,No,Not Churned,5
8654-DHAOW,No,Not Churned,5
5438-QMDDL,No,Not Churned,3
9812-GHVRI,No,Not Churned,5
5553-AOINX,No,Not Churned,4
1228-ZLNBX,No,Not Churned,3
4226-KKDON,No,Not Churned,4
3831-YCPUO,No,Not Churned,4
7445-WMRBW,No,Not Churned,5
3308-DGHKL,No,Not Churned,4
9924-JPRMC,No,Not Churned,5
0080-EMYVY,No,Not Churned,4
6218-KNUBD,No,Not Churned,4
7337-CINUD,No,Not Churned,4
7609-NRNCA,No,Not Churned,4
0623-EJQEG,No,Not Churned,5
7153-CHRBV,No,Not Churned,5
0871-URUWO,Yes,Competitor made better offer,2
9190-MFJLN,Yes,Network reliability,2
6198-PNNSZ,No,Not Churned,4
3317-VLGQT,No,Not Churned,3
4132-POCZS,No,Not Churned,4
5614-DNZCE,No,Not Churned,3
1095-JUDTC,Yes,Lack of self-service features,1
3896-RCYYE,No,Not Churned,4
9638-JIQYA,No,Not Churned,4
3258-SANFR,No,Not Churned,4
3726-TBHQT,No,Not Churned,3
3190-ITQXP,No,Not Churned,4
0870-VEMYL,Yes,Price too high,3
4833-QTJNO,No,Not Churned,4
3039-MJSLN,No,Not Churned,4
0178-CIIKR,No,Not Churned,5
5385-SUIRI,Yes,Attitude of support person,3
3982-XWFZQ,Yes,Attitude of support person,1
5774-QPLTF,No,Not Churned,4
2322-VCZHZ,No,Not Churned,5
5010-IPEAQ,No,Not Churned,5
4009-ALQFH,Yes,Network reliability,1
6383-ZTSIW,No,Not Churned,4
8990-YOZLV,No,Not Churned,4
3069-SSVSN,No,Not Churned,3
5222-IMUKT,No,Not Churned,4
3627-FCRDW,Yes,Lack of self-service features,1
7562-GSUHK,Yes,Network reliability,1
6685-XSHHU,No,Not Churned,4
8901-UPRHR,No,Not Churned,5
4903-UYAVB,Yes,Price too high,1
0118-JPNOY,No,Not Churned,5
6776-TLWOI,Yes,Network reliability,1
3845-FXCYS,No,Not Churned,4
5857-XRECV,No,Not Churned,5
0725-CXOTM,No,Not Churned,5
4343-EJVQB,No,Not Churned,5
9000-PLFUZ,No,Not Churned,5
3427-GGZZI,No,Not Churned,4
7779-ORAEL,No,Not Churned,5
0644-OQMDK,No,Not Churned,5
4077-CROMM,Yes,Moved out of coverage area,1
3154-CFSZG,No,Not Churned,3
2868-MZAGQ,Yes,Price too high,1
4847-QNOKA,Yes,Competitor offered higher download speed,1
2220-IAHLS,No,Not Churned,4
1658-XUHBX,No,Not Churned,4
6379-RXJRQ,Yes,Moved out of coverage area,1
2378-HTWFW,No,Not Churned,5
8650-RHRKE,Yes,Attitude of support person,2
4377-VDHYI,No,Not Churned,4
0475-RIJEP,Yes,Price too high,2
1260-TTRXI,Yes,Moved out of coverage area,1
3719-TDVQB,No,Not Churned,3
6328-ZPBGN,Yes,Attitude of support person,1
0201-MIBOL,No,Not Churned,3
4937-QPZPO,No,Not Churned,5
2925-VDZHY,No,Not Churned,4
6981-TDRFT,No,Not Churned,5
3413-CSSTH,No,Not Churned,4
8033-VCZGH,No,Not Churned,5
4789-KWMXN,Yes,Competitor offered higher download speed,1
0224-NIJLP,No,Not Churned,5
7542-CYDDM,No,Not Churned,5
4718-WXBGI,No,Not Churned,4
2867-UIMSS,Yes,Moved out of coverage area,1
8495-PRWFH,No,Not Churned,3
0439-IFYUN,No,Not Churned,4
5716-LIBJC,No,Not Churned,4
2868-LLSKM,No,Not Churned,5
8111-RKSPX,Yes,Competitor offered higher download speed,1
2988-QRAJY,No,Not Churned,5
1585-MQSSU,Yes,Moved out of coverage area,1
0071-NDAFP,No,Not Churned,3
2856-NNASM,Yes,Lack of self-service features,2
7328-ZJAJO,No,Not Churned,3
6458-CYIDZ,No,Not Churned,4
8559-CIZFV,Yes,Network reliability,2
1090-PYKCI,No,Not Churned,3
3058-WQDRE,No,Not Churned,3
7547-EKNFS,Yes,Lack of self-service features,3
2279-AXJJK,No,Not Churned,5
6769-DYBQN,Yes,Competitor made better offer,2
0909-SELIE,No,Not Churned,4
3417-TSCIC,No,Not Churned,4
1042-HFUCW,No,Not Churned,4
4439-JMPMT,Yes,Competitor offered higher download speed,1
6537-OTKMY,No,Not Churned,3
8999-EXMNO,No,Not Churned,5
6725-TPKJO,No,Not Churned,5
2446-BEGGB,Yes,Price too high,2
7162-WPHPM,No,Not Churned,4
1599-MMYRQ,No,Not Churned,3
8821-KVZKQ,No,Not Churned,5
1496-GGSUK,Yes,Lack of self-service features,3
6434-TTGJP,No,Not Churned,5
0042-JVWOJ,No,Not Churned,4
0130-SXOUN,No,Not Churned,5
2575-GFSOE,Yes,Network reliability,2
2330-PQGDQ,No,Not Churned,4
1452-UZOSF,No,Not Churned,5
2097-YVPKN,No,Not Churned,3
2842-JTCCU,Yes,Lack of self-service features,2
8597-CTXVJ,No,Not Churned,4
6631-HMANX,No,Not Churned,5
9962-BFPDU,No,Not Churned,4
3296-SILRA,Yes,Competitor offered higher download speed,1
9681-OXGVC,Yes,Price too high,2
6394-HHHZM,No,Not Churned,5
5995-LFTLE,No,Not Churned,5
5180-UCIIQ,Yes,Price too high,2
1932-UEDCX,No,Not Churned,5
7153-OANIO,Yes,Price too high,2
5188-HGMLP,No,Not Churned,5
0665-XHDJU,No,Not Churned,5
6521-YYTYI,Yes,Lack of self-service features,1
8878-HMWBV,Yes,Lack of self-service features,2
8265-HKSOW,No,Not Churned,4
3544-FBCAS,No,Not Churned,4
5331-RGMTT,No,Not Churned,5
4759-PXTAN,No,Not Churned,4
7054-DMVAS,No,Not Churned,5
3428-MMGUB,No,Not Churned,3
6549-BTYPG,No,Not Churned,5
7823-JSOAG,No,Not Churned,4
3705-RHRFR,No,Not Churned,4
9374-YOLBJ,No,Not Churned,3
9074-KGVOX,No,Not Churned,5
6128-DAFVY,No,Not Churned,5
9933-QRGTX,No,Not Churned,5
4476-OSWTN,No,Not Churned,5
3751-KTZEL,Yes,Competitor offered higher download speed,1
1977-STDKI,Yes,Competitor made better offer,3
5066-GFJMM,No,Not Churned,5
2661-GKBTK,No,Not Churned,5
0458-HEUZG,No,Not Churned,5
7268-WNTCP,No,Not Churned,4
0824-VWDPO,No,Not Churned,5
8409-WQJUX,No,Not Churned,5
2578-JQPHZ,No,Not Churned,4
3278-FSIXX,No,Not Churned,5
5813-UECBU,Yes,Competitor made better offer,1
0328-GRPMV,Yes,Attitude of support person,1
9746-UGFAC,No,Not Churned,4
2946-KIQSP,No,Not Churned,5
0625-AFOHS,No,Not Churned,4
6726-WEXXK,No,Not Churned,4
4636-OLWOE,No,Not Churned,5
4342-HENTK,Yes,Moved out of coverage area,1
4685-ERGHK,No,Not Churned,4
0885-HMGPY,No,Not Churned,5
5003-OKNNK,No,Not Churned,4
4195-SMMNX,Yes,Attitude of support person,2
7208-PSIHR,No,Not Churned,5
4012-ZTHBR,No,Not Churned,5
0489-WMEMG,No,Not Churned,4
7435-ZNUYY,No,Not Churned,4
1354-YZFNB,No,Not Churned,4
6956-SMUCM,Yes,Lack of self-service features,1
2985-FMWYF,No,Not Churned,3
2812-ENYMO,No,Not Churned,4
2717-HVIZY,No,Not Churned,3
3223-WZWJM,Yes,Competitor offered higher download speed,2
3422-GALYP,No,Not Churned,5
9053-JZFKV,Yes,Moved out of coverage area,2
2530-ENDWQ,Yes,Network reliability,2
2890-WFBHU,No,Not Churned,5
0327-WFZSY,No,Not Churned,5
7977-HXJKU,No,Not Churned,5
6615-ZGEDR,Yes,Attitude of support person,2
7033-CLAMM,No,Not Churned,4
4023-RTIQM,No,Not Churned,4
0864-FVJNJ,No,Not Churned,4
7356-IWLFW,No,Not Churned,4
9541-PWTWO,No,Not Churned,5
3967-VQOGC,No,Not Churned,4
7872-RDDLZ,No,Not Churned,5
9250-WYPLL,Yes,Attitude of support person,2
6308-CQRBU,No,Not Churned,3
2754-XBHTB,Yes,Moved out of coverage area,1
1597-LHYNC,Yes,Competitor offered higher download speed,1
0186-CAERR,No,Not Churned,4
3043-SUDUA,No,Not Churned,5
5442-BHQNG,No,Not Churned,3
2169-RRLFW,No,Not Churned,4
5872-OEQNH,No,Not Churned,5
3162-KKZXO,No,Not Churned,5
7055-VKGDA,Yes,Competitor made better offer,3
0754-UKWQP,Yes,Price too high,1
8873-GLDMH,No,Not Churned,5
5696-JVVQY,No,Not Churned,5
8946-BFWSG,No,Not Churned,4
7493-TPUWZ,Yes,Price too high,2
0547-HURJB,No,Not Churned,5
8904-OPDCK,No,Not Churned,5
8845-LWKGE,No,Not Churned,4
1577-HKTFG,Yes,Competitor made better offer,2
8752-STIVR,Yes,Attitude of support person,1
0691-NIKRI,No,Not Churned,4
5022-JNQEQ,No,Not Churned,4
4558-FANTW,Yes,Moved out of coverage area,2
3249-VHRIP,No,Not Churned,5
3736-BLEPA,No,Not Churned,5
4701-LKOZD,No,Not Churned,4
6603-QWSPR,No,Not Churned,5
9921-QFQUL,No,Not Churned,4
1929-ZCBHE,No,Not Churned,4
4378-MYPGO,No,Not Churned,5
8651-ENBZX,Yes,Price too high,2
4129-LYCOI,No,Not Churned,5
7798-JVXYM,No,Not Churned,3
8647-SDTWQ,No,Not Churned,4
2696-ECXKC,No,Not Churned,4
2081-KJSQF,No,Not Churned,3
7623-TRNQN,Yes,Lack of self-service features,1
3323-CPBWR,No,Not Churned,4
9330-IJWIO,Yes,Lack of self-service features,2
3384-CTMSF,No,Not Churned,5
0902-RFHOF,No,Not Churned,5
9286-DOJGF,Yes,Competitor offered higher download speed,1
6048-QBXKL,No,Not Churned,5
9661-MHUMO,Yes,Competitor offered higher download speed,2
7718-RXDGG,No,Not Churned,5
1025-FALIX,No,Not Churned,4
3451-VAWLI,No,Not Churned,4
3407-QGWLG,No,Not Churned,5
1842-EZJMK,Yes,Competitor made better offer,3
2347-WKKAE,No,Not Churned,4
8735-DCXNF,No,Not Churned,4
3214-IYUUQ,No,Not Churned,5
1936-UAFEH,No,Not Churned,5
3587-PMCOY,No,Not Churned,3
8079-XRJRS,Yes,Network reliability,2
1027-LKKQQ,No,Not Churned,5
7148-XZPHA,No,Not Churned,5
8073-IJDCM,Yes,Moved out of coverage area,1
5309-TAIKL,No,Not Churned,3
6856-RAURS,No,Not Churned,4
8778-LMWTJ,No,Not Churned,4
9717-IOAAF,No,Not Churned,4
8884-ADFVN,Yes,Moved out of coverage area,1
2845-KDHVX,No,Not Churned,4
0848-SOMKO,No,Not Churned,4
2720-WGKHP,Yes,Price too high,3
6734-FQAJX,No,Not Churned,5
2869-ADAWR,Yes,Network reliability,1
1535-VTJOQ,No,Not Churned,4
6368-TZZDT,No,Not Churned,4
0943-ZQPXH,No,Not Churned,5
1293-BSEUN,No,Not Churned,3
9894-EZEWG,Yes,Price too high,2
1302-TPUBN,No,Not Churned,4
7851-FLGGQ,Yes,Competitor offered higher download speed,1
0637-UBJRP,Yes,Network reliability,1
0940-OUQEC,Yes,Price too high,1
2378-VTKDH,No,Not Churned,5
0927-CNGRH,No,Not Churned,5
8608-OZTLB,No,Not Churned,4
2335-GSODA,No,Not Churned,4
1952-DVVSW,No,Not Churned,5
0702-PGIBZ,Yes,Lack of self-service features,1
6656-GULJQ,No,Not Churned,4
9853-JFZDU,No,Not Churned,4
1963-VAUKV,Yes,Price too high,1
3777-XROBG,No,Not Churned,5
6994-FGRHH,No,Not Churned,3
4000-VGMQP,No,Not Churned,5
3999-WRNGR,No,Not Churned,4
3466-RITXD,No,Not Churned,4
2680-XKKNJ,No,Not Churned,3
3058-HJCUY,Yes,Network reliability,2
2974-GGUXS,No,Not Churned,5
7994-XIRTR,No,Not Churned,5
3259-FDWOY,Yes,Competitor made better offer,1
2101-RANCD,No,Not Churned,4
7921-BEPCI,No,Not Churned,4
0807-ZABDG,Yes,Moved out of coverage area,2
8510-TMWYB,No,Not Churned,4
3258-ZKPAI,No,Not Churned,4
1428-IEDPR,No,Not Churned,4
5298-GSTLM,No,Not Churned,4
4450-YOOHP,No,Not Churned,4
6728-CZFEI,No,Not Churned,4
5748-RNCJT,Yes,Competitor made better offer,1
3653-NCRDJ,No,Not Churned,5
6121-TNHBO,No,Not Churned,5
5119-NZPTV,No,Not Churned,4
6519-ZHPXP,No,Not Churned,5
7739-LAXOG,Yes,Attitude of support person,1
3472-QPRCH,No,Not Churned,5
8224-UAXBZ,No,Not Churned,4
9610-WCESF,No,Not Churned,4
9776-CLUJA,Yes,Attitude of support person,1
2486-WYVVE,No,Not Churned,4
3865-ZYKAD,No,Not Churned,4
1422-DGUBX,No,Not Churned,5
2999-AANRQ,No,Not Churned,4
8668-KNZTI,No,Not Churned,4
0480-KYJVA,No,Not Churned,4
6034-ZRYCV,Yes,Competitor offered higher download speed,1
9746-YKGXB,No,Not Churned,5
3926-YZVVX,No,Not Churned,4
6000-UKLWI,No,Not Churned,4
2079-FBMZK,Yes,Moved out of coverage area,1
6332-FBZRI,No,Not Churned,4
2096-XOTMO,No,Not Churned,4
3266-FTKHB,No,Not Churned,4
8221-EQDGL,No,Not Churned,4
2346-LOCWC,No,Not Churned,4
6608-QQLVK,Yes,Attitude of support person,1
0298-XACET,No,Not Churned,5
7560-QJAVJ,No,Not Churned,4
2995-YWTCD,No,Not Churned,5
3551-HUAZH,Yes,Price too high,2
9137-UIYPG,No,Not Churned,4
2809-ZMYOQ,No,Not Churned,5
5084-OOVCJ,No,Not Churned,4
0254-WWRKD,No,Not Churned,4
7727-SHVZV,No,Not Churned,3
6302-JGYRJ,Yes,Attitude of support person,1
5339-PXDVH,No,Not Churned,3
2205-LPVGL,No,Not Churned,4
8782-NUUOL,No,Not Churned,3
3685-YLCMQ,Yes,Network reliability,1
7601-WFVZV,No,Not Churned,5
4609-KNNWG,No,Not Churned,5
4868-AADLV,No,Not Churned,4
9529-OFXHY,No,Not Churned,4
8634-MPHTR,Yes,Lack of self-service features,2
2669-QVCRG,No,Not Churned,5
2478-EEWWM,No,Not Churned,5
9174-IHETN,No,Not Churned,5
2233-TXSIU,No,Not Churned,3
9644-UMGQA,No,Not Churned,5
3256-EZDBI,No,Not Churned,4
8761-NSOBC,Yes,Network reliability,2
0419-YAAPX,No,Not Churned,4
8413-VONUO,Yes,Lack of self-service features,1
0872-CASZJ,No,Not Churned,4
4726-DLWQN,No,Not Churned,5
8164-OCKUJ,No,Not Churned,3
3094-JOJAI,No,Not Churned,4
9494-MRNYX,No,Not Churned,4
2599-CZABP,No,Not Churned,3
7945-PRBVF,No,Not Churned,5
4544-RXFMG,No,Not Churned,4
0859-YGKFW,No,Not Churned,4
1150-FTQGN,No,Not Churned,3
9223-UCPVT,Yes,Competitor made better offer,2
7196-LIWRH,No,Not Churned,4
5448-VWNAM,No,Not Churned,5
1177-XZBJL,No,Not Churned,4
3518-FSTWG,No,Not Churned,5
9330-VOFSZ,No,Not Churned,5
4351-QLCSU,Yes,Attitude of support person,1
0939-EREMR,No,Not Churned,5
9389-ACWBI,No,Not Churned,4
5419-JPRRN,Yes,Price too high,2
3644-QXEHN,No,Not Churned,5
2911-IJORQ,No,Not Churned,4
5921-NGYRH,No,Not Churned,4
2100-BDNSN,Yes,Lack of self-service features,1
5998-DZLYR,No,Not Churned,4
0488-GSLFR,Yes,Price too high,2
9318-NKNFC,Yes,Competitor made better offer,1
3985-HOYPM,No,Not Churned,5
9728-FTTVZ,Yes,Attitude of support person,1
9548-LERKT,No,Not Churned,5
6576-FBXOJ,No,Not Churned,5
4310-KEDTB,No,Not Churned,5
7254-IQWOZ,Yes,Lack of self-service features,2
2474-BRUCM,Yes,Price too high,1
4062-HBMOS,No,Not Churned,5
0742-NXBGR,Yes,Price too high,2
2676-ISHSF,No,Not Churned,4
9236-NDUCW,No,Not Churned,4
4753-PADAS,No,Not Churned,5
6103-QCKFX,No,Not Churned,4
7781-EWARA,No,Not Churned,5
6110-OHIHY,Yes,Competitor offered higher download speed,3
7018-FPXHH,No,Not Churned,4
5889-LFOLL,Yes,Competitor made better offer,1
5708-EVONK,Yes,Network reliability,1
8708-XPXHZ,Yes,Competitor made better offer,1
0616-ATFGB,Yes,Network reliability,1
0572-ZJKLT,No,Not Churned,5
5135-RDDQL,No,Not Churned,3
1353-LJWEM,No,Not Churned,5
1794-SWWKL,No,Not Churned,5
6166-YIPFO,No,Not Churned,3
7016-BPGEU,Yes,Network reliability,1
6876-ADESB,Yes,Attitude of support person,2
9332-GYWLO,No,Not Churned,3
1963-SVUCV,Yes,Lack of self-service features,1
4184-VODJZ,No,Not Churned,3
0220-EBGCE,Yes,Price too high,1
1092-WPIVQ,No,Not Churned,4
7233-IOQNP,No,Not Churned,3
2834-JKOOW,No,Not Churned,4
2754-VDLTR,Yes,Price too high,1
2400-FEQME,No,Not Churned,4
3190-XFANI,Yes,Competitor offered higher download speed,2
7551-DACSP,Yes,Lack of self-service features,1
4957-SREEC,No,Not Churned,4
7235-NXZCP,Yes,Competitor offered higher download speed,1
0230-UBYPQ,No,Not Churned,3
4923-ADWXJ,No,Not Churned,4
1763-KUAAW,No,Not Churned,5
1104-TNLZA,No,Not Churned,5
5195-KPUNQ,No,Not Churned,4
0520-FDVVT,Yes,Competitor made better offer,1
3439-GVUSX,No,Not Churned,5
1444-VVSGW,Yes,Competitor offered higher download speed,1
5712-PTIWW,Yes,Lack of self-service features,2
5949-HGVJL,No,Not Churned,4
5203-XEHAX,No,Not Churned,3
1635-HDGFT,No,Not Churned,3
3315-TOTBP,Yes,Price too high,2
8050-XGRVL,No,Not Churned,5
6661-HBGWL,Yes,Competitor made better offer,2
1518-VOWAV,Yes,Attitude of support person,1
9828-QHFBK,No,Not Churned,4
3908-MKIMJ,No,Not Churned,4
5012-YSPJJ,No,Not Churned,4
5909-ECHUI,Yes,Lack of self-service features,2
1309-BXVOQ,Yes,Network reliability,2
6728-VOIFY,No,Not Churned,4
9317-WZPGV,Yes,Moved out of coverage area,2
4891-NLUBA,No,Not Churned,4
2856-HYAPG,Yes,Attitude of support person,1
8969-PRHFK,No,Not Churned,4
0661-KQHNK,No,Not Churned,3
8709-KRDVL,No,Not Churned,5
4488-PSYCG,Yes,Attitude of support person,1
1427-VERSM,No,Not Churned,4
9801-NOSHQ,No,Not Churned,4
6339-YPSAH,No,Not Churned,4
3621-CEOVK,Yes,Moved out of coverage area,1
6906-ANDWJ,Yes,Competitor made better offer,1
2159-TURXX,No,Not Churned,4
1548-FEHVL,No,Not Churned,5
3795-CAWEX,No,Not Churned,4
6215-NQCPY,No,Not Churned,5
5647-URDKA,No,Not Churned,5
2229-DPMBI,No,Not Churned,4
9626-WEQRM,No,Not Churned,4
2188-SXWVT,No,Not Churned,5
6258-PVZWJ,No,Not Churned,4
1094-BKOSX,No,Not Churned,5
6969-MVBAI,No,Not Churned,4
2978-XXSOG,No,Not Churned,4
2342-CKIAO,No,Not Churned,4
6953-PBDIN,No,Not Churned,4
3898-BSJYF,No,Not Churned,5
3938-YFPXD,No,Not Churned,4
7696-AMHOD,No,Not Churned,4
2453-SAFNS,No,Not Churned,4
9558-IHEZX,No,Not Churned,5
9617-UDPEU,No,Not Churned,5
6340-DACFT,No,Not Churned,3
4955-VCWBI,No,Not Churned,4
6813-GZQCG,No,Not Churned,5
7426-GSWPO,No,Not Churned,4
3389-KTRXV,No,Not Churned,5
3118-UHVVQ,No,Not Churned,5
1031-IIDEO,Yes,Competitor made better offer,1
5832-XKAES,Yes,Moved out of coverage area,1
3205-MXZRA,No,Not Churned,5
4701-AHWMW,Yes,Moved out of coverage area,1
8317-BVKSO,No,Not Churned,4
5702-KVQRD,No,Not Churned,4
0083-PIVIK,No,Not Churned,4
9210-IAHGH,Yes,Price too high,1
6169-PGNCD,No,Not Churned,5
0023-XUOPT,Yes,Competitor offered higher download speed,1
4592-IWTJI,Yes,Lack of self-service features,3
4909-JOUPP,No,Not Churned,4
4657-FWVFY,No,Not Churned,4
2257-BOVXD,No,Not Churned,5
7729-JTEEC,No,Not Churned,4
7632-MNYOY,Yes,Moved out of coverage area,1
6518-LGAOV,Yes,Competitor made better offer,1
7242-QZLXF,Yes,Competitor offered higher download speed,1
4576-CSAJH,Yes,Price too high,2
1000-AJSLD,Yes,Competitor made better offer,1
9696-RMYBA,No,Not Churned,4
8690-UPCZI,No,Not Churned,3
1062-LHZOD,Yes,Moved out of coverage area,1
9770-LXDBK,No,Not Churned,4
4086-WITJG,No,Not Churned,3
8344-WFMFH,No,Not Churned,4
9600-NAXZN,Yes,Competitor made better offer,2
8822-KNBHV,No,Not Churned,4
8404-FYDIB,No,Not Churned,5
2791-SFVEW,No,Not Churned,4
6457-USBER,Yes,Lack of self-service features,1
6762-NSODU,No,Not Churned,5
4662-EKDPQ,Yes,Competitor offered higher download speed,1
9248-OJYKK,Yes,Competitor offered higher download speed,1
9888-ZCUMM,No,Not Churned,4
3398-FSHON,Yes,Moved out of coverage area,1
3319-DWOEP,Yes,Competitor offered higher download speed,1
1074-WVEVG,No,Not Churned,4
9979-RGMZT,No,Not Churned,4
6437-UDQJM,No,Not Churned,5
1226-IENZN,No,Not Churned,4
2108-GLPQB,No,Not Churned,5
9259-PACGQ,Yes,Price too high,3
4415-IJZTP,Yes,Price too high,3
1465-VINDH,Yes,Competitor offered higher download speed,1
5474-LAMUQ,No,Not Churned,4
3468-DRVQJ,No,Not Churned,5
1122-YJBCS,No,Not Churned,4
4990-ALDGW,No,Not Churned,3
4816-OKWNX,No,Not Churned,4
3315-IKYZQ,No,Not Churned,4
2810-FTLEM,Yes,Price too high,1
4747-LCAQL,No,Not Churned,4
3411-WLRSQ,No,Not Churned,5
0898-XCGTF,No,Not Churned,5
8006-PYCSW,No,Not Churned,5
8249-THVEC,No,Not Churned,3
8722-PRFDV,No,Not Churned,5
2164-SOQXL,No,Not Churned,3
4020-KIUDI,No,Not Churned,3
5850-BDWCY,No,Not Churned,3
2038-YSEZE,No,Not Churned,5
0827-ITJPH,No,Not Churned,4
8799-OXZMD,No,Not Churned,5
1925-TIBLE,Yes,Attitude of support person,1
1705-GUHPV,No,Not Churned,4
4779-ZGICK,No,Not Churned,5
0048-PIHNL,No,Not Churned,4
0818-OCPZO,Yes,Attitude of support person,2
3967-KXAPS,No,Not Churned,4
1447-GIQMR,Yes,Competitor made better offer,1
3704-IEAXF,No,Not Churned,5
6810-VCAEX,No,Not Churned,5
0674-EYYZV,No,Not Churned,5
4480-MBMLB,No,Not Churned,4
1395-OFUWC,No,Not Churned,5
0822-QGCXA,No,Not Churned,5
0872-NXJYS,Yes,Moved out of coverage area,1
2832-KJCRD,No,Not Churned,3
3588-WSTTJ,No,Not Churned,5
4075-WKNIU,No,Not Churned,4
5090-EMGTC,No,Not Churned,5
2346-CZYIL,No,Not Churned,4
3798-EPWRR,No,Not Churned,4
6258-NGCNG,No,Not Churned,4
4186-ZBUEW,No,Not Churned,4
5274-XHAKY,No,Not Churned,4
1442-BQPVU,No,Not Churned,4
3978-YNKDD,No,Not Churned,5
4940-KHCWD,No,Not Churned,4
9412-ARGBX,Yes,Attitude of support person,1
1389-CXMLU,Yes,Competitor offered higher download speed,1
9589-ABEPT,No,Not Churned,5
9388-ZEYVT,No,Not Churned,5
0305-SQECB,No,Not Churned,4
7605-SNLQG,No,Not Churned,5
4670-TABXH,No,Not Churned,4
5561-NWEVX,Yes,Moved out of coverage area,2
0064-SUDOG,No,Not Churned,4
8561-NMTBD,No,Not Churned,4
5161-XEUVX,No,Not Churned,4
8292-FRFZQ,No,Not Churned,3
8591-NXRCV,No,Not Churned,3
7895-VONWT,No,Not Churned,5
4526-RMTLL,No,Not Churned,4
6253-GNHWH,No,Not Churned,5
4566-NECEV,No,Not Churned,5
8080-POTJR,No,Not Churned,4
6906-MPARY,No,Not Churned,3
3662-FXJFO,No,Not Churned,3
8107-RZLNV,No,Not Churned,5
0516-OOHAR,No,Not Churned,5
2027-CWDNU,No,Not Churned,5
2737-WFVYW,Yes,Moved out of coverage area,1
9912-OMZDS,No,Not Churned,5
3733-ZEECP,No,Not Churned,4
7878-RTCZG,No,Not Churned,5
2452-MRMZF,No,Not Churned,5
2272-QAGFO,Yes,Competitor offered higher download speed,1
7103-IPXPJ,No,Not Churned,4
4342-HFXWS,No,Not Churned,5
3545-CNWRG,No,Not Churned,4
1785-BPHTP,No,Not Churned,5
4989-LIXVT,No,Not Churned,4
7315-WYOAW,No,Not Churned,4
1173-XZPYF,No,Not Churned,4
9850-OWRHQ,Yes,Competitor offered higher download speed,1
3768-NLUBH,Yes,Lack of self-service features,1
8676-TRMJS,Yes,Competitor made better offer,2
2509-TFPJU,No,Not Churned,4
9530-GRMJG,No,Not Churned,4
6898-RBTLU,No,Not Churned,5
5481-NTDOH,No,Not Churned,5
2068-WWXQZ,No,Not Churned,4
7359-SSBJK,Yes,Attitude of support person,1
2061-VVFST,No,Not Churned,4
0685-MLYYM,Yes,Price too high,1
0749-IRGQE,No,Not Churned,5
2380-DAMQP,No,Not Churned,5
2256-YLYLP,No,Not Churned,4
1272-ILHFG,No,Not Churned,4
0164-XAIRP,No,Not Churned,3
5666-CYCYZ,No,Not Churned,3
4011-ARPHK,No,Not Churned,3
8182-PNAGI,Yes,Competitor offered higher download speed,1
6365-HITVU,No,Not Churned,4
7558-IMLMT,No,Not Churned,4
9488-FYQAU,No,Not Churned,4
3590-TCXTB,No,Not Churned,4
6994-KERXL,No,Not Churned,5
7957-RYHQD,Yes,Attitude of support person,3
2180-DXNEG,Yes,Competitor offered higher download speed,1
1960-UOTYM,No,Not Churned,3
2740-JFBOK,No,Not Churned,5
6500-JVEGC,No,Not Churned,5
5515-AKOAJ,Yes,Attitude of support person,1
8976-OQHGT,Yes,Price too high,2
5245-VDBUR,No,Not Churned,4
6230-BSUXY,Yes,Competitor made better offer,1
8469-SNFFH,No,Not Churned,4
2144-ESWKO,No,Not Churned,4
1241-FPMOF,No,Not Churned,5
9928-BZVLZ,No,Not Churned,3
4114-QMKVN,No,Not Churned,4
2775-SEFEE,No,Not Churned,5
9003-CPATH,No,Not Churned,5
1754-GKYPY,No,Not Churned,4
5294-CDGWY,Yes,Lack of self-service features,1
7956-XQWGU,No,Not Churned,4
1591-MQJTP,No,Not Churned,5
5295-PCJOO,Yes,Competitor made better offer,1
2369-FEVNO,No,Not Churned,5
9863-JZAIC,Yes,Attitude of support person,1
7471-MQPOS,No,Not Churned,5
7660-HDPJV,Yes,Attitude of support person,2
5115-SQAAU,No,Not Churned,5
9845-QOMAD,No,Not Churned,5
7672-VFMXZ,No,Not Churned,5
9739-JLPQJ,No,Not Churned,5
9916-AYHTC,No,Not Churned,5
3855-ONCAR,No,Not Churned,4
1488-SYSFC,No,Not Churned,4
7931-PXHFC,Yes,Lack of self-service features,1
3990-QYKBE,Yes,Competitor offered higher download speed,1
0970-QXPXW,No,Not Churned,3
3259-KNMRR,No,Not Churned,5
6120-RJKLU,No,Not Churned,4
9572-WUKSB,No,Not Churned,4
5893-KCLGT,No,Not Churned,5
0076-LVEPS,No,Not Churned,4
3640-JQGJG,No,Not Churned,4
4919-MOAVT,Yes,Lack of self-service features,2
1596-OQSPS,No,Not Churned,5
9867-XOBQA,No,Not Churned,5
9546-KDTRB,No,Not Churned,5
3090-HAWSU,Yes,Lack of self-service features,2
9820-RMCQV,Yes,Attitude of support person,1
3174-RKMOW,No,Not Churned,5
1760-CAZHT,No,Not Churned,5
7839-QRKXN,Yes,Competitor offered higher download speed,3
8441-SHIPE,No,Not Churned,4
5204-QZXPU,Yes,Price too high,2
4597-ELFTS,Yes,Competitor made better offer,1
1320-GVNHT,No,Not Churned,4
1047-RNXZV,No,Not Churned,4
3541-ZNUHK,No,Not Churned,3
8450-JOVAH,Yes,Price too high,1
8725-JEDFD,No,Not Churned,5
7562-UXTPG,No,Not Churned,4
8071-SBTRN,No,Not Churned,3
1113-IUJYX,Yes,Moved out of coverage area,1
6668-CNMFP,No,Not Churned,5
5626-MGTUK,No,Not Churned,4
5681-LLOEI,No,Not Churned,3
8212-DJRCH,No,Not Churned,3
4323-OHFOW,No,Not Churned,5
4933-BSAIP,No,Not Churned,4
2030-BTZRO,No,Not Churned,3
1116-DXXDF,No,Not Churned,3
9274-CNFMO,Yes,Attitude of support person,1
7758-XKCBS,Yes,Price too high,1
8992-JQYUN,Yes,Network reliability,2
6563-VNPMN,No,Not Churned,4
0617-AQNWT,Yes,Price too high,1
2267-WTPYD,No,Not Churned,3
0270-THENM,No,Not Churned,3
2446-PLQVO,Yes,Competitor offered higher download speed,3
4707-MAXGU,No,Not Churned,5
2710-WYVXG,No,Not Churned,5
3005-NFMTA,Yes,Lack of self-service features,1
6300-BWMJX,No,Not Churned,4
8784-CGILN,Yes,Moved out of coverage area,2
5389-FFVKB,Yes,Lack of self-service features,2
7009-LGECI,No,Not Churned,5
8444-WRIDW,Yes,Moved out of coverage area,2
5022-KVDQT,No,Not Churned,4
7976-CICYS,No,Not Churned,5
1036-GUDCL,No,Not Churned,4
2005-DWQZJ,No,Not Churned,4
8148-WOCMK,No,Not Churned,3
7815-PDTHL,No,Not Churned,5
9451-LPGOO,Yes,Moved out of coverage area,2
9173-IVZVP,No,Not Churned,4
9129-UXERG,No,Not Churned,5
3635-JBPSG,No,Not Churned,4
7964-ZRKKG,No,Not Churned,5
5868-YWPDW,Yes,Attitude of support person,1
6229-LSCKB,No,Not Churned,5
2025-JKFWI,Yes,Competitor made better offer,1
4078-SAYYN,Yes,Lack of self-service features,1
1724-IQWNM,No,Not Churned,5
8217-QYOHV,No,Not Churned,4
5546-QUERU,No,Not Churned,3
9940-HPQPG,Yes,Competitor made better offer,2
6897-UUBNU,No,Not Churned,4
6127-IYJOZ,No,Not Churned,5
6618-RYATB,Yes,Moved out of coverage area,1
8930-XOTDP,No,Not Churned,4
5916-QEWPT,No,Not Churned,4
5060-TQUQN,No,Not Churned,4
0531-XBKMM,No,Not Churned,4
8465-SBRXP,No,Not Churned,5
2408-PSJVE,No,Not Churned,4
9079-YEXQJ,Yes,Competitor made better offer,1
9700-ZCLOT,No,Not Churned,5
8738-JOKAR,No,Not Churned,5
4534-WGCIR,No,Not Churned,5
1930-WNXSB,No,Not Churned,3
2685-SREOM,Yes,Attitude of support person,1
3508-CFVZL,No,Not Churned,5
0402-CQAJN,Yes,Competitor offered higher download speed,1
6692-UDPJC,Yes,Competitor offered higher download speed,2
1273-MTETI,Yes,Moved out of coverage area,2
0657-DOGUM,No,Not Churned,3
5480-HPRRX,Yes,Moved out of coverage area,2
8792-AOROI,No,Not Churned,5
0295-PPHDO,Yes,Moved out of coverage area,1
5146-YYFRZ,No,Not Churned,5
1195-OIYEJ,Yes,Lack of self-service features,1
5906-CVLHP,Yes,Competitor made better offer,2
3452-SRFEG,No,Not Churned,5
4070-OKWVH,No,Not Churned,4
5297-MDOIR,No,Not Churned,5
6369-MCAKO,No,Not Churned,4
4926-UMJZD,No,Not Churned,3
6848-HJTXY,No,Not Churned,5
6341-AEVKX,No,Not Churned,4
4501-EQDRN,Yes,Price too high,1
2990-HWIML,Yes,Moved out of coverage area,2
0682-USIXD,No,Not Churned,4
6976-BWGLQ,No,Not Churned,4
7078-NVFAM,No,Not Churned,5
8065-QBYTO,No,Not Churned,5
2133-TSRRM,No,Not Churned,5
7384-GHBPI,Yes,Price too high,1
7603-USHJS,Yes,Lack of self-service features,1
7234-FECYN,Yes,Moved out of coverage area,1
2511-ALLCS,No,Not Churned,4
3191-CSNMG,No,Not Churned,5
7952-OBOYL,No,Not Churned,4
7470-DYNOE,No,Not Churned,4
7853-OETYL,No,Not Churned,3
1545-ACTAS,No,Not Churned,4
5876-HZVZM,Yes,Lack of self-service features,2
1400-MMYXY,Yes,Competitor offered higher download speed,2
5126-RCXYW,No,Not Churned,4
3085-QUOZK,Yes,Competitor made better offer,1
2363-BJLSL,No,Not Churned,3
1956-YIFGE,No,Not Churned,5
3926-CUQZX,Yes,Attitude of support person,1
7921-LMDFQ,No,Not Churned,4
2925-MXLSX,No,Not Churned,3
5820-PTRYM,No,Not Churned,4
9609-BENEA,No,Not Churned,3
6211-WHMYA,No,Not Churned,5
4459-BBGHE,No,Not Churned,4
9945-PSVIP,No,Not Churned,3
1041-RXHRA,Yes,Competitor made better offer,1
1750-CSKKM,Yes,Competitor made better offer,1
9108-EJFJP,No,Not Churned,3
0530-IJVDB,No,Not Churned,5
0508-SQWPL,No,Not Churned,3
2215-ZAFGX,No,Not Churned,4
8213-TAZPM,No,Not Churned,4
7142-HVGBG,Yes,Competitor offered higher download speed,2
1304-SEGFY,No,Not Churned,5
7242-EDTYC,No,Not Churned,5
2904-GGUAZ,No,Not Churned,3
8267-ZNYVZ,Yes,Price too high,2
5136-GFPMB,No,Not Churned,5
2595-KIWPV,No,Not Churned,5
5243-SAOTC,No,Not Churned,4
9398-MMQTO,No,Not Churned,5
7619-PLRLP,No,Not Churned,5
6457-GIRWB,Yes,Network reliability,2
6508-NJYRO,No,Not Churned,4
1450-SKCVI,Yes,Lack of self-service features,2
4710-NKCAW,No,Not Churned,4
5306-BVTKJ,No,Not Churned,4
0357-NVCRI,No,Not Churned,4
5570-PTWEH,Yes,Price too high,2
2371-KFUOG,No,Not Churned,4
0463-ZSDNT,No,Not Churned,4
6502-MJQAE,Yes,Price too high,1
6257-DTAYD,No,Not Churned,4
4616-ULAOA,No,Not Churned,5
7693-LCKZL,Yes,Price too high,1
7746-AWNQW,No,Not Churned,5
5996-EBTKM,No,Not Churned,5
2758-RNWXS,No,Not Churned,4
2314-TNDJQ,No,Not Churned,4
2405-LBMUW,No,Not Churned,4
3454-JFUBC,No,Not Churned,5
0032-PGELS,Yes,Attitude of support person,2
9039-ZVJDC,No,Not Churned,4
6797-LNAQX,Yes,Lack of self-service features,3
9013-AQORL,No,Not Churned,5
2898-MRKPI,No,Not Churned,5
2750-BJLSB,No,Not Churned,4
3648-GZPHF,No,Not Churned,4
2075-RMJIK,No,Not Churned,4
9588-YRFHY,No,Not Churned,3
6394-MFYNG,Yes,Competitor offered higher download speed,2
1564-NTYXF,Yes,Competitor made better offer,1
9364-YKUVW,No,Not Churned,3
5392-AKEMH,No,Not Churned,3
2451-YMUXS,No,Not Churned,4
3914-FDRHP,No,Not Churned,5
3078-ZKNTS,No,Not Churned,5
1024-KPRBB,No,Not Churned,3
4690-PKDQG,No,Not Churned,3
8155-IBNHG,Yes,Network reliability,2
0886-QGENL,Yes,Network reliability,1
9547-ITEFG,No,Not Churned,4
1264-FUHCX,No,Not Churned,4
7789-CRUVC,No,Not Churned,5
6598-KELSS,No,Not Churned,5
8739-WWKDU,Yes,Lack of self-service features,3
8685-WHQPW,Yes,Network reliability,2
4745-LSPLO,Yes,Price too high,1
8083-YTZES,Yes,Lack of self-service features,1
7240-FQLHE,Yes,Moved out of coverage area,2
6664-FPDAC,Yes,Moved out of coverage area,1
9972-VAFJJ,No,Not Churned,4
0422-UXFAP,No,Not Churned,4
1904-WAJAA,No,Not Churned,4
5130-YPIRV,No,Not Churned,5
2843-CQMEG,No,Not Churned,5
6439-PKTRR,No,Not Churned,5
5351-QESIO,No,Not Churned,4
0786-VSSUD,Yes,Moved out of coverage area,1
5568-DMXZS,No,Not Churned,5
8468-FZTOE,No,Not Churned,4
6633-SYEUS,No,Not Churned,4
6447-GORXK,No,Not Churned,5
6967-PEJLL,No,Not Churned,4
3976-BWUCK,Yes,Network reliability,2
5981-ZVXOT,No,Not Churned,5
1684-FLBGS,No,Not Churned,4
1389-WNUIB,No,Not Churned,5
0376-OIWME,No,Not Churned,5
3585-ISXZP,Yes,Moved out of coverage area,2
0218-QNVAS,No,Not Churned,4
6583-QGCSI,Yes,Moved out of coverage area,1
0804-YGEQV,No,Not Churned,4
7164-BPTUT,No,Not Churned,4
4174-LPGTI,Yes,Price too high,1
2523-EWWZL,No,Not Churned,3
0928-XUTSN,No,Not Churned,4
2108-XWMPY,Yes,Lack of self-service features,2
0052-YNYOT,No,Not Churned,4
6304-IJFSQ,Yes,Moved out of coverage area,1
9586-JGQKH,No,Not Churned,3
4501-VCPFK,No,Not Churned,5
6075-SLNIL,No,Not Churned,3
9347-AERRL,No,Not Churned,5
0093-XWZFY,Yes,Lack of self-service features,1
2274-XUATA,No,Not Churned,4
1980-KXVPM,Yes,Attitude of support person,1
7703-ZEKEF,Yes,Competitor made better offer,2
0723-DRCLG,Yes,Lack of self-service features,2
5482-NUPNA,Yes,Competitor made better offer,1
6691-CCIHA,No,Not Churned,5
1685-BQULA,No,Not Churned,4
9053-EJUNL,No,Not Churned,4
0666-UXTJO,No,Not Churned,5
1471-GIQKQ,No,Not Churned,3
4807-IZYOZ,No,Not Churned,4
1122-JWTJW,Yes,Moved out of coverage area,2
9710-NJERN,No,Not Churned,4
9837-FWLCH,No,Not Churned,5
1699-HPSBG,Yes,Competitor made better offer,1
7203-OYKCT,No,Not Churned,5
1035-IPQPU,No,Not Churned,4
7398-LXGYX,No,Not Churned,4
2823-LKABH,No,Not Churned,5
8775-CEBBJ,Yes,Price too high,2
0550-DCXLH,No,Not Churned,4
9281-CEDRU,No,Not Churned,4
2235-DWLJU,No,Not Churned,4
0871-OPBXW,No,Not Churned,5
3605-JISKB,No,Not Churned,4
6894-LFHLY,Yes,Network reliability,1
9767-FFLEM,No,Not Churned,4
0639-TSIQW,Yes,Competitor made better offer,2
8456-QDAVC,No,Not Churned,4
7750-EYXWZ,No,Not Churned,5
2569-WGERO,No,Not Churned,5
6840-RESVB,No,Not Churned,5
2234-XADUH,No,Not Churned,4
4801-JZAZL,No,Not Churned,5
8361-LTMKD,Yes,Network reliability,2
3186-AJIEK,No,Not Churned,3
