customerID,gender,SeniorCitizen,Partner,Dependents,State,City,Latitude,Longitude
7590-VHVEG,Female,0,Yes,No,GA,Atlanta,33.783766201925545,-84.36103339691188
5575-GNVDE,Male,0,No,No,AZ,Phoenix,33.29859370497774,-112.17545769806766
3668-QPYBK,Male,0,No,No,GA,Atlanta,33.775072238324604,-84.31528358986003
7795-CFOCW,Male,0,No,No,CA,San Diego,32.756359057399045,-117.23918978184524
9237-HQITU,Female,0,No,No,CO,Denver,39.84193648826003,-104.91329589688272
9305-CDSKC,Female,0,No,No,CA,San Diego,32.62981009467098,-117.0939463033832
1452-KIOVK,Male,0,No,Yes,NY,New York,40.73307565186926,-74.14151542765136
6713-OKOMC,Female,0,No,No,CA,San Francisco,37.77130537426316,-122.52614907218103
7892-POOKP,Female,0,Yes,No,TX,Houston,29.655867288071494,-95.22583987980211
6388-TABGU,Male,0,No,Yes,IL,Chicago,41.849782833801434,-87.6189066186979
9763-GRSKD,Male,0,Yes,Yes,WA,Seattle,47.72224845245421,-122.346384711744
7469-LKBCI,Male,0,No,No,FL,Orlando,28.653135174205005,-81.50448233937985
8091-TTVAX,Male,0,Yes,No,NY,New York,40.69028249838466,-73.97521140578255
0280-XJGEX,Male,0,No,No,CA,San Francisco,37.86015517752045,-122.50121974284956
5129-JLPIS,Male,0,No,No,CA,Los Angeles,34.18932021861126,-118.30763634377736
3655-SNQYZ,Female,0,Yes,Yes,CA,San Francisco,37.70440483573774,-122.31299097757535
8191-XWSZG,Female,0,No,No,GA,Atlanta,33.792452397900014,-84.4670497672572
9959-WOFKT,Male,0,No,Yes,MA,Boston,42.40559039037183,-71.1614397761416
4190-MFLUW,Female,0,Yes,Yes,FL,Orlando,28.478274828123016,-81.4313861624314
4183-MYFRB,Female,0,No,No,CA,Los Angeles,34.15511716305124,-118.14006504406042
8779-QRDMV,Male,1,No,No,GA,Atlanta,33.79396717790687,-84.47960422922345
1680-VDCWW,Male,0,Yes,No,CA,Los Angeles,34.16769634177614,-118.29162113099727
1066-JKSGK,Male,0,No,No,MA,Boston,42.47018946524786,-71.04029854089363
3638-WEABW,Female,0,Yes,No,FL,Orlando,28.54313512684446,-81.32212226508557
6322-HRPFA,Male,0,Yes,Yes,TX,Houston,29.821371646198283,-95.23775851132983
6865-JZNKO,Female,0,No,No,GA,Atlanta,33.63581221951499,-84.3175212679499
6467-CHFZW,Male,0,Yes,Yes,AZ,Phoenix,33.58641766265269,-111.93162180772471
8665-UTDHZ,Male,0,Yes,Yes,TX,Dallas,32.755341747843694,-96.6643905524126
5248-YGIJN,Male,0,Yes,No,CA,Los Angeles,33.99972003849874,-118.36327211184201
8773-HHUOZ,Female,0,No,Yes,CA,Los Angeles,33.986150022362025,-118.13057692897067
3841-NFECX,Female,1,Yes,No,TX,Dallas,32.73423137683697,-96.79243777830251
4929-XIHVW,Male,1,Yes,No,CA,San Francisco,37.78367149543283,-122.49595247551002
6827-IEAUQ,Female,0,Yes,Yes,NY,Buffalo,42.87773741916579,-78.96562213526013
7310-EGVHZ,Male,0,No,No,TX,Houston,29.723986344043336,-95.43958216396322
3413-BMNZE,Male,1,No,No,CA,San Diego,32.68483367771679,-117.21805500012819
6234-RAAPL,Female,0,Yes,Yes,TX,Dallas,32.77830732113304,-96.7660351074362
6047-YHPVI,Male,0,No,No,NY,Buffalo,42.92446263305196,-78.84456283810786
6572-ADKRS,Female,0,No,No,CA,San Diego,32.61536778413628,-117.16163063390067
5380-WJKOV,Male,0,No,No,TX,Dallas,32.80089668667358,-96.74579086289944
8168-UQWWF,Female,0,No,No,MA,Boston,42.491359254473466,-71.20433888096333
8865-TNMNX,Male,0,Yes,Yes,FL,Miami,25.90431413404659,-80.11168603857313
9489-DEDVP,Female,0,Yes,Yes,AZ,Phoenix,33.57838602984454,-112.11906266344269
9867-JCZSP,Female,0,Yes,Yes,CA,Los Angeles,33.97276092995792,-118.22804755328006
4671-VJLCL,Female,0,No,No,NY,Buffalo,42.77769885068193,-78.81238464663329
4080-IIARD,Female,0,Yes,No,FL,Orlando,28.50777848781452,-81.33265521187029
3714-NTNFO,Female,0,No,No,TX,Houston,29.8293554013918,-95.44510400170498
5948-UJZLF,Male,0,No,No,CO,Denver,39.684738404164236,-104.90871892647122
7760-OYPDY,Female,0,No,No,CO,Denver,39.73183842199669,-105.05869821365467
7639-LIAYI,Male,0,No,No,TX,Dallas,32.76994377708619,-96.8927139746777
2954-PIBKO,Female,0,Yes,Yes,NY,New York,40.572817537064644,-73.95823646891807
8012-SOUDQ,Female,1,No,No,CA,San Francisco,37.9018927408802,-122.43633169174562
9420-LOJKX,Female,0,No,No,TX,Austin,30.14678712268757,-97.89267408036802
6575-SUVOI,Female,1,Yes,No,NY,New York,40.58565052132267,-74.09194102057918
7495-OOKFY,Female,1,Yes,No,GA,Atlanta,33.77114098541826,-84.26712489720342
4667-QONEA,Female,1,Yes,Yes,WA,Seattle,47.572917913651025,-122.45353597948102
1658-BYGOY,Male,1,No,No,CA,San Diego,32.74735639130123,-117.2256930562312
8769-KKTPH,Female,0,Yes,Yes,CA,San Francisco,37.75778579981754,-122.31933826712716
5067-XJQFU,Male,1,Yes,Yes,CO,Denver,39.758207604820825,-104.8478679568642
3957-SQXML,Female,0,Yes,Yes,FL,Miami,25.710560507607834,-80.0938496953158
5954-BDFSG,Female,0,No,No,TX,Houston,29.71944025715391,-95.3777217754362
0434-CSFON,Female,0,Yes,No,IL,Chicago,41.94399045372365,-87.7189819174622
1215-FIGMP,Male,0,No,No,TX,Austin,30.244749339739677,-97.82469586705743
0526-SXDJP,Male,0,Yes,No,CA,Los Angeles,34.15079928270339,-118.2566523281198
0557-ASKVU,Female,0,Yes,Yes,WA,Seattle,47.584358294236246,-122.32018074369144
5698-BQJOH,Female,0,No,No,CA,San Diego,32.62701312381789,-117.28595090028871
5122-CYFXA,Female,0,No,No,IL,Chicago,42.00831308329133,-87.57062934198234
8627-ZYGSZ,Male,0,Yes,No,IL,Chicago,42.02344065325862,-87.7239535627348
3410-YOQBQ,Female,0,No,No,NY,New York,40.81443899045067,-73.95105564256677
3170-NMYVV,Female,0,Yes,Yes,AZ,Phoenix,33.46402301291908,-112.22184346424123
7410-OIEDU,Male,0,No,No,CA,San Diego,32.66678543937741,-117.13385492541377
2273-QCKXA,Male,0,No,No,TX,Dallas,32.717572020073575,-96.9444811816479
0731-EBJQB,Female,0,Yes,Yes,MA,Boston,42.37318944504292,-71.07262738788384
1891-QRQSA,Male,1,Yes,Yes,WA,Seattle,47.68848517678216,-122.2548788220306
8028-PNXHQ,Male,0,Yes,Yes,WA,Seattle,47.730215056859436,-122.38247597927129
5630-AHZIL,Female,0,No,Yes,AZ,Phoenix,33.429063617797134,-112.15039814695236
2673-CXQEU,Female,1,No,No,CO,Denver,39.78481336698921,-104.92723192419466
6416-JNVRK,Female,0,No,No,GA,Atlanta,33.72374725372345,-84.51329914018854
5590-ZSKRV,Female,0,Yes,Yes,TX,Dallas,32.76556760347491,-96.65088144354891
0191-ZHSKZ,Male,1,No,No,NY,New York,40.63751247239302,-73.97425261016532
3887-PBQAO,Female,0,Yes,Yes,AZ,Phoenix,33.54197677040583,-112.20331775974051
5919-TMRGD,Female,0,No,Yes,TX,Houston,29.826456504327005,-95.46679312180679
8108-UXRQN,Female,0,Yes,Yes,IL,Chicago,41.93114596781207,-87.7748232944919
9191-MYQKX,Female,0,Yes,No,CA,Los Angeles,34.09797890176263,-118.3929824655209
9919-YLNNG,Female,0,No,No,NY,New York,40.785238911882836,-74.00182840261526
0318-ZOPWS,Female,0,Yes,No,GA,Atlanta,33.86630934626285,-84.53645787711858
4445-ZJNMU,Male,0,No,No,MA,Boston,42.476035054810794,-71.0172502124911
4808-YNLEU,Female,0,Yes,No,TX,Dallas,32.87593188891354,-96.73394739615865
1862-QRWPE,Female,0,Yes,Yes,NY,Buffalo,43.011058629951066,-78.89689375980608
2796-NNUFI,Female,0,Yes,Yes,WA,Seattle,47.5078415132108,-122.44284845192318
3016-KSVCP,Male,0,Yes,No,NY,New York,40.8559692159338,-73.97578331858988
4767-HZZHQ,Male,0,Yes,Yes,NY,Buffalo,42.80306695694704,-78.99647292556317
2424-WVHPL,Male,1,No,No,CA,San Francisco,37.74591545403029,-122.36041815703469
7233-PAHHL,Male,0,Yes,Yes,WA,Seattle,47.73547816886744,-122.40232667281033
6067-NGCEU,Female,0,No,No,IL,Chicago,41.769155849304,-87.51218032535394
9848-JQJTX,Male,0,No,No,TX,Austin,30.304118473089623,-97.63362744952391
8637-XJIVR,Female,0,No,No,NY,Buffalo,42.99152079206404,-78.9466169728305
9803-FTJCG,Male,0,Yes,Yes,FL,Orlando,28.624745050197454,-81.52870743972879
0278-YXOOG,Male,0,No,No,CA,San Diego,32.75466386288979,-117.16542044572653
3212-KXOCR,Male,0,No,No,TX,Dallas,32.62754717290946,-96.86869412680535
4598-XLKNJ,Female,1,Yes,No,FL,Miami,25.706465418211987,-80.19921245750213
6380-ARCEH,Male,0,No,No,CA,San Francisco,37.751329496566065,-122.55586060417855
3679-XASPY,Female,0,Yes,Yes,CO,Denver,39.692501676892924,-105.04754006810067
7123-WQUHX,Male,0,No,No,CA,San Diego,32.592883478255914,-117.13632868007205
5386-THSLQ,Female,1,Yes,No,CA,San Francisco,37.78789940595058,-122.39299869516819
3192-NQECA,Male,0,Yes,No,CA,San Francisco,37.714894475450244,-122.36401925287839
6180-YBIQI,Male,0,No,No,TX,Houston,29.650447189689743,-95.42419025331375
6728-DKUCO,Female,0,Yes,Yes,CO,Denver,39.86041460063588,-104.97652841292525
9750-BOOHV,Female,0,No,No,TX,Austin,30.171563966741065,-97.86913083457712
8597-CWYHH,Male,0,No,No,FL,Orlando,28.63571783692631,-81.3938340986131
2848-YXSMW,Male,0,Yes,Yes,CA,Los Angeles,34.126525194606856,-118.15692347085324
0486-HECZI,Male,0,Yes,No,FL,Miami,25.878945817953856,-80.18186379497477
4549-ZDQYY,Female,0,No,No,WA,Seattle,47.59209426640227,-122.20006880491843
5712-AHQNN,Female,0,No,No,CA,San Francisco,37.64827685329966,-122.43361876162533
4846-WHAFZ,Female,1,Yes,No,NY,New York,40.57328923277761,-73.95463638755162
5256-SKJGO,Female,0,Yes,Yes,TX,Houston,29.72302138720095,-95.37603959507958
3071-VBYPO,Male,0,Yes,Yes,TX,Houston,29.810031577160295,-95.3757637229431
9560-BBZXK,Female,0,No,No,WA,Seattle,47.741826383763495,-122.36728507327993
5299-RULOA,Female,0,Yes,Yes,TX,Austin,30.12555781002369,-97.87955045854909
8402-OOOHJ,Female,0,No,No,FL,Orlando,28.67955557507979,-81.4077384395841
9445-ZUEQE,Male,0,Yes,Yes,NY,Buffalo,42.77783572139484,-78.9324970728623
1091-SOZGA,Female,0,Yes,Yes,FL,Orlando,28.390482780226282,-81.4661947435052
2928-HLDBA,Female,0,No,No,CA,San Diego,32.768795551320615,-117.0358145367378
0404-SWRVG,Male,0,No,No,TX,Houston,29.696260207403206,-95.295071148146
6497-TILVL,Female,0,Yes,Yes,WA,Seattle,47.62703496158333,-122.20600167070546
7219-TLZHO,Female,0,Yes,Yes,TX,Houston,29.84603346572681,-95.27336323211406
4622-YNKIJ,Male,0,No,No,TX,Houston,29.736649956126648,-95.46371330986436
4412-YLTKF,Female,1,No,No,FL,Miami,25.770164354123082,-80.0436001917313
6734-PSBAW,Male,0,Yes,No,GA,Atlanta,33.68557764547529,-84.28137515808967
3930-ZGWVE,Male,0,No,No,NY,New York,40.85379481993151,-73.9642843611789
2639-UGMAZ,Male,1,No,No,FL,Orlando,28.56040781067586,-81.51762049486304
2876-GZYZC,Female,0,No,No,NY,Buffalo,42.85532564286111,-78.87117448913033
6207-WIOLX,Female,0,Yes,Yes,GA,Atlanta,33.66359572702514,-84.43405395045868
8587-XYZSF,Male,0,No,No,NY,New York,40.573217750118,-73.90430536389131
3091-FYHKI,Male,0,No,No,TX,Houston,29.77586108563347,-95.33232180621692
2372-HWUHI,Male,0,No,No,FL,Orlando,28.522416943276802,-81.39563802898319
7799-LGRDP,Female,0,No,No,NY,New York,40.74235675630014,-74.06007065815197
7850-VWJUU,Female,0,No,No,CO,Denver,39.792561498587446,-104.94682554814715
3774-VBNXY,Female,0,Yes,Yes,NY,New York,40.80532074891497,-74.09640799196636
6217-KDYWC,Male,0,No,Yes,WA,Seattle,47.54303536472202,-122.24731884135373
0390-DCFDQ,Female,1,Yes,No,NY,New York,40.63269961694796,-74.152139575078
3146-MSEGF,Female,1,Yes,Yes,CA,San Francisco,37.871047768679105,-122.45608391722563
4080-OGPJL,Female,0,No,No,AZ,Phoenix,33.37156052842428,-112.01328841709717
1095-WGNGG,Female,0,Yes,No,GA,Atlanta,33.853745755931655,-84.44337581695709
2636-SJDOU,Male,0,No,No,IL,Chicago,41.82328269816336,-87.71049140895605
1131-QQZEB,Male,1,Yes,No,TX,Houston,29.79978903652278,-95.351333422538
5716-EZXZN,Female,0,Yes,Yes,TX,Dallas,32.69789548406938,-96.72611789072539
6837-BJYDQ,Male,0,No,No,TX,Houston,29.818574603400897,-95.48011109133144
2135-RXIHG,Male,0,No,No,CA,San Francisco,37.750999034156884,-122.4687525418957
6440-DKQGE,Male,0,No,Yes,MA,Boston,42.46859678140436,-71.06575450366309
3466-BYAVD,Male,0,Yes,Yes,AZ,Phoenix,33.56471543116042,-112.22390949980687
3780-YVMFA,Female,0,Yes,Yes,CA,Los Angeles,34.070994245934976,-118.16969394565665
3874-EQOEP,Male,0,No,No,TX,Austin,30.322341153544876,-97.64881275466759
1679-JRFBR,Female,0,Yes,Yes,FL,Miami,25.87878671004247,-80.24809022866121
9073-ZZIAY,Male,0,Yes,Yes,AZ,Phoenix,33.580016552155996,-112.02930326138873
3077-RSNTJ,Female,0,Yes,Yes,NY,New York,40.568977002932854,-74.14054495240791
6551-GNYDG,Female,0,Yes,Yes,GA,Atlanta,33.88714186974223,-84.51369643394933
9167-APMXZ,Female,0,No,No,MA,Boston,42.366203406613856,-71.18450912822912
2749-CTKAJ,Male,0,Yes,Yes,WA,Seattle,47.50243339390184,-122.1922503998908
6371-NZYEG,Male,0,Yes,Yes,FL,Miami,25.820344782585256,-80.21940310111144
7554-NEWDD,Male,0,No,No,FL,Orlando,28.58010969190687,-81.34129211519213
8992-VONJD,Female,0,No,Yes,AZ,Phoenix,33.54980320567547,-111.98042611533582
0867-MKZVY,Female,0,Yes,No,CA,San Francisco,37.77021915444837,-122.49774573439257
4482-EWFMI,Female,0,No,No,CA,Los Angeles,34.18118258422524,-118.28976466671169
4648-YPBTM,Male,0,No,No,TX,Houston,29.633470243713603,-95.32293752237369
2907-ILJBN,Female,0,Yes,Yes,AZ,Phoenix,33.44949627550746,-112.2169353843983
6345-FZOQH,Male,0,Yes,No,CA,San Francisco,37.71915868275642,-122.55097191121935
3376-BMGFE,Female,0,No,No,TX,Houston,29.71843210035024,-95.49060596844691
5997-OPVFA,Male,0,Yes,No,TX,Dallas,32.87753777302612,-96.90424410056718
3445-HXXGF,Male,1,Yes,No,GA,Atlanta,33.84370685639002,-84.35127167940576
1159-WFSGR,Female,0,Yes,Yes,NY,Buffalo,42.82943677212019,-78.8775489473132
7654-YWJUF,Male,0,Yes,No,AZ,Phoenix,33.396976731332884,-112.09926995080389
1875-QIVME,Female,0,Yes,No,NY,New York,40.67110456658321,-73.90441542257874
6727-IOTLZ,Male,0,Yes,No,CO,Denver,39.79638865352397,-104.94230048232276
0691-JVSYA,Female,0,Yes,No,CA,San Francisco,37.7258020528847,-122.49117457011522
5918-VUKWP,Female,0,No,No,TX,Dallas,32.77056383673829,-96.66905300539733
1744-JHKYS,Female,0,Yes,No,GA,Atlanta,33.613845929942066,-84.32932114283331
2656-FMOKZ,Female,1,No,No,CO,Denver,39.83922609483545,-105.09549199762937
2070-FNEXE,Female,1,No,No,TX,Houston,29.910130685318656,-95.47737809878235
5947-SGKCL,Female,0,Yes,Yes,CO,Denver,39.76483454235785,-105.07658190774899
3712-PKXZA,Male,0,Yes,No,TX,Houston,29.83857778628612,-95.26194412504972
6317-YPKDH,Female,0,No,No,NY,Buffalo,42.86732431307653,-78.73228351053011
6582-OIVSP,Female,0,No,No,NY,New York,40.821902181317206,-73.89158774181135
9367-WXLCH,Male,0,No,No,FL,Miami,25.62581432192407,-80.31822727801034
5524-KHNJP,Male,0,Yes,Yes,NY,New York,40.6580478724748,-73.95687664625768
1918-ZBFQJ,Female,0,No,No,AZ,Phoenix,33.47313662076877,-112.11773685291318
1024-GUALD,Female,0,Yes,No,CO,Denver,39.678682419664824,-104.9839041745962
4827-USJHP,Male,0,No,No,CO,Denver,39.74124695208757,-104.990325642205
8167-GJLRN,Male,0,No,No,MA,Boston,42.38497597497584,-71.03375878651799
0956-SYCWG,Female,0,No,No,TX,Dallas,32.821651870104986,-96.93039285785055
8017-UVSZU,Female,0,Yes,No,TX,Dallas,32.9191796019693,-96.75481837017229
7100-FQPRV,Male,0,Yes,Yes,NY,Buffalo,42.990181149877046,-78.85146650453979
2472-OVKUP,Male,0,Yes,No,CA,Los Angeles,34.11746191190306,-118.18126210107137
2984-RGEYA,Female,0,Yes,Yes,CA,Los Angeles,33.98249796811114,-118.16193247767349
9680-NIAUV,Female,0,Yes,Yes,FL,Orlando,28.42313533891402,-81.37519339040837
2146-EGVDT,Male,0,Yes,Yes,FL,Miami,25.640332050242336,-80.12307191832095
2604-IJPDU,Female,0,Yes,No,FL,Miami,25.811139090595198,-80.33520284796637
9178-JHUVJ,Male,0,Yes,Yes,TX,Dallas,32.79997866429369,-96.87725169758342
6168-YBYNP,Male,0,No,No,IL,Chicago,41.82580594564438,-87.50251349685854
7255-SSFBC,Male,0,Yes,Yes,MA,Boston,42.281368129494005,-71.1542424302124
3645-DEYGF,Male,0,No,Yes,IL,Chicago,41.9285030955658,-87.71970293190324
9323-HGFWY,Female,0,Yes,No,AZ,Phoenix,33.499739936700074,-112.19759600774728
8544-GOQSH,Female,0,No,No,AZ,Phoenix,33.46275983150727,-112.17128130193471
3363-DTIVD,Male,0,Yes,Yes,FL,Miami,25.745472222265477,-80.07280984754128
7018-WBJNK,Male,0,No,Yes,GA,Atlanta,33.65129372898707,-84.4523458004334
9142-KZXOP,Male,0,No,No,NY,New York,40.58408880571701,-74.0353184217149
7674-YTAFD,Female,0,No,No,CA,San Francisco,37.769331602485416,-122.41825019465969
6348-SNFUS,Male,0,Yes,Yes,GA,Atlanta,33.67617099812497,-84.47337083338277
1285-OKIPP,Male,0,No,No,NY,New York,40.790477357512714,-74.06046416057602
7825-ECJRF,Female,0,No,No,FL,Miami,25.77217801287575,-80.06896625134948
1347-KTTTA,Male,0,Yes,No,NY,Buffalo,42.751327912880384,-78.9088066542203
7841-TZDMQ,Male,0,No,No,IL,Chicago,41.94219765888765,-87.70588645400404
4195-NZGTA,Female,0,No,No,CO,Denver,39.793184563126395,-105.09023226972012
7157-SMCFK,Male,0,No,Yes,CO,Denver,39.860503756348734,-105.03374258270026
4709-LKHYG,Female,0,Yes,Yes,FL,Orlando,28.452125910541223,-81.38404862996178
2504-DSHIH,Male,1,Yes,No,IL,Chicago,41.97434287359074,-87.6755114877247
0699-NDKJM,Female,0,Yes,No,WA,Seattle,47.73504430887773,-122.38905737162221
9286-BHDQG,Male,0,Yes,Yes,CA,San Francisco,37.80872167206915,-122.38705075527169
0230-WEQUW,Male,0,Yes,No,NY,Buffalo,42.957647192503394,-78.84541783745651
2040-LDIWQ,Male,0,Yes,Yes,AZ,Phoenix,33.31594988529413,-112.04778750540463
6496-JDSSB,Female,0,No,No,CO,Denver,39.62535815234754,-104.85834955168251
9408-SSNVZ,Female,0,No,No,WA,Seattle,47.47762343901465,-122.21404171944225
4443-EMBNA,Female,0,Yes,No,CA,San Francisco,37.85631008031322,-122.445045365205
6469-MRVET,Male,0,Yes,Yes,NY,Buffalo,42.88536043096222,-78.82901487817098
0742-MOABM,Male,0,Yes,No,FL,Orlando,28.393898804838148,-81.42656227794072
5961-VUSRV,Female,0,No,No,GA,Atlanta,33.840239346880196,-84.3835653345136
6778-JFCMK,Male,0,No,No,FL,Miami,25.753621471084603,-80.31347444733494
6341-JVQGF,Female,0,Yes,Yes,NY,Buffalo,42.92809600031308,-78.92109808292484
2232-DMLXU,Female,0,Yes,No,MA,Boston,42.2762547120722,-71.0156320056187
4811-JBUVU,Male,0,No,No,CA,San Francisco,37.75439595377053,-122.43417107569873
0945-TSONX,Female,0,Yes,Yes,TX,Houston,29.716121534093787,-95.45885997009808
2651-ZCBXV,Male,0,No,No,CA,San Francisco,37.71084559673407,-122.55711384024669
3316-UWXUY,Male,0,No,No,FL,Miami,25.910882736285902,-80.17094987954599
8937-RDTHP,Male,0,No,No,GA,Atlanta,33.71564695401257,-84.335669089476
7083-MIOPC,Female,0,No,No,NY,Buffalo,42.838981068987984,-78.81013562538938
1984-GPTEH,Female,0,No,No,TX,Austin,30.30148295862553,-97.85950129265898
1251-KRREG,Male,0,No,No,CA,San Francisco,37.715273143593855,-122.31465589708418
0621-JFHOL,Female,0,No,No,CA,San Diego,32.58035562337741,-117.30752927426285
9903-LYSAB,Male,0,Yes,No,TX,Austin,30.178636537994777,-97.72429346178286
0094-OIFMO,Female,1,No,No,CA,San Diego,32.726568500144744,-117.08397571429282
9227-UAQFT,Male,0,No,No,CA,San Diego,32.70461698496448,-117.2229090138444
7301-ABVAD,Female,0,No,No,GA,Atlanta,33.75534021855348,-84.52656130128352
6614-FHDBO,Male,0,No,No,AZ,Phoenix,33.50537728864625,-111.9981529221907
7576-ASEJU,Female,0,Yes,Yes,FL,Orlando,28.399734784717165,-81.37932268758439
9058-HRZSV,Female,1,Yes,No,TX,Houston,29.837093029900416,-95.25363627572162
4522-AKYLR,Female,1,No,No,CA,San Diego,32.62098112283413,-117.03805859556758
0221-WMXNQ,Male,1,No,No,WA,Seattle,47.68218886611887,-122.2064027657194
0303-UNCIP,Male,0,No,No,GA,Atlanta,33.6059630868539,-84.2398378013039
9947-OTFQU,Male,1,No,No,NY,New York,40.76931075086397,-73.97975655996657
0322-YINQP,Male,0,No,No,NY,Buffalo,42.91069832395076,-78.97786853424388
0959-WHOKV,Male,0,No,No,FL,Orlando,28.664330029689623,-81.36135587978676
4075-JFPGR,Female,0,Yes,No,CA,San Francisco,37.800775376874284,-122.55811714639044
4629-NRXKX,Female,0,Yes,Yes,GA,Atlanta,33.677348266835075,-84.5248134820417
9514-JDSKI,Male,1,Yes,No,TX,Houston,29.701714515253784,-95.36002201645718
3282-ZISZV,Male,0,No,Yes,WA,Seattle,47.60043366094181,-122.29787865156356
3675-YDUPJ,Male,0,No,No,IL,Chicago,41.9189731662788,-87.60814286528897
4111-BNXIF,Female,0,Yes,Yes,CO,Denver,39.8559053007079,-104.92645078661009
7017-VFHAY,Female,0,Yes,Yes,FL,Miami,25.818392973638257,-80.18445829040907
6655-LHBYW,Male,0,No,No,WA,Seattle,47.75070360736512,-122.37349115678226
4959-JOSRX,Female,0,Yes,No,IL,Chicago,41.73121427051667,-87.67710893732782
5046-NUHWD,Female,1,Yes,No,TX,Houston,29.75043470790473,-95.30625120862028
7273-TEFQD,Male,1,No,No,AZ,Phoenix,33.407187520903506,-112.12493340804164
3606-TWKGI,Male,1,No,No,IL,Chicago,41.781232097574986,-87.76332017133916
7529-ZDFXI,Male,1,Yes,No,IL,Chicago,41.79837111771388,-87.71311539003845
7605-BDWDC,Female,0,No,No,WA,Seattle,47.52435954398537,-122.24216458567878
1950-KSVVJ,Female,0,Yes,No,NY,Buffalo,42.98306362198581,-78.87538667514397
0123-CRBRT,Female,0,Yes,Yes,FL,Orlando,28.563336293655016,-81.44846853523981
6292-TOSSS,Male,0,No,No,WA,Seattle,47.576557803423654,-122.30724330346114
3197-ARFOY,Female,1,No,No,FL,Orlando,28.543914642951457,-81.42375148411477
6323-AYBRX,Male,0,No,No,GA,Atlanta,33.85346505992944,-84.26928979841253
7014-ZZXAW,Female,0,Yes,No,WA,Seattle,47.61318405275946,-122.35527566354088
4385-GZQXV,Female,1,No,No,TX,Houston,29.63997945567611,-95.32768960068815
7633-MVPUY,Male,0,Yes,No,TX,Houston,29.804061972907885,-95.38336133454662
6366-ZGQGL,Male,0,No,No,GA,Atlanta,33.7949693305297,-84.39679318174831
4716-HHKQH,Male,1,Yes,No,TX,Austin,30.304182082175096,-97.7561783449597
5940-AHUHD,Male,0,No,No,WA,Seattle,47.732761957428664,-122.41882302414783
6432-TWQLB,Male,0,Yes,No,NY,New York,40.62647191723755,-73.88393714388172
4484-GLZOU,Female,0,Yes,No,CA,Los Angeles,34.20144949169393,-118.25801189119423
3179-GBRWV,Male,1,Yes,No,FL,Miami,25.632223549574796,-80.05655534966074
8645-KWHJO,Male,0,No,No,NY,Buffalo,42.97022573406249,-78.82075690482313
4130-MZLCC,Female,0,No,No,NY,Buffalo,42.920834786879944,-78.83401448144322
0314-TKOSI,Female,0,No,No,TX,Dallas,32.86417303007773,-96.79646725161464
8229-MYEJZ,Female,0,No,No,TX,Dallas,32.7331969854638,-96.65634123149933
2080-SRCDE,Female,0,No,Yes,TX,Austin,30.416369657097956,-97.79274666927823
9577-WJVCQ,Female,0,No,No,CA,Los Angeles,33.94000093947517,-118.17542162373884
9512-UIBFX,Male,0,Yes,Yes,FL,Miami,25.803094034215764,-80.27727475960099
6202-DYYFX,Female,0,No,No,CO,Denver,39.87824437500429,-105.05983618509298
3808-HFKDE,Female,0,No,No,FL,Orlando,28.577107977041415,-81.3628933306742
5583-SXDAG,Male,0,Yes,No,CA,San Diego,32.730061959188035,-117.20660226524886
3488-PGMQJ,Male,1,No,No,TX,Austin,30.244700208940717,-97.74446375436689
3580-REOAC,Male,0,No,No,CA,San Francisco,37.82696599034187,-122.50168032569222
7534-BFESC,Male,1,No,No,TX,Austin,30.361473410121985,-97.79426099467793
3727-OWVYD,Male,0,No,No,CO,Denver,39.71565116006021,-105.0727991760109
2294-SALNE,Male,0,Yes,Yes,FL,Orlando,28.68530590873855,-81.48551110988299
4847-TAJYI,Female,1,No,No,MA,Boston,42.34704198615187,-71.03693185493982
1563-IWQEX,Female,0,No,No,WA,Seattle,47.541334697930424,-122.45240804326669
8203-XJZRC,Male,0,No,No,CO,Denver,39.76850912294796,-104.91989550244968
6556-DBKZF,Female,0,Yes,Yes,CA,San Diego,32.586360161100416,-117.03050611954463
6851-WEFYX,Male,1,Yes,No,IL,Chicago,41.78769231384584,-87.56646323773361
2985-JUUBZ,Male,0,Yes,Yes,TX,Dallas,32.723305318575086,-96.83387351020114
6390-DSAZX,Female,0,No,Yes,TX,Houston,29.84809005603966,-95.46517094555283
0895-LMRSF,Male,0,No,No,CA,Los Angeles,33.95786057801584,-118.12621206949015
8098-LLAZX,Female,1,No,No,TX,Houston,29.79480116954962,-95.29871667215635
8266-VBFQL,Male,0,No,No,NY,Buffalo,43.03125654304931,-78.9521403566773
8181-YHCMF,Female,0,Yes,Yes,WA,Seattle,47.68137926483743,-122.22640216878035
2240-HSJQD,Male,0,No,Yes,NY,Buffalo,42.87903813993366,-78.94507313831139
1248-DYXUB,Male,0,Yes,Yes,CA,San Diego,32.80934837553079,-117.22248167780867
0265-EDXBD,Male,1,Yes,No,TX,Austin,30.153435330564243,-97.74865765102426
4115-BNPJY,Male,0,Yes,Yes,CA,San Francisco,37.80156809361887,-122.32962737676111
3167-SNQPL,Male,1,Yes,Yes,NY,Buffalo,42.85048774844125,-78.97885789736948
4091-TVOCN,Male,0,No,Yes,TX,Austin,30.389710820867,-97.84482026767957
1098-TDVUQ,Female,0,No,No,FL,Orlando,28.481470426782266,-81.49773654750196
7277-OZCGZ,Female,0,No,No,CA,San Francisco,37.83144519409983,-122.38021765418281
1557-EMYVT,Female,0,No,No,IL,Chicago,41.7979961738831,-87.64040289850448
2799-ARNLO,Female,1,Yes,No,CA,San Diego,32.79169972466207,-117.1072843722538
7563-BIUPC,Male,0,No,No,AZ,Phoenix,33.59206336764703,-112.18678807857984
5027-YOCXN,Male,0,Yes,Yes,IL,Chicago,41.86716966239635,-87.67200238594293
3973-SKMLN,Male,0,No,No,FL,Miami,25.877948241728657,-80.1955455372827
2321-OMBXY,Female,0,Yes,Yes,TX,Austin,30.22200483669809,-97.67068627389929
2840-XANRC,Male,1,Yes,No,CA,Los Angeles,34.017419025717786,-118.11144363142074
6745-JEFZB,Male,0,Yes,No,FL,Orlando,28.42277702907133,-81.37055941976273
5020-ZSTTY,Female,1,No,No,TX,Houston,29.8923719233714,-95.23027936951745
9880-TDQAC,Female,0,Yes,Yes,TX,Houston,29.76570514539043,-95.26015470047295
8705-WZCYL,Male,0,No,No,TX,Houston,29.740334299009433,-95.42368499560207
7102-JJVTX,Female,0,Yes,Yes,CA,San Francisco,37.64528423570042,-122.45044250402364
8626-PTQGE,Male,0,No,No,NY,Buffalo,42.75873152554377,-78.86420692922395
4983-CLMLV,Female,0,Yes,No,NY,New York,40.64920987328697,-74.11738894706394
5701-YVSVF,Female,1,Yes,No,TX,Houston,29.86682369420919,-95.36668257692267
5804-LEPIM,Female,1,No,No,CA,San Francisco,37.90748589312593,-122.42938191323144
5697-GOMBF,Female,1,Yes,Yes,NY,Buffalo,42.95028118181055,-78.95138275839672
2739-CACDQ,Female,1,No,No,CA,San Diego,32.82573228225356,-117.01645914780835
9385-EHGDO,Female,0,Yes,Yes,CO,Denver,39.829603846873745,-105.06336012432311
9498-FIMXL,Female,0,No,No,NY,New York,40.85559396583189,-73.97214698840823
2379-GYFLQ,Male,0,No,No,TX,Austin,30.23673552930624,-97.86209709418443
0122-OAHPZ,Female,0,No,No,FL,Orlando,28.637354422734404,-81.39395092220977
2868-SNELZ,Female,0,No,No,FL,Miami,25.886633082855603,-80.07938738836103
4322-RCYMT,Male,0,Yes,Yes,FL,Orlando,28.630415955561666,-81.40540074675789
6680-NENYN,Female,0,No,No,TX,Dallas,32.88518953066473,-96.93347834068217
2088-IEBAU,Female,0,No,No,IL,Chicago,41.72851294950317,-87.68150791098114
7982-VCELR,Female,0,No,No,NY,Buffalo,42.94981285479314,-78.84248605773769
1343-EHPYB,Male,0,Yes,No,FL,Miami,25.73981297288334,-80.05376376602739
6035-BXTTY,Female,1,No,No,TX,Austin,30.184348512859287,-97.7823680994676
6885-PKOAM,Female,0,Yes,No,FL,Orlando,28.650266861277935,-81.52480888962572
7520-HQWJU,Female,0,Yes,Yes,CA,San Diego,32.71226986199814,-117.05636054124696
9639-BUJXT,Male,0,No,No,TX,Dallas,32.62921727364738,-96.89275926995676
5924-SNGKP,Female,0,No,Yes,CO,Denver,39.6428283079247,-104.84303975419682
0021-IKXGC,Female,1,No,No,CO,Denver,39.62795447259244,-105.07178804558644
2034-GDRCN,Female,0,No,No,TX,Houston,29.881347913390123,-95.32267666246922
8966-SNIZF,Female,0,Yes,No,TX,Houston,29.82728792282704,-95.49063500667951
6243-OZGFH,Female,0,No,No,CA,San Francisco,37.75958889615152,-122.53929461159707
4654-DLAMQ,Female,1,Yes,No,NY,Buffalo,42.83876556023502,-79.01648039670754
0513-RBGPE,Male,0,Yes,Yes,MA,Boston,42.212072098516295,-71.04797769294659
5160-UXJED,Male,0,No,Yes,CO,Denver,39.67482008191564,-104.95334701532072
4115-NZRKS,Female,1,No,No,AZ,Phoenix,33.497163115825074,-112.14858322646141
0219-YTZUE,Male,0,Yes,Yes,FL,Miami,25.82296109406736,-80.09141180006502
0623-IIHUG,Female,1,No,No,TX,Austin,30.360799086743746,-97.6441885297848
4572-DVCGN,Female,0,No,No,NY,Buffalo,42.86433574173262,-78.89470272919452
3351-NGXYI,Female,1,No,No,NY,Buffalo,42.97400990022111,-78.90258669487268
8984-EYLLL,Male,0,Yes,No,GA,Atlanta,33.86217186619948,-84.52707137528637
9057-MSWCO,Male,1,Yes,No,GA,Atlanta,33.62203325992508,-84.37394278502626
9833-TGFHX,Male,0,Yes,Yes,NY,Buffalo,42.756469700453216,-78.75017440469752
9294-TDIPC,Male,0,No,Yes,GA,Atlanta,33.879828544372636,-84.32784933921718
5229-DTFYB,Female,0,No,No,CO,Denver,39.667519327776304,-104.87898397836338
0104-PPXDV,Male,0,Yes,No,TX,Austin,30.265064138075324,-97.66845979201861
5176-LMJXE,Female,0,No,No,CA,Los Angeles,33.90795527629206,-118.30005974088957
3583-KRKMD,Male,0,No,No,CA,Los Angeles,34.00376975486861,-118.2261815184238
1010-DIAUQ,Male,0,No,No,GA,Atlanta,33.73929694542384,-84.3943821024227
9069-LGEUL,Male,0,Yes,No,FL,Miami,25.724767267186287,-80.20257189388226
7302-ZHMHP,Female,0,No,No,GA,Atlanta,33.61422779969554,-84.2547336251812
9571-EDEBV,Male,0,Yes,No,MA,Boston,42.41682465821721,-71.18602803032833
3520-FJGCV,Male,0,Yes,Yes,CA,San Francisco,37.85042229373427,-122.27836310715294
6563-VRERX,Male,0,Yes,Yes,CA,Los Angeles,34.18675649748529,-118.3456556115095
0259-GBZSH,Male,0,No,No,MA,Boston,42.36744931154037,-71.1644210199326
6122-EFVKN,Male,0,No,Yes,GA,Atlanta,33.610784380781766,-84.36861960176076
2805-EDJPQ,Female,0,Yes,Yes,GA,Atlanta,33.63712207305413,-84.43426452691781
6862-CQUMB,Male,0,No,No,TX,Dallas,32.893570570291956,-96.67281648102879
7156-MXBJE,Female,0,No,No,WA,Seattle,47.719700227894535,-122.40391825269047
6158-HDPXZ,Male,0,No,No,MA,Boston,42.469740483997775,-71.08367190797458
9601-BRXPO,Female,0,Yes,No,IL,Chicago,41.79738724852923,-87.76489858852224
2863-IMQDR,Female,0,No,No,TX,Austin,30.13895989764418,-97.65315288187136
5686-CMAWK,Male,0,No,No,TX,Dallas,32.67498098950309,-96.88356059977438
5651-CRHKQ,Female,0,Yes,No,TX,Austin,30.23153645400108,-97.74394888541659
6905-NIQIN,Male,0,No,No,CA,Los Angeles,34.10849376290359,-118.19005551641898
8204-YJCLA,Male,1,Yes,Yes,NY,Buffalo,42.93941052201842,-79.0190564164125
5167-ZFFMM,Male,0,No,No,CA,San Francisco,37.83268928945815,-122.4039643281089
6583-SZVGP,Male,0,No,No,CA,San Diego,32.69091852852512,-117.1185591018696
4895-TMWIR,Male,1,Yes,No,IL,Chicago,41.818809085706576,-87.70858756522922
0533-BNWKF,Female,1,Yes,No,CA,San Diego,32.76722320966327,-117.23191889498548
1708-PBBOA,Female,0,No,No,NY,Buffalo,43.02337465942143,-78.84092087269282
8782-LKFPK,Male,0,No,No,IL,Chicago,41.93127454693811,-87.58304015004002
5522-JBWMO,Male,0,No,Yes,NY,Buffalo,42.91959360062774,-78.99708841260656
3597-MVHJT,Female,0,No,No,TX,Houston,29.764449402888275,-95.33094316072597
9774-NRNAU,Male,1,Yes,No,IL,Chicago,41.965069361673244,-87.52456879620613
0224-RLWWD,Female,1,No,No,NY,New York,40.794522118036646,-73.98271897396835
9967-ATRFS,Female,0,No,No,CA,San Francisco,37.79438847277756,-122.32042541648558
3951-NJCVI,Female,1,Yes,No,FL,Miami,25.639026396237636,-80.07284319104727
2977-CEBSX,Female,0,No,No,TX,Dallas,32.77118143011776,-96.74524240635522
0177-PXBAT,Male,1,Yes,No,CA,San Francisco,37.83294496335191,-122.34308751162534
6599-CEBNN,Female,0,No,No,AZ,Phoenix,33.30840603001925,-112.22143615793419
2519-ERQOJ,Male,1,No,No,NY,New York,40.681640298534795,-74.11240024521479
5876-QMYLD,Female,0,Yes,Yes,GA,Atlanta,33.62665206640378,-84.33622899121498
2277-AXSDC,Female,0,No,No,TX,Austin,30.154014931646703,-97.65967850525858
9442-JTWDL,Female,0,No,No,FL,Orlando,28.631900534289006,-81.35224147252465
0979-PHULV,Male,0,Yes,Yes,IL,Chicago,41.935432373455754,-87.50875993989307
3067-SVMTC,Female,0,Yes,No,MA,Boston,42.41115670102648,-70.91624390316058
5495-GPSRW,Male,0,No,No,CA,Los Angeles,34.188835917592364,-118.33754767198803
7606-BPHHN,Male,0,No,No,TX,Houston,29.795227201496605,-95.26600670318399
4742-DRORA,Male,0,Yes,Yes,CA,San Francisco,37.87939074429306,-122.35082158931777
0111-KLBQG,Male,1,Yes,Yes,TX,Houston,29.723535844407724,-95.37977316065775
4800-VHZKI,Female,0,No,No,GA,Atlanta,33.650175943364616,-84.41171479936371
7989-CHGTL,Male,0,No,No,NY,Buffalo,42.927284179500866,-79.01488538256058
0334-GDDSO,Male,1,No,No,NY,Buffalo,42.977675336552075,-78.89108701606497
4163-NCJAK,Female,0,Yes,No,NY,Buffalo,42.78138855365062,-78.86878053571945
5233-AOZUF,Female,0,Yes,No,TX,Austin,30.206719087016232,-97.73495529615317
5973-EJGDP,Male,0,No,No,TX,Houston,29.71148106847069,-95.28540696555254
1996-DBMUS,Female,1,Yes,No,NY,New York,40.81372919070252,-73.9425839597031
7916-VCCPB,Female,0,Yes,Yes,GA,Atlanta,33.60594616068157,-84.31037666707617
4686-GEFRM,Male,0,Yes,No,AZ,Phoenix,33.5316391985161,-112.17797151629267
5249-QYHEX,Female,0,Yes,Yes,TX,Houston,29.696141990341015,-95.3522909022496
0578-SKVMF,Female,0,Yes,Yes,TX,Austin,30.18821356732851,-97.88699910012967
5564-NEMQO,Female,1,No,No,CA,San Francisco,37.786881217578504,-122.46801381091436
2233-FAGXV,Female,0,Yes,Yes,TX,Austin,30.208360814878738,-97.79605483931807
5605-IYGFG,Female,0,No,No,FL,Orlando,28.621222795814578,-81.23709524805325
7663-ZTEGJ,Male,0,No,Yes,CA,San Francisco,37.85598412545165,-122.32613366454771
3935-TBRZZ,Male,0,Yes,Yes,TX,Houston,29.718303847458504,-95.35830507727565
8111-BKVDS,Female,0,No,No,AZ,Phoenix,33.522858450903726,-111.95762394334031
2055-SIFSS,Female,1,Yes,No,FL,Orlando,28.47096336675585,-81.5210067390044
2806-MLNTI,Male,1,Yes,No,CA,San Francisco,37.76418975994898,-122.41965840439194
8734-DKSTZ,Female,0,Yes,Yes,TX,Austin,30.36607307609468,-97.85224863910202
4360-PNRQB,Male,0,No,No,AZ,Phoenix,33.39002523344644,-112.0268130204372
6152-ONASV,Female,0,Yes,No,NY,New York,40.60191518946797,-74.09954505768748
9063-ZGTUY,Female,0,Yes,Yes,IL,Chicago,41.77031527703613,-87.64675959772488
7781-HVGMK,Female,0,Yes,Yes,AZ,Phoenix,33.347539864374916,-112.10972089512276
2181-UAESM,Male,0,No,No,CA,San Francisco,37.747365321029726,-122.27113842432077
2957-LOLHO,Male,0,No,No,TX,Austin,30.275399427942006,-97.67783077081477
6048-NJXHX,Male,0,Yes,No,CA,Los Angeles,34.12588290336322,-118.24132422676256
2320-SLKMB,Female,0,No,No,GA,Atlanta,33.63962903765088,-84.29468201271857
4980-URKXC,Male,0,Yes,No,NY,Buffalo,43.004726367394476,-78.79433244785609
4376-KFVRS,Male,0,Yes,Yes,CA,Los Angeles,34.179639918126846,-118.14304879061694
5886-VLQVU,Male,0,Yes,No,GA,Atlanta,33.82708293577311,-84.48967003979256
3577-AMVUX,Male,0,No,No,CO,Denver,39.681048501416804,-104.85862024491715
0771-WLCLA,Female,0,Yes,Yes,IL,Chicago,41.79998267472529,-87.66915004597075
5628-RKIFK,Female,1,No,No,TX,Houston,29.70731571561118,-95.47165641992602
0206-TBWLC,Female,0,Yes,No,CA,Los Angeles,34.12814965605012,-118.17252428699314
2937-FTHUR,Female,0,No,Yes,CO,Denver,39.734816826019255,-105.07730828897557
1910-FMXJM,Female,0,Yes,No,NY,New York,40.81714609420163,-73.9118391323161
7752-XUSCI,Female,0,No,No,CA,San Diego,32.59010041119928,-117.15682927870222
4110-PFEUZ,Female,0,No,No,NY,Buffalo,43.00790721106259,-78.93132650566798
0732-OCQOC,Female,0,Yes,Yes,IL,Chicago,41.83417052859088,-87.53490578231107
5168-MSWXT,Male,0,Yes,Yes,TX,Austin,30.30146048261122,-97.79656600592206
1090-ESELR,Male,0,Yes,Yes,GA,Atlanta,33.654563796007714,-84.52013066527064
8592-PLTMQ,Female,0,No,No,CA,San Francisco,37.63617808578568,-122.56604896733035
5760-WRAHC,Female,1,No,No,CA,Los Angeles,33.966668225203385,-118.25925674676029
8847-GEOOQ,Male,0,Yes,No,CA,Los Angeles,34.026803194450245,-118.2608222917281
0256-LTHVJ,Female,0,Yes,Yes,CA,San Diego,32.56981423951509,-117.17534232908994
4785-FCIFB,Female,0,Yes,No,NY,New York,40.857634745644006,-74.00062302053176
8313-NDOIA,Female,0,No,No,TX,Austin,30.174125905939835,-97.83460870870927
5149-CUZUJ,Male,0,Yes,Yes,MA,Boston,42.47114712068296,-71.08009911898701
0942-KOWSM,Female,0,Yes,Yes,GA,Atlanta,33.8157321362042,-84.41842353317989
4237-CLSMM,Male,0,Yes,No,AZ,Phoenix,33.52517355376309,-112.1333078048439
1452-VOQCH,Male,0,No,No,GA,Atlanta,33.78098407681619,-84.33447957466582
4719-UMSIY,Male,0,No,Yes,AZ,Phoenix,33.5632162079051,-112.06787504032407
6614-VBEGU,Female,0,Yes,No,CO,Denver,39.77808663600794,-105.09327988029612
0880-TKATG,Male,0,Yes,Yes,FL,Orlando,28.45987548734352,-81.46873083483277
3811-VBYBZ,Male,0,No,No,CA,San Francisco,37.64097751964247,-122.46707986442836
1480-BKXGA,Male,1,Yes,No,TX,Austin,30.40176570608974,-97.8164039026475
2996-XAUVF,Male,0,No,No,GA,Atlanta,33.787823641263934,-84.47405322184687
9076-AXYIK,Male,1,Yes,No,TX,Houston,29.663162227713062,-95.28997456809024
5968-XQIVE,Male,0,Yes,Yes,IL,Chicago,41.731089924582015,-87.64061702028346
8896-RAZCR,Female,0,No,Yes,NY,New York,40.65698123525092,-73.9480960675439
4640-UHDOS,Female,0,Yes,Yes,TX,Dallas,32.79490738411851,-96.81976792539461
4933-IKULF,Female,1,No,No,IL,Chicago,41.8201003605749,-87.5118270934717
3583-EKAPL,Male,0,No,No,NY,Buffalo,42.880134128664224,-78.76581793690136
1304-BCCFO,Male,0,Yes,No,AZ,Phoenix,33.30698273841637,-112.0415407229072
4104-PVRPS,Male,0,Yes,No,CA,San Francisco,37.787082534229256,-122.4294251127383
9399-APLBT,Female,0,Yes,Yes,GA,Atlanta,33.76317398052968,-84.38027162165088
2359-KMGLI,Male,0,No,No,NY,New York,40.79100793257099,-73.97376525256102
3780-DDGSE,Male,1,Yes,Yes,CA,Los Angeles,34.164524618629585,-118.27199383797966
4431-EDMIQ,Female,0,Yes,Yes,TX,Houston,29.691516783521053,-95.49650907988067
0306-JAELE,Male,0,No,No,CA,San Francisco,37.915759941748526,-122.44643880769836
6227-HWPWX,Female,0,No,Yes,TX,Houston,29.66351312519487,-95.30377154117518
0486-LGCCH,Male,0,Yes,Yes,CA,Los Angeles,34.045568983885275,-118.23552818741301
0447-BEMNG,Female,0,Yes,No,FL,Miami,25.845804904153397,-80.15274465389585
4612-SSVHJ,Female,1,No,No,GA,Atlanta,33.861135169962395,-84.42137240073176
5168-MQQCA,Female,0,Yes,No,GA,Atlanta,33.6314849176582,-84.3546334441989
5949-XIKAE,Female,0,Yes,Yes,AZ,Phoenix,33.310897243890714,-112.01793289563678
7971-HLVXI,Male,0,Yes,Yes,GA,Atlanta,33.87658643902008,-84.49806412604131
9094-AZPHK,Female,0,No,No,TX,Austin,30.312783425057457,-97.78017552961471
3649-JPUGY,Male,0,No,No,CA,San Francisco,37.875584051409604,-122.47349532550508
4472-LVYGI,Female,0,Yes,Yes,TX,Dallas,32.85072325722616,-96.73353033004346
8372-JUXUI,Male,0,No,Yes,TX,Houston,29.82812273341177,-95.47932317706857
3552-CTCYF,Male,0,Yes,Yes,CA,San Diego,32.69234214450994,-117.14241943371599
6778-YSNIH,Female,0,No,No,CA,San Diego,32.77718278023046,-117.2153630411241
0388-EOPEX,Female,0,Yes,No,AZ,Phoenix,33.33562649500285,-112.08796282560033
5756-OZRIO,Male,1,Yes,No,CA,Los Angeles,34.01874599289398,-118.19336241605482
6579-JPICP,Male,0,No,No,GA,Atlanta,33.81953722233152,-84.26561728971606
8205-OTCHB,Male,0,No,No,CA,San Diego,32.69315162191144,-117.23096427885974
4134-BSXLX,Male,0,Yes,No,WA,Seattle,47.75191735569947,-122.28860616137172
0505-SPOOW,Female,0,Yes,No,IL,Chicago,42.00550774932219,-87.7228473605101
6235-VDHOM,Female,1,No,No,GA,Atlanta,33.682110277503135,-84.31860027159367
7783-YKGDV,Female,0,No,No,GA,Atlanta,33.86366745776053,-84.38327971334131
4374-YMUSQ,Male,0,No,No,CA,Los Angeles,34.1494754415451,-118.12466137892139
4513-CXYIX,Female,1,Yes,No,CA,San Diego,32.70679213114813,-117.17554798250197
3957-HHLMR,Female,0,Yes,Yes,NY,Buffalo,42.862418304573204,-78.99844767118734
7803-XOCCZ,Female,0,Yes,Yes,FL,Orlando,28.458917535696603,-81.27583541056194
5736-YEJAX,Male,0,No,Yes,CA,Los Angeles,34.08254370234538,-118.13063978195781
5609-CEBID,Female,1,No,No,GA,Atlanta,33.77443812285147,-84.50888274118819
8981-FJGLA,Male,0,No,Yes,TX,Houston,29.710213371830235,-95.24977709631831
7218-HKQFK,Male,0,Yes,No,MA,Boston,42.3998931387376,-70.93068168499879
4636-QRJKY,Female,0,Yes,Yes,FL,Orlando,28.587095425347524,-81.39059227686529
1135-LMECX,Female,0,No,No,WA,Seattle,47.607151036763504,-122.37628360786479
4332-MUOEZ,Male,1,Yes,Yes,NY,Buffalo,43.00115361979249,-78.95974264256975
8535-SFUTN,Male,0,No,No,MA,Boston,42.44674973506787,-71.12486942790757
5956-VKDTT,Female,1,Yes,No,CA,Los Angeles,33.921940786114085,-118.17371184807897
8677-HDZEE,Female,0,No,No,IL,Chicago,41.86661751733646,-87.50413348310313
2475-MROZF,Male,0,No,No,WA,Seattle,47.51972679475592,-122.4623916095123
9412-GHEEC,Male,0,No,No,GA,Atlanta,33.76237462541422,-84.28917106405342
3482-ABPKK,Female,0,No,No,MA,Boston,42.27401508977705,-71.17498999052023
6705-LXORM,Female,1,Yes,No,TX,Austin,30.3845163667797,-97.74466633007908
0257-ZESQC,Female,1,Yes,No,GA,Atlanta,33.61468772582664,-84.47099228981412
7531-GQHME,Male,0,No,No,WA,Seattle,47.70596029397252,-122.35510658115905
5174-ITUMV,Male,0,Yes,Yes,TX,Dallas,32.74981361041683,-96.86038524011856
4109-CYRBD,Male,1,Yes,No,MA,Boston,42.39200963038338,-71.03066904802876
0913-XWSCN,Male,0,Yes,Yes,NY,New York,40.64088037452564,-74.14392306636584
6825-UYPFK,Female,0,No,No,CA,Los Angeles,34.08303802321733,-118.10797741000712
8397-MVTAZ,Male,0,Yes,No,NY,Buffalo,42.79205455845851,-78.78034746306268
0750-EBAIU,Male,0,No,No,AZ,Phoenix,33.540441355094124,-112.07848361018128
8606-CIQUL,Male,1,Yes,Yes,AZ,Phoenix,33.477331474393495,-112.13805364400446
3571-DPYUH,Male,0,Yes,Yes,FL,Miami,25.806292215826268,-80.28516081452354
7601-GNDYK,Male,0,Yes,Yes,FL,Miami,25.69110182594811,-80.07979344908642
0356-OBMAC,Female,1,No,No,MA,Boston,42.26044568647885,-70.97363443433099
8067-NIOYM,Female,0,Yes,Yes,WA,Seattle,47.46727008565333,-122.3107370808935
1403-GYAFU,Male,0,Yes,Yes,CA,San Francisco,37.674920854597055,-122.38447475668289
4234-XTNEA,Male,0,No,No,CA,Los Angeles,34.011994972089674,-118.09838794565738
1297-VQDRP,Male,1,Yes,Yes,IL,Chicago,42.000606013275856,-87.65483563904827
9282-IZGQK,Female,0,No,No,CA,San Francisco,37.85975111936424,-122.48036799222324
5348-CAGXB,Male,0,No,No,NY,Buffalo,42.80360059253513,-78.73246454284501
0621-HJWXJ,Female,0,Yes,No,TX,Austin,30.123359560831663,-97.70305261753307
5844-QVTAT,Female,0,Yes,Yes,TX,Houston,29.680733095699026,-95.22702869067365
8905-IAZPF,Female,0,Yes,No,MA,Boston,42.4806360769042,-71.19281928108194
5394-MEITZ,Female,0,Yes,Yes,CA,Los Angeles,33.99959443318296,-118.20177490287887
6859-QNXIQ,Female,0,Yes,Yes,MA,Boston,42.378996821762556,-71.01652291992191
2782-LFZVW,Female,0,No,No,TX,Dallas,32.76976819638979,-96.83081319929869
2866-IKBTM,Female,0,No,No,FL,Miami,25.773192896918715,-80.23558953348385
1342-JPNKI,Male,0,No,No,TX,Dallas,32.89497037897156,-96.73845683186913
2817-NTQDO,Male,0,No,No,FL,Orlando,28.484367977501897,-81.44591511489507
7129-AZJDE,Male,0,Yes,Yes,GA,Atlanta,33.76567785689481,-84.33193161882878
6986-IJDHX,Male,0,Yes,Yes,TX,Houston,29.755158139440972,-95.49593959141305
2560-PPCHE,Female,0,No,No,TX,Austin,30.308198585947675,-97.72333110713345
4676-MQUEA,Male,1,Yes,No,CA,San Francisco,37.859159508998516,-122.42385456166964
8138-EALND,Male,0,No,No,GA,Atlanta,33.68185898927329,-84.23828473797256
3580-HYCSP,Male,0,Yes,Yes,FL,Miami,25.737867214240534,-80.07755324587319
1352-HNSAW,Female,0,Yes,Yes,CA,Los Angeles,33.9550687919791,-118.20264289368174
2075-PUEPR,Male,0,Yes,Yes,FL,Orlando,28.39754874418385,-81.46555972816994
1982-FEBTD,Female,0,Yes,Yes,CO,Denver,39.69219902007362,-105.00408897870072
5301-GAUUY,Male,0,No,No,CA,San Francisco,37.71620046742181,-122.38633908644647
5791-KAJFD,Female,0,Yes,Yes,TX,Austin,30.406429867335046,-97.7703996854655
2654-VBVPB,Female,0,No,No,CO,Denver,39.85750073501531,-104.96550365378438
1154-HYWWO,Male,0,No,No,WA,Seattle,47.52975593688667,-122.35827530186315
2501-XWWTZ,Male,0,No,No,CO,Denver,39.621720579790484,-104.91270086969217
3716-UVSPD,Male,0,No,No,FL,Miami,25.89773888277084,-80.28928144396232
6815-ABQFQ,Male,0,Yes,No,FL,Miami,25.74164056499033,-80.2321945675048
7343-EOBEU,Male,0,Yes,No,TX,Dallas,32.684022700730225,-96.81284472074682
3701-SFMUH,Male,0,Yes,Yes,NY,New York,40.81551056291182,-74.06573121392243
6103-LIANB,Male,0,Yes,Yes,FL,Miami,25.865418671276213,-80.1004068597004
7319-VENRZ,Male,0,No,No,MA,Boston,42.37731383431966,-70.93119693675217
5846-NEQVZ,Male,0,Yes,Yes,MA,Boston,42.2425511064933,-70.91530732479343
6967-QIQRV,Male,0,Yes,Yes,GA,Atlanta,33.89356081703573,-84.28833661620799
5781-RFZRP,Male,0,Yes,No,WA,Seattle,47.45802150538582,-122.20681585813088
0939-YAPAF,Female,0,No,No,NY,Buffalo,42.98124235822547,-78.77906521489795
0308-IVGOK,Female,0,No,No,FL,Orlando,28.50348127369544,-81.29804142343342
7293-LSCDV,Female,0,Yes,Yes,MA,Boston,42.49646899948022,-70.90963748824566
7025-WCBNE,Male,1,No,No,AZ,Phoenix,33.58726815386662,-112.04721499237796
5756-JYOJT,Female,0,No,No,CO,Denver,39.82068274358539,-104.98443155913886
4710-FDUIZ,Male,0,Yes,No,CA,San Diego,32.651712160248735,-117.0436069989587
6030-REHUX,Female,1,Yes,No,MA,Boston,42.21703622183493,-71.17105496276902
9548-LIGTA,Male,0,Yes,No,CA,Los Angeles,34.1993787557687,-118.22993217493067
5150-LJNSR,Male,0,Yes,Yes,CA,Los Angeles,34.17431437379905,-118.37116396903225
8270-RKSAP,Male,0,No,No,FL,Orlando,28.529827010021776,-81.29810238067715
6522-YRBXD,Male,1,Yes,No,FL,Orlando,28.630281191923086,-81.24315707790856
2640-LYMOV,Male,0,No,No,CO,Denver,39.71809343905998,-104.95785067278821
1218-VKFPE,Female,0,Yes,Yes,IL,Chicago,41.882776840608415,-87.71897213069063
3627-FHKBK,Female,0,No,No,TX,Austin,30.267884362874938,-97.63413089641588
2865-TCHJW,Female,1,No,No,TX,Houston,29.663078852102196,-95.50666357263681
1423-BMPBQ,Female,0,Yes,Yes,TX,Austin,30.25743370882705,-97.63071390674284
2393-DIVAI,Female,0,No,No,MA,Boston,42.35070718380668,-70.99788295957215
5192-EBGOV,Female,1,No,No,TX,Austin,30.388557413264824,-97.6788710280396
4568-KNYWR,Male,0,No,No,CA,San Diego,32.76858169069029,-117.27233331736291
8752-IMQOS,Male,0,Yes,Yes,CA,San Diego,32.75203004784071,-117.05362890031671
0742-LAFQK,Male,0,Yes,No,IL,Chicago,41.930324220800244,-87.76647088424869
0795-LAFGP,Male,0,Yes,Yes,NY,Buffalo,42.916770202653446,-78.77514053896628
0619-OLYUR,Male,0,Yes,No,TX,Houston,29.675044433598867,-95.3057006500179
5512-IDZEI,Male,0,Yes,Yes,CA,San Francisco,37.65995447100724,-122.29692458860674
0459-SPZHJ,Male,0,Yes,Yes,TX,Houston,29.886606775149886,-95.47553901913005
0215-BQKGS,Male,0,No,No,AZ,Phoenix,33.5288283481348,-112.12811108165592
9244-ZVAPM,Male,0,No,No,FL,Orlando,28.461816457227574,-81.24052991643617
0719-SYFRB,Female,0,No,No,TX,Houston,29.835902747711327,-95.51289918093154
8208-EUMTE,Male,0,No,No,NY,New York,40.616359548121025,-74.0919896452204
5172-MIGPM,Male,0,No,No,GA,Atlanta,33.82064511864482,-84.3143985226471
1710-RCXUS,Male,0,Yes,No,CA,San Diego,32.68354197894184,-117.30052009586751
0374-FIUCA,Male,0,Yes,No,TX,Houston,29.612775774470506,-95.25874605336242
5839-SUYVZ,Male,0,No,No,CA,San Francisco,37.64609353263001,-122.33161031776264
5173-ZXXXL,Male,0,No,No,FL,Orlando,28.52995811375728,-81.31982845386369
1096-ADRUX,Female,0,Yes,Yes,AZ,Phoenix,33.307702782870216,-112.18996739624899
2001-MCUUW,Male,0,No,No,FL,Miami,25.730038395581104,-80.33428085499405
2731-GJRDG,Female,0,No,No,CA,Los Angeles,33.99460932633292,-118.10348043699665
4723-BEGSG,Male,0,Yes,No,CA,San Diego,32.597498563954005,-117.09517435878318
6516-NKQBO,Male,0,Yes,Yes,TX,Houston,29.747780798331352,-95.32300190118231
8672-OAUPW,Male,0,No,Yes,NY,Buffalo,42.77119373677895,-78.8679089248507
8207-DMRVL,Male,0,Yes,Yes,IL,Chicago,41.78385885465156,-87.62906248889244
3419-SNJJD,Female,1,Yes,No,FL,Orlando,28.666312187357263,-81.50888685333061
6543-CPZMK,Male,0,Yes,Yes,WA,Seattle,47.588866066892514,-122.29935512307004
4765-OXPPD,Female,0,Yes,Yes,IL,Chicago,41.933833880227226,-87.56056018675145
2804-ETQDK,Male,0,No,Yes,CA,San Diego,32.85540625348005,-117.04422112574568
6689-VRRTK,Female,1,No,No,NY,Buffalo,42.777700629793216,-78.8878733743504
7138-GIRSH,Male,0,No,No,FL,Orlando,28.497554093449903,-81.38434900389532
9396-ZSFLL,Female,0,No,No,MA,Boston,42.463861118130545,-70.96470175483647
6464-KEXXH,Male,0,No,No,NY,Buffalo,42.76772965978261,-78.77708608512796
7134-MJPDY,Female,1,No,No,CA,San Francisco,37.81704649310123,-122.56100199011581
5240-CAOYT,Female,0,No,No,IL,Chicago,41.977801667053015,-87.64541485640291
4059-IIEBK,Female,0,No,No,TX,Dallas,32.65930973567127,-96.67471445970408
4881-JVQOD,Male,1,Yes,Yes,AZ,Phoenix,33.55625979976707,-112.22024327607286
0516-UXRMT,Female,0,No,No,CO,Denver,39.811119097573055,-104.84185699341823
4851-BQDNX,Male,0,Yes,Yes,IL,Chicago,41.880705023630206,-87.6876712932606
5148-HKFIR,Female,0,No,No,GA,Atlanta,33.88700490411436,-84.51965857996403
1009-IRMNA,Female,0,No,No,WA,Seattle,47.60762345676706,-122.30150558366154
3003-CMDUU,Female,0,Yes,No,AZ,Phoenix,33.52398649354756,-112.02087227969047
5016-IBERQ,Male,0,Yes,No,NY,Buffalo,43.019707002093746,-78.79025411076454
6797-UCJHZ,Female,1,Yes,No,TX,Dallas,32.65226283963258,-96.74324565638126
2469-DTSGX,Female,1,No,No,MA,Boston,42.26939151761193,-70.96948466127816
4554-YGZIH,Male,1,Yes,No,NY,Buffalo,43.01116555467959,-78.75708651414759
5099-BAILX,Male,1,Yes,Yes,GA,Atlanta,33.88081531844615,-84.36457295038596
9931-KGHOA,Female,0,Yes,No,FL,Miami,25.70782766690161,-80.19884035464469
1775-KWJKQ,Male,0,Yes,Yes,IL,Chicago,42.01665981310278,-87.73493575305534
7665-VIGUD,Male,0,No,No,GA,Atlanta,33.729344306096074,-84.38019522087717
9411-TPQQV,Female,0,No,No,CA,Los Angeles,33.93651026379544,-118.1034157067317
7207-RMRDB,Female,0,Yes,Yes,CA,San Diego,32.66199740817975,-117.25512208634588
7954-MLBUN,Male,0,No,No,NY,Buffalo,42.840085400029686,-79.01333220212246
2077-DDHJK,Female,0,Yes,No,TX,Dallas,32.775640383856036,-96.78004930476773
4913-EHYUI,Male,1,Yes,Yes,TX,Houston,29.67489531324553,-95.23062645655315
0195-IESCP,Male,0,Yes,No,NY,Buffalo,42.78369584902345,-78.98926531684342
9574-BOSMD,Male,0,Yes,Yes,TX,Houston,29.6887441055959,-95.25971122809288
4580-TMHJU,Female,0,Yes,Yes,NY,Buffalo,43.00155625207416,-78.82708213014324
0970-ETWGE,Male,0,No,No,CA,Los Angeles,33.922026070915244,-118.15047264825664
4908-XAXAY,Female,1,No,No,AZ,Phoenix,33.46188745223706,-111.96367994880869
8404-VLQFB,Female,0,Yes,Yes,NY,Buffalo,42.843011457954304,-79.02630208626044
1626-ERCMM,Male,1,Yes,No,NY,New York,40.693998078607244,-73.97255437900358
0887-HJGAR,Male,0,No,No,AZ,Phoenix,33.514893787093385,-112.0027674966749
2391-IPLOP,Male,0,Yes,Yes,FL,Miami,25.901941850009603,-80.11538647192364
5644-PDMZC,Female,1,No,No,NY,New York,40.847575531543164,-74.07697534943475
3509-GWQGF,Male,1,No,No,MA,Boston,42.43489752411373,-71.15018374778688
9576-ANLXO,Female,0,No,No,IL,Chicago,41.79179321646693,-87.77079185049548
2024-BASKD,Female,0,No,No,FL,Miami,25.672044642575486,-80.20216482113788
5845-BZZIB,Male,0,Yes,Yes,CA,Los Angeles,33.98485773715192,-118.20883800567336
1140-UKVZG,Female,0,No,No,GA,Atlanta,33.82362368202341,-84.53380826880824
4160-AMJTL,Female,1,No,No,CO,Denver,39.695747307722336,-104.84251872168706
5183-SNMJQ,Male,0,No,No,TX,Austin,30.195592644039305,-97.79918134349988
8100-PNJMH,Male,0,Yes,Yes,TX,Houston,29.739185368736983,-95.26190961949321
7838-LAZFO,Male,0,Yes,No,CA,San Diego,32.57017056243455,-117.19344579159078
4464-JCOLN,Male,0,Yes,Yes,MA,Boston,42.39218647977487,-71.01212516023644
2085-JVGAD,Male,0,Yes,No,TX,Dallas,32.76704234450778,-96.69423513184246
5650-VDUDS,Female,0,No,No,TX,Houston,29.88691621847856,-95.46621474435746
8095-WANWK,Female,0,No,No,TX,Houston,29.719398471536046,-95.27561455539455
3030-ZKIWL,Male,0,No,No,FL,Orlando,28.396883219295173,-81.34852883970615
9565-FLVCG,Male,0,Yes,Yes,NY,Buffalo,42.95333398782139,-78.73744829441982
8755-OGKNA,Female,0,Yes,Yes,CA,San Francisco,37.80717976505191,-122.40315435682882
2800-VEQXM,Female,0,No,No,FL,Miami,25.7496222183209,-80.17862691193439
7538-GWHML,Female,0,No,No,CA,Los Angeles,34.18019305548399,-118.26851047762901
5533-RJFTJ,Male,0,No,No,CA,San Francisco,37.781309317240954,-122.42853727590216
3859-CVCET,Female,0,No,No,GA,Atlanta,33.67769290012955,-84.43767760995298
0214-JHPFW,Female,0,Yes,No,TX,Dallas,32.89788958031205,-96.72165559884841
5642-MHDQT,Female,0,Yes,Yes,NY,Buffalo,42.87576627776564,-79.00036670999671
3088-FVYWK,Male,0,Yes,Yes,CA,San Diego,32.784938184850574,-117.24893970332032
3276-HDUEG,Female,0,No,No,CO,Denver,39.7294704670517,-105.11995073261633
9092-GDZKO,Male,0,No,No,MA,Boston,42.32220965256818,-71.08402045270937
0823-HSCDJ,Male,1,No,No,WA,Seattle,47.46418559144298,-122.2707304461892
3729-OWRVL,Male,1,No,No,WA,Seattle,47.69623286101231,-122.18803493831862
2324-AALNO,Female,0,No,No,TX,Dallas,32.837177987949076,-96.76792731835468
0822-GAVAP,Female,0,No,No,FL,Miami,25.645556970549933,-80.29977169105774
5760-IFJOZ,Male,0,No,No,TX,Houston,29.760188852271394,-95.26022631379328
2826-UWHIS,Male,0,Yes,No,TX,Dallas,32.82377781560066,-96.69768193961457
1448-PWKYE,Male,0,Yes,Yes,FL,Orlando,28.53282327094687,-81.30749182756716
7501-IWUNG,Female,0,Yes,Yes,GA,Atlanta,33.87393837913152,-84.3940949547402
4957-TREIR,Male,0,No,No,NY,New York,40.77893432192498,-74.05815501680772
7251-LJBQN,Female,1,No,No,CA,San Diego,32.59370941965552,-117.04462696835607
8040-MNRTF,Female,0,No,No,NY,Buffalo,42.995725984781366,-78.96660009847805
1536-HBSWP,Female,0,No,No,NY,Buffalo,42.890238185654084,-78.9136804093955
5313-FPXWG,Male,0,No,No,MA,Boston,42.47794635228074,-71.16204704013161
0067-DKWBL,Male,1,No,No,NY,Buffalo,42.98826012850674,-79.00657910754265
0946-FKYTX,Male,0,No,No,TX,Dallas,32.90285922879511,-96.77066786100515
5076-YVXCM,Male,0,No,No,AZ,Phoenix,33.5831213467109,-112.09281354361303
8262-COGGB,Male,0,No,No,IL,Chicago,41.96361641454079,-87.55852983313869
6663-JOCQO,Male,0,Yes,Yes,NY,Buffalo,42.95601072123735,-78.87924077419582
9620-QJREV,Male,0,No,Yes,FL,Miami,25.758895378480656,-80.14475565880558
2276-YDAVZ,Female,0,No,No,TX,Dallas,32.923253644616665,-96.7612261109054
2682-KEVRP,Female,1,No,No,CA,Los Angeles,34.04721585730376,-118.16728623828499
2480-JZOSN,Female,0,Yes,No,NY,Buffalo,42.946419791770694,-78.97966569327093
0078-XZMHT,Male,0,Yes,No,GA,Atlanta,33.8463379733057,-84.35888433380782
5896-NPFWW,Male,0,Yes,Yes,WA,Seattle,47.52751221365376,-122.4109907751924
9978-HYCIN,Male,1,Yes,Yes,MA,Boston,42.41355122295479,-71.20069062114467
8338-QIUNR,Male,0,Yes,Yes,AZ,Phoenix,33.45330038803235,-112.02946567786068
1525-LNLOJ,Male,0,Yes,Yes,IL,Chicago,41.97390451268587,-87.76927539146297
9450-TRJUU,Male,0,No,No,IL,Chicago,41.870975991831294,-87.62059870550797
1766-GKNMI,Male,0,No,No,MA,Boston,42.44921518630263,-70.99145519093027
6942-LBFDP,Female,0,No,No,NY,New York,40.62558464311498,-73.8607201916043
1456-TWCGB,Male,0,No,No,TX,Houston,29.73678462826039,-95.2600694681358
7133-VBDCG,Female,0,No,No,TX,Dallas,32.65954934368965,-96.75847646553555
7596-ZYWBB,Female,0,No,No,CA,San Francisco,37.69435930204652,-122.37039642881743
8329-UTMVM,Male,1,No,No,CA,San Francisco,37.66907679758783,-122.3378493606764
3014-WJKSM,Male,0,Yes,No,AZ,Phoenix,33.54090448927462,-112.19757303244047
3347-YJZZE,Male,0,Yes,Yes,NY,Buffalo,42.89892540366466,-78.8179553116072
1029-QFBEN,Male,0,No,No,CA,San Diego,32.78677253288192,-117.0612241862561
7929-DMBCV,Female,0,Yes,No,MA,Boston,42.433299500907935,-70.98474612503645
9661-JALZV,Female,0,No,No,CO,Denver,39.673377658646416,-105.09920548829075
5433-KYGHE,Female,0,No,Yes,IL,Chicago,41.91020822254188,-87.52758069704603
4312-KFRXN,Male,0,Yes,No,IL,Chicago,41.89903980307111,-87.75751489131845
5575-TPIZQ,Male,0,No,No,NY,Buffalo,42.88342281312163,-78.92486010100754
0114-IGABW,Female,0,Yes,No,FL,Miami,25.631658539718806,-80.17002082098628
9944-AEXBM,Male,0,No,No,FL,Orlando,28.496071417415084,-81.33432115038936
1853-ARAAQ,Female,0,No,No,CO,Denver,39.79165031306488,-105.0318604985104
6952-OMNWB,Male,1,Yes,No,AZ,Phoenix,33.35071935846809,-112.16705447869037
4697-LUPSU,Male,0,Yes,Yes,MA,Boston,42.22650279230724,-71.2033869451683
8434-VGEQQ,Male,0,Yes,Yes,IL,Chicago,41.84079186237515,-87.76440754532264
4952-YSOGZ,Female,0,Yes,Yes,TX,Dallas,32.64906100588983,-96.6668717616717
1589-AGTLK,Male,0,No,No,AZ,Phoenix,33.530362766135205,-112.13903438182234
5244-IRFIH,Male,1,Yes,No,TX,Dallas,32.87721931687791,-96.67954492082666
6549-YMFAW,Male,1,Yes,No,TX,Dallas,32.844450678346895,-96.72450388881104
4950-HKQTE,Female,0,No,No,NY,Buffalo,42.83366174549124,-78.96537251572566
6786-OBWQR,Female,0,Yes,Yes,NY,Buffalo,42.998841786614506,-78.83852420802438
2684-EIWEO,Female,1,No,No,FL,Orlando,28.39995613105874,-81.26357365982689
2753-JMMCV,Male,0,No,No,WA,Seattle,47.555229115960046,-122.21218709560156
6439-GTPCA,Female,0,No,No,FL,Orlando,28.432855339285094,-81.39791504354193
6621-YOBKI,Male,0,No,No,GA,Atlanta,33.83068213390563,-84.31641272621899
1216-JWVUX,Male,0,Yes,Yes,TX,Dallas,32.89011975886749,-96.72514800788032
7564-GHCVB,Female,0,Yes,Yes,CA,San Francisco,37.81675954856231,-122.35963081168357
1173-NOEYG,Female,0,Yes,No,TX,Austin,30.348524033680423,-97.84096695386245
7595-EHCDL,Male,0,Yes,Yes,TX,Austin,30.21209562717184,-97.5961040733957
6647-ZEDXT,Female,0,No,No,FL,Miami,25.7572653541535,-80.15788478476794
2521-NPUZR,Male,0,Yes,No,FL,Orlando,28.517799353010684,-81.41567646439228
1307-TVUFB,Male,1,No,No,CO,Denver,39.653456787917335,-105.08758362272177
7503-MIOGA,Female,1,Yes,No,TX,Austin,30.372514694005655,-97.61579316983843
4381-MHQDC,Female,0,No,No,CA,San Francisco,37.78651010867316,-122.3646542034417
6923-JHPMP,Female,0,No,No,CA,Los Angeles,33.912743777797374,-118.38967911127116
5138-WVKYJ,Male,0,No,No,NY,New York,40.64381377408741,-74.11962276310584
4018-PPNDW,Female,0,Yes,Yes,CA,Los Angeles,33.93985962716699,-118.31134046419857
1635-FJFCC,Female,0,No,No,GA,Atlanta,33.6443353084744,-84.27917507003545
2499-AJYUA,Female,1,Yes,No,GA,Atlanta,33.77947073703347,-84.43347661521486
6919-ELBGL,Male,1,Yes,Yes,FL,Orlando,28.406259466094546,-81.52744426197125
3966-HRMZA,Female,1,No,No,TX,Dallas,32.62755320177392,-96.7275260696883
6425-JWTDV,Male,0,Yes,No,NY,New York,40.82053416128328,-73.93199707040361
8405-IGQFX,Female,0,No,No,MA,Boston,42.29710576802892,-71.11608115248238
8224-IVVPA,Female,0,No,No,CO,Denver,39.805343230301176,-104.93158862678303
9477-LGWQI,Male,0,Yes,Yes,IL,Chicago,41.93691886003455,-87.68143397564899
1410-RSCMR,Male,0,Yes,Yes,TX,Dallas,32.75403564316864,-96.79029135055926
3115-CZMZD,Male,0,No,Yes,GA,Atlanta,33.75975771775881,-84.33488372961543
0139-IVFJG,Female,0,Yes,No,TX,Austin,30.236805579756123,-97.68100350796821
6683-VLCTZ,Male,1,No,No,TX,Houston,29.648106705592348,-95.44994768159516
5730-DBDSI,Male,0,No,No,MA,Boston,42.464079539754806,-71.14030653074863
0030-FNXPP,Female,0,No,No,AZ,Phoenix,33.49511224877014,-112.02853820116518
2189-WWOEW,Female,0,No,Yes,TX,Dallas,32.69718661238454,-96.89655605292639
5684-FJVYR,Female,0,Yes,Yes,GA,Atlanta,33.8876568528334,-84.53409161382459
4013-GUXND,Male,0,No,No,NY,New York,40.61055495982508,-74.04070918543404
1894-IGFSG,Female,0,No,No,WA,Seattle,47.65797651185022,-122.41134848238313
7379-POKDZ,Male,0,Yes,No,WA,Seattle,47.48476499512984,-122.23324105267031
1266-NZYUI,Female,0,Yes,Yes,CA,San Diego,32.795973545505355,-117.09233976677093
7969-FFOWG,Male,0,Yes,Yes,TX,Austin,30.1774367905604,-97.68382200913344
4718-DHSMV,Female,0,No,No,CA,San Diego,32.5918920763703,-117.2812776567257
5175-WLYXL,Male,0,No,No,TX,Dallas,32.715656400174225,-96.80179790030051
7817-OMJNA,Male,0,No,No,GA,Atlanta,33.62164700836757,-84.34885701447658
8728-SKJLR,Male,0,No,No,CO,Denver,39.830512238793204,-105.0266408428548
3137-NYQQI,Male,0,Yes,No,TX,Houston,29.846651431859723,-95.25606112147634
7706-DZNKK,Male,0,No,No,CA,San Diego,32.83477753739624,-117.11879571441914
0236-HFWSV,Male,0,No,No,IL,Chicago,41.994813401822455,-87.54905835628325
3900-AQPHZ,Female,0,No,No,TX,Dallas,32.87450595554671,-96.78120168106055
5842-POCOP,Female,0,Yes,No,FL,Miami,25.70772895803111,-80.18957899237881
2037-XJFUP,Male,0,Yes,No,CA,Los Angeles,34.15404080637839,-118.20910904610547
8823-RLPWL,Female,0,Yes,No,AZ,Phoenix,33.39811017839496,-111.97584137701132
9505-SQFSW,Female,0,Yes,Yes,MA,Boston,42.24240596190564,-71.02599661182497
7314-OXENN,Male,0,No,No,NY,New York,40.81614413274571,-74.01369319063674
3758-CKOQL,Female,0,Yes,No,FL,Miami,25.72010266527849,-80.11975317470947
0322-CHQRU,Male,0,No,No,IL,Chicago,41.83512258180341,-87.55808319237586
5676-CFLYY,Male,0,Yes,Yes,FL,Miami,25.812744026772176,-80.32836951599148
7521-AFHAB,Female,0,Yes,Yes,MA,Boston,42.30973443832394,-70.94829960285438
0285-INHLN,Male,0,Yes,Yes,TX,Austin,30.207635036398216,-97.81341780475167
4678-DVQEO,Female,0,No,No,NY,New York,40.690833781151824,-73.90261295080174
5125-CNDSP,Male,0,No,Yes,TX,Austin,30.291080969854452,-97.66304957610272
0691-IFBQW,Female,1,No,No,NY,New York,40.629431421852004,-74.0202816124899
4992-LTJNE,Male,0,Yes,Yes,CA,Los Angeles,34.157982656998286,-118.32001209490029
2202-OUTMO,Female,0,Yes,No,TX,Dallas,32.9173055500563,-96.71794622087775
0810-BDHAW,Female,0,Yes,Yes,MA,Boston,42.30912615300382,-71.13911029893758
0229-LFJAF,Male,0,No,No,CO,Denver,39.76224286392586,-105.12389051045369
7131-ZQZNK,Female,0,Yes,Yes,FL,Orlando,28.680250862540277,-81.3973660591634
3442-ZHHCC,Male,0,No,No,CA,Los Angeles,34.15151957227807,-118.34234793800836
5726-CVNYA,Female,0,Yes,Yes,WA,Seattle,47.659338131981634,-122.2114371392413
9871-ELEYA,Female,0,No,Yes,FL,Miami,25.68951609073693,-80.23307393035986
4257-GAESD,Female,0,No,No,CA,Los Angeles,34.07100955419033,-118.10187154068393
5173-WXOQV,Male,0,Yes,No,TX,Austin,30.137969933641223,-97.75922536215867
2040-OBMLJ,Male,0,No,No,AZ,Phoenix,33.356024046370216,-112.075342268163
6286-ZHAOK,Female,0,Yes,Yes,NY,New York,40.5659334449489,-74.03503926480515
3807-XHCJH,Female,0,Yes,Yes,MA,Boston,42.469459418750795,-71.17450331604468
3009-JWMPU,Male,0,No,No,NY,New York,40.6453180914141,-74.01374271026076
5671-RQRLP,Female,1,Yes,No,FL,Miami,25.680387389116422,-80.27696450827874
1450-GALXR,Female,0,No,No,FL,Miami,25.883146751022956,-80.11313832312989
8859-AXJZP,Male,0,Yes,Yes,TX,Dallas,32.77018294712985,-96.74183294508873
3174-AKMAS,Female,0,Yes,No,TX,Dallas,32.71637948698299,-96.93815187182209
3138-BKYAV,Male,0,No,No,CA,Los Angeles,33.91773625843728,-118.1037940493128
9926-PJHDQ,Female,0,Yes,Yes,CA,San Francisco,37.632085335340946,-122.32204658575762
7382-DFJTU,Male,0,No,No,FL,Orlando,28.394516316401354,-81.40791389270993
2798-NYLMZ,Male,0,Yes,No,CA,Los Angeles,34.0882756984398,-118.23056087078817
4289-DTDKW,Male,0,Yes,No,NY,Buffalo,42.997630483865,-78.8433916602041
1820-TQVEV,Male,0,No,No,WA,Seattle,47.65269801624999,-122.27760656603627
2239-JALAW,Male,0,No,No,GA,Atlanta,33.72798195454136,-84.41096637540976
4853-RULSV,Male,0,No,No,AZ,Phoenix,33.50553807045852,-112.13297863736723
8098-TDCBU,Female,0,Yes,No,TX,Austin,30.259894574982287,-97.84949656886096
3551-GAEGL,Male,0,Yes,Yes,TX,Dallas,32.66075575710071,-96.66259647110806
4785-NKHCX,Male,1,No,No,AZ,Phoenix,33.416614829023274,-112.00098639964892
3196-NVXLZ,Female,0,No,No,GA,Atlanta,33.674625521349455,-84.45462836798202
6275-YDUVO,Female,0,No,No,NY,Buffalo,42.85661306920557,-78.84739631172093
0036-IHMOT,Female,0,Yes,Yes,MA,Boston,42.45119392935332,-70.98745554898329
0115-TFERT,Male,0,Yes,No,MA,Boston,42.36303740286848,-71.1038405502091
4178-EGMON,Male,0,Yes,No,CA,San Diego,32.6304687541208,-117.05555849299651
4220-TINQT,Female,0,Yes,No,TX,Houston,29.768758061294076,-95.25447220340978
5318-YKDPV,Male,0,Yes,Yes,GA,Atlanta,33.75698534311276,-84.49136139215777
7975-TZMLR,Male,0,No,No,TX,Austin,30.262854914923594,-97.80519054808775
0295-QVKPB,Male,0,No,No,TX,Austin,30.226968318985854,-97.81955675082502
4335-BSMJS,Female,0,No,No,TX,Dallas,32.80085475211813,-96.91451387603152
2311-QYMUQ,Female,0,Yes,Yes,CA,San Diego,32.61874253202007,-117.09038855168303
3643-AHCFP,Male,1,Yes,No,AZ,Phoenix,33.467541990265296,-112.19855795518305
9146-JRIOX,Female,0,Yes,Yes,NY,New York,40.58821568951451,-73.93180010992245
3104-OWCGK,Male,0,Yes,Yes,AZ,Phoenix,33.503853204644095,-112.05449591359191
5337-IIWKZ,Male,0,Yes,Yes,FL,Orlando,28.428543906457815,-81.30597078067375
9101-BWFSS,Female,0,Yes,No,AZ,Phoenix,33.583428501678746,-112.04776806850553
9650-VBUOG,Male,0,Yes,Yes,NY,Buffalo,42.98009263556411,-78.75863468030185
3487-EARAT,Female,0,Yes,Yes,AZ,Phoenix,33.429227088530766,-112.15546188031104
2672-TGEFF,Female,0,Yes,Yes,FL,Orlando,28.43258087251691,-81.35271239345413
9231-ZJYAM,Female,1,No,No,TX,Dallas,32.90619868462756,-96.79986917997324
4250-WAROZ,Male,1,Yes,Yes,GA,Atlanta,33.74509495906414,-84.38931930907258
8184-WMOFI,Male,0,Yes,Yes,CO,Denver,39.59561156282839,-104.98368915972287
6982-SSHFK,Male,0,No,No,IL,Chicago,41.76521390095228,-87.53958538473677
6092-QZVPP,Male,0,No,No,FL,Orlando,28.54008208221721,-81.39262502588505
4625-LAMOB,Male,0,No,No,AZ,Phoenix,33.43399527080654,-112.00777677274685
0727-BMPLR,Female,1,No,No,NY,New York,40.82161379293782,-73.93095317838305
0392-BZIUW,Female,0,Yes,No,TX,Austin,30.378218905997443,-97.74781729041035
1038-ZAGBI,Female,0,Yes,Yes,NY,Buffalo,43.0221755582571,-78.99336574299454
6549-NNDYT,Female,0,No,No,TX,Houston,29.752910385325777,-95.4999950040636
3027-ZTDHO,Male,0,No,No,FL,Orlando,28.675376194310193,-81.35171539349247
0422-OHQHQ,Female,0,Yes,Yes,IL,Chicago,41.82007268328533,-87.76630431022278
6916-HIJSE,Female,0,No,No,CA,San Francisco,37.64332239306996,-122.54769303422609
2316-ESMLS,Female,0,Yes,Yes,TX,Houston,29.772123925070932,-95.32805892243574
9778-OGKQZ,Male,0,Yes,No,FL,Orlando,28.454804468516404,-81.28359725562177
7408-OFWXJ,Female,0,Yes,Yes,TX,Houston,29.897395732865977,-95.44806957688711
6007-TCTST,Female,0,Yes,Yes,FL,Miami,25.7535125732298,-80.16511550866078
2252-NKNSI,Male,0,No,Yes,TX,Houston,29.6684599673377,-95.33069381959903
8713-IGZSO,Male,0,No,No,TX,Austin,30.173155746374743,-97.76707344950636
7905-TVXTA,Female,0,No,No,WA,Seattle,47.515133202487654,-122.41139131444965
7695-PKLCZ,Female,0,No,No,CO,Denver,39.61484872678146,-104.9351154845645
2382-BCKQJ,Female,0,No,Yes,NY,New York,40.67793795767965,-74.04558483826668
8374-UULRV,Male,0,No,No,NY,Buffalo,42.84038000410089,-79.00821092108023
2207-NHRJK,Male,0,No,No,NY,New York,40.692489545869165,-74.08506416111786
3224-DFQNQ,Female,0,Yes,No,GA,Atlanta,33.7867028967247,-84.38798378525583
5275-PMFUT,Male,0,Yes,Yes,GA,Atlanta,33.7520643931435,-84.31893097456889
4795-UXVCJ,Male,0,No,No,TX,Austin,30.261359963020816,-97.74310801026718
9777-IQHWP,Male,0,Yes,Yes,NY,Buffalo,42.99351100281737,-78.97358627299961
0947-MUGVO,Male,1,Yes,No,CA,San Francisco,37.69335789713421,-122.34906212678963
9944-HKVVB,Female,0,No,No,MA,Boston,42.30723038664813,-71.04991050959102
4124-MMETB,Male,0,No,No,CA,San Francisco,37.815878270156624,-122.43462607097182
3671-SHRSP,Male,0,Yes,No,NY,New York,40.594969725528166,-73.97357470591369
0979-MOZQI,Male,0,Yes,No,NY,New York,40.804205716346274,-73.90698234138372
2732-ISEZX,Female,0,No,No,GA,Atlanta,33.842914608383104,-84.30254292712581
3313-QKNKB,Male,0,Yes,No,TX,Dallas,32.71084481535976,-96.73721525758585
0323-XWWTN,Male,0,No,Yes,FL,Orlando,28.46816972483064,-81.42011601907954
1937-OTUKY,Female,0,Yes,No,GA,Atlanta,33.661737545425765,-84.2718657274521
1573-LGXBA,Male,0,Yes,Yes,CA,Los Angeles,33.99684700038249,-118.23065904075361
1764-VUUMT,Male,0,No,Yes,IL,Chicago,41.91253502096572,-87.71254793213538
5073-WXOYN,Female,0,No,No,FL,Orlando,28.52430666627139,-81.51508521673279
4713-ZBURT,Male,0,No,Yes,TX,Houston,29.688938301816826,-95.45859897126093
3050-GBUSH,Female,0,No,No,GA,Atlanta,33.89399719809107,-84.48383452221606
0207-MDKNV,Female,0,No,No,FL,Miami,25.73195857237453,-80.27292610900363
7876-AEHIG,Female,0,No,Yes,TX,Austin,30.21044676388262,-97.6568269423999
7945-HLKEA,Female,0,No,No,TX,Houston,29.890618366010706,-95.33105151372088
9342-VNIMQ,Male,0,No,No,AZ,Phoenix,33.5181717117081,-112.06986957895687
9851-KIELU,Male,0,No,No,TX,Houston,29.629760662711366,-95.42214269320539
3523-BRGUW,Male,1,No,No,FL,Miami,25.660951185789877,-80.33733453502008
3908-BLSYF,Female,0,No,No,NY,Buffalo,42.972270121387794,-78.94802109036424
3199-NPKCN,Female,0,Yes,No,MA,Boston,42.33446925315273,-71.0138649898545
5170-PTRKA,Female,0,Yes,Yes,CA,Los Angeles,33.93259982399696,-118.26167440320532
4661-NJEUX,Male,0,No,No,CA,San Francisco,37.723533127304485,-122.39629659852895
2123-AGEEN,Female,1,No,No,NY,Buffalo,42.927248721947805,-78.98901971547161
1258-YMZNM,Female,1,No,No,CA,San Diego,32.75470095156809,-117.19532153771577
0048-LUMLS,Male,0,Yes,Yes,TX,Houston,29.66392642293258,-95.22591332676633
7549-MYGPK,Female,0,Yes,Yes,TX,Austin,30.341407269854855,-97.84731737876756
5898-IGSLP,Male,0,Yes,Yes,WA,Seattle,47.572419208401,-122.29275901408192
3804-RVTGV,Male,0,Yes,Yes,TX,Austin,30.34036042553451,-97.77373145846998
6259-WJQLC,Male,1,No,No,CA,Los Angeles,34.09256374507871,-118.1880007835143
9227-LUNBG,Female,0,No,No,CA,San Diego,32.588269448875415,-117.15082670289225
7997-EASSD,Female,0,Yes,No,TX,Austin,30.163851015948353,-97.68353661000114
0730-KOAVE,Male,0,No,No,WA,Seattle,47.67934291598248,-122.3276476310252
8975-SKGRX,Male,0,Yes,No,GA,Atlanta,33.63078632140937,-84.38273337164696
0678-RLHVP,Female,0,No,No,FL,Miami,25.672190673373326,-80.15863009488919
4315-MURBD,Female,0,No,No,GA,Atlanta,33.8576998687819,-84.39783271309186
2267-FPIMA,Male,0,Yes,No,GA,Atlanta,33.88817332948202,-84.50372619987135
1051-GEJLJ,Female,0,No,No,FL,Orlando,28.45123638735512,-81.42681127362044
9734-YWGEX,Female,0,No,No,NY,Buffalo,42.80025176697376,-78.9577954689666
2719-BDAQO,Male,0,No,No,FL,Orlando,28.531971920606328,-81.3809813278504
5285-MVEHD,Female,0,Yes,No,NY,Buffalo,42.788711086624595,-78.73697802615132
0379-DJQHR,Male,0,Yes,Yes,TX,Dallas,32.813183401032454,-96.90711905431274
0781-LKXBR,Male,1,No,No,CO,Denver,39.811564523843764,-105.00457999765496
5543-QDCRY,Male,0,No,No,TX,Austin,30.344128228071657,-97.61635789175867
0297-RBCSG,Male,0,No,No,CA,San Francisco,37.89427246344093,-122.51275783861463
4694-PHWFW,Female,0,No,Yes,FL,Miami,25.684803169179936,-80.08972279381844
0835-JKADZ,Female,0,No,No,NY,New York,40.85124812003979,-74.14616108316991
1907-UBQFC,Male,1,No,No,FL,Miami,25.617292996820844,-80.25713259231293
7508-SMHXL,Female,1,No,No,MA,Boston,42.51009318174401,-71.09907725656716
3865-YIOTT,Male,0,Yes,Yes,TX,Dallas,32.801999957978985,-96.70876052784678
5993-BQHEA,Male,0,No,No,CA,San Diego,32.769974734803796,-117.05093837765726
6024-RUGGH,Male,0,Yes,Yes,NY,Buffalo,42.78175268788509,-78.95074085233605
6513-EECDB,Male,1,Yes,No,AZ,Phoenix,33.33501389132796,-112.16656970634573
3956-CJUST,Female,1,No,No,CA,San Francisco,37.710394132629006,-122.39168632250133
4079-WWQQQ,Male,0,No,No,AZ,Phoenix,33.468788681479836,-112.10689892330029
6103-BOCOU,Female,0,No,No,NY,New York,40.600883502430406,-74.13827713530404
5149-TGWDZ,Female,0,No,No,CA,San Diego,32.84601821848372,-117.19780273688914
7471-WNSUF,Male,0,Yes,No,NY,New York,40.79369573413653,-74.09977283695086
8942-DBMHZ,Male,0,No,No,TX,Austin,30.213781663418096,-97.7492643916265
4301-VVZKA,Male,0,Yes,No,CO,Denver,39.88452215685407,-104.90669338627261
9199-PWQVC,Female,0,Yes,No,IL,Chicago,42.022309637749665,-87.77132109580765
4824-GUCBY,Female,1,No,No,NY,New York,40.659524945344735,-74.02681763772887
5393-HJZSM,Female,0,Yes,Yes,CA,Los Angeles,34.13093810177904,-118.11308749382296
7074-IEVOJ,Female,1,No,No,MA,Boston,42.27860312074589,-71.07249205043931
9625-QSTYE,Female,0,No,No,TX,Houston,29.648126595691384,-95.37148239203125
0862-PRCBS,Female,0,Yes,Yes,WA,Seattle,47.69219950496689,-122.2864659969442
8812-ZRHFP,Female,0,Yes,Yes,CA,San Diego,32.73752104449272,-117.22234844440258
5146-CBVOE,Female,0,No,No,WA,Seattle,47.60275168203529,-122.47795088981034
0454-OKRCT,Male,0,No,No,CA,San Diego,32.712653877713535,-117.07164624766699
5787-KXGIY,Male,0,Yes,No,FL,Orlando,28.68829359382592,-81.51994610208072
4750-ZRXIU,Female,1,No,No,CO,Denver,39.78061360938651,-104.90941687953254
4198-VFOEA,Female,0,No,No,IL,Chicago,41.95799690573732,-87.64029964236754
6630-UJZMY,Female,1,Yes,No,NY,Buffalo,42.74807873545254,-78.74043344123722
5709-LVOEQ,Female,0,Yes,Yes,TX,Austin,30.35387714744284,-97.61880309002733
6400-BWQKW,Female,0,No,No,TX,Austin,30.137718121515075,-97.6974693104713
2692-AQCPF,Female,0,Yes,No,CA,Los Angeles,33.908010243683115,-118.2294795478942
0347-UBKUZ,Female,0,No,No,AZ,Phoenix,33.46429660288053,-112.18119872465152
0835-DUUIQ,Female,0,No,Yes,CO,Denver,39.82028403296198,-105.09791302261274
0811-GSDTP,Female,0,No,Yes,CA,Los Angeles,34.04185739575442,-118.3119653343698
7567-ECMCM,Male,0,No,No,AZ,Phoenix,33.3011026382807,-111.96371249717468
6115-ZTBFQ,Female,0,Yes,No,WA,Seattle,47.59805491985169,-122.23433622009627
6353-BRMMA,Female,0,Yes,Yes,FL,Orlando,28.581964319354583,-81.50408933378576
6680-WKXRZ,Female,0,No,No,AZ,Phoenix,33.359632214546366,-112.17717756854675
6231-WFGFH,Male,0,Yes,Yes,GA,Atlanta,33.736635850001875,-84.32747604557662
9904-EHEVJ,Female,1,Yes,Yes,TX,Houston,29.896669853525545,-95.36913477522037
7028-DVOIQ,Male,1,No,No,NY,Buffalo,42.86658271607608,-78.73679284931224
6169-PPETC,Male,0,Yes,Yes,CA,San Francisco,37.778075073261974,-122.38729474847126
4208-UFFGW,Male,1,No,No,AZ,Phoenix,33.450158404904265,-112.13552799669365
8584-KMVXD,Female,0,No,No,MA,Boston,42.43885646087796,-71.14388289186108
8467-WYNSR,Male,0,No,No,IL,Chicago,42.02511276888713,-87.61206010485172
0851-DFJKB,Female,0,No,No,CO,Denver,39.616718311079545,-104.88689752898021
5382-SOYZL,Male,0,No,No,FL,Miami,25.64341049662043,-80.17422701135247
9448-REEVD,Male,0,Yes,No,GA,Atlanta,33.77093195833679,-84.33893337747175
3261-CQXOL,Female,0,Yes,Yes,GA,Atlanta,33.890062913349674,-84.30490688701391
8388-FYNPZ,Male,0,No,No,CA,San Diego,32.61182233928927,-117.07979908173617
4002-BQWPQ,Male,0,No,No,AZ,Phoenix,33.566137867522855,-112.13737846333753
5651-YLPRD,Female,0,Yes,Yes,GA,Atlanta,33.71726317124866,-84.52151109697462
2826-DXLQO,Male,1,Yes,No,TX,Austin,30.254739144689704,-97.76435183238641
4378-BZYFP,Male,0,No,No,CA,Los Angeles,34.095496025082724,-118.27355072151033
9489-UTFKA,Male,1,Yes,No,CA,San Francisco,37.83471373352901,-122.36281464496837
4849-PYRLQ,Female,1,No,No,CA,Los Angeles,33.97939074459277,-118.16674978529208
9117-SHLZX,Male,0,No,No,NY,Buffalo,42.83332643414158,-78.75588643618869
9889-TMAHG,Male,1,No,No,NY,Buffalo,42.81931800802003,-78.90159639566703
4541-RMRLG,Male,0,No,No,MA,Boston,42.47759173496699,-70.95097182474117
7764-BDPEE,Male,0,No,Yes,TX,Austin,30.323234265243304,-97.67838871293787
3429-IFLEM,Female,0,No,No,WA,Seattle,47.545476785734174,-122.29556617918284
3158-MOERK,Female,0,No,No,FL,Miami,25.64321539611121,-80.1058479705214
7294-TMAOP,Female,0,No,No,CA,San Francisco,37.63115189011415,-122.28996565609447
5002-GCQFH,Male,0,Yes,No,GA,Atlanta,33.859623342685836,-84.26042696330741
0556-FJEGU,Male,0,No,No,TX,Austin,30.18220494189479,-97.64725705957183
8919-FYFQZ,Male,1,Yes,No,NY,New York,40.610102477389205,-74.06251197340723
0604-THJFP,Female,0,Yes,Yes,NY,Buffalo,43.03303615876041,-78.93815831944853
2834-JRTUA,Male,0,No,No,CA,Los Angeles,33.950629208674485,-118.27759361646734
5875-YPQFJ,Male,0,No,No,NY,New York,40.75967256380433,-73.98530946552955
5879-SESNB,Female,0,No,No,TX,Dallas,32.69193055658502,-96.70364092981258
6646-QVXLR,Male,1,Yes,No,CA,San Francisco,37.8098931443499,-122.37601317414882
6461-PPAXN,Female,0,Yes,Yes,TX,Dallas,32.828564170290306,-96.65289477385146
3318-ISQFQ,Female,0,No,No,CA,San Diego,32.825664738596075,-117.15105482091082
1106-HRLKZ,Male,0,Yes,Yes,GA,Atlanta,33.754380524632204,-84.51782457225693
2483-XSSMZ,Female,0,No,No,CO,Denver,39.84016602984527,-105.11291256697103
8603-IJWDN,Male,0,No,No,CA,San Diego,32.596788654521724,-117.04552356954957
8165-ZJRNM,Female,0,Yes,Yes,CA,San Francisco,37.73144792798338,-122.38441411283358
9369-XFEHK,Female,1,Yes,No,CA,Los Angeles,33.90601249739726,-118.17105282535222
2604-XVDAM,Female,0,No,No,FL,Orlando,28.499405773498086,-81.42497968328159
3717-OFRTN,Male,0,No,No,WA,Seattle,47.468126613445534,-122.35924505858583
9046-JBFWA,Male,0,No,Yes,MA,Boston,42.5009929675891,-71.09260458966588
3280-NMUVX,Male,0,Yes,Yes,CA,San Francisco,37.804316133057675,-122.35306215251593
1206-EHBDD,Female,0,Yes,No,CA,San Francisco,37.74634255124837,-122.55496323653966
8361-LBRDI,Female,0,No,No,AZ,Phoenix,33.47397623095314,-112.19307309056873
4883-KCPZJ,Female,0,Yes,Yes,WA,Seattle,47.56997334809946,-122.20582441570878
9108-EQPNQ,Female,0,Yes,Yes,NY,New York,40.577392421637754,-73.89604011661974
7277-KAMWT,Male,0,No,No,MA,Boston,42.45124071395306,-70.99073534333075
3842-IYKUE,Female,0,No,No,NY,New York,40.60759152073251,-73.89930222333444
6641-XRPSU,Female,0,No,No,TX,Houston,29.788331904222133,-95.40021119978685
1374-DMZUI,Female,1,No,No,AZ,Phoenix,33.31964656982939,-111.95299889091088
2545-LXYVJ,Male,0,Yes,No,GA,Atlanta,33.793853390639846,-84.2886615733634
3234-VKACU,Male,0,No,No,FL,Orlando,28.46156392275725,-81.44796940433713
8357-EQXFO,Female,0,No,No,NY,New York,40.801666759614896,-74.01784691051512
1989-PRJHP,Male,1,Yes,No,NY,Buffalo,43.000535375649285,-78.86857394635591
8120-JDCAM,Male,0,Yes,Yes,MA,Boston,42.309281607621266,-71.0316738002757
8917-FAEMR,Female,0,No,No,NY,Buffalo,42.901366208003985,-78.8957146116113
7047-YXDMZ,Male,0,No,No,AZ,Phoenix,33.541545278450364,-112.15750241556722
2858-EIMXH,Female,1,Yes,No,WA,Seattle,47.58153770256895,-122.2379951984161
9524-EGPJC,Female,0,No,No,NY,New York,40.62734807263226,-74.09850707518102
6993-OHLXR,Female,0,No,No,AZ,Phoenix,33.3050113366542,-112.13651962389463
8818-XYFCQ,Male,0,Yes,Yes,AZ,Phoenix,33.50169617024504,-112.12142865260401
6419-ZTTLE,Male,1,Yes,No,CA,San Francisco,37.82008443061921,-122.54205856297467
0929-HYQEW,Male,0,No,No,FL,Orlando,28.436296708336542,-81.51519324920208
6614-YOLAC,Female,0,Yes,Yes,TX,Houston,29.80075741168193,-95.37280516813043
7426-RHZGU,Male,0,No,No,NY,Buffalo,42.89735284926644,-78.87393107034603
4065-JJAVA,Female,0,No,No,CA,San Diego,32.61060460890519,-117.10332462566431
4695-VADHF,Male,0,Yes,Yes,TX,Houston,29.67336480679725,-95.28607699435439
3863-IUBJR,Male,0,Yes,Yes,FL,Miami,25.753189050937056,-80.12766037950543
7649-SIJJF,Male,0,Yes,No,MA,Boston,42.3896532261396,-70.95075326423341
9361-YNQWJ,Female,0,No,No,MA,Boston,42.42043128170141,-71.00283414549266
3748-FVMZZ,Male,0,No,No,MA,Boston,42.24237468791991,-71.17268768833607
9391-TTOYH,Female,0,No,No,IL,Chicago,41.81824105743102,-87.5629618995318
1452-XRSJV,Female,0,Yes,Yes,GA,Atlanta,33.890010509646785,-84.34006230840134
3422-WJOYD,Male,0,Yes,No,CA,Los Angeles,34.163846724974164,-118.32724201291288
8242-SOQUO,Female,1,No,No,TX,Houston,29.894707031355377,-95.30680319676468
7460-ITWWP,Female,1,Yes,No,TX,Houston,29.71568538615917,-95.45231585024516
7147-AYBAA,Male,0,No,No,FL,Orlando,28.57341581966188,-81.48481588975108
7868-TMWMZ,Female,1,Yes,No,FL,Miami,25.87534766478765,-80.18118390389228
4822-RVYBB,Male,1,No,No,GA,Atlanta,33.63865834483802,-84.29380585069126
6732-FZUGP,Female,0,No,No,WA,Seattle,47.47308614114058,-122.23997455777662
8436-BJUMM,Male,0,Yes,Yes,WA,Seattle,47.639834015805945,-122.35042559455533
4184-TJFAN,Female,1,Yes,Yes,NY,New York,40.730062155217844,-74.14248309472978
8329-GWVPJ,Female,0,Yes,Yes,TX,Houston,29.837800272816708,-95.4681802864099
1352-VHKAJ,Male,0,Yes,Yes,NY,Buffalo,42.78718478672668,-78.91226936199739
4145-UQXUQ,Female,1,No,No,TX,Austin,30.356157675438283,-97.69562997432313
2632-TACXW,Female,0,Yes,No,MA,Boston,42.457436626483116,-71.02492733590175
8146-QQKZH,Female,0,Yes,No,FL,Miami,25.67076897265969,-80.1480773105268
1767-CJKBA,Male,0,No,No,WA,Seattle,47.569079759493,-122.35542408004133
6445-TNRXS,Male,0,Yes,Yes,CO,Denver,39.71235836372893,-105.13433410416529
4581-LNWUM,Female,0,No,No,GA,Atlanta,33.65169230994571,-84.49969902533986
4869-EPIUS,Male,0,Yes,No,TX,Dallas,32.71307195616463,-96.82512884676967
9948-YPTDG,Male,0,Yes,No,WA,Seattle,47.51130425370169,-122.24161516268335
1236-WFCDV,Male,1,No,No,IL,Chicago,41.96094151756982,-87.51742689526931
1915-OAKWD,Female,0,No,Yes,MA,Boston,42.354416532409324,-71.18568053127078
7296-PIXQY,Female,0,Yes,Yes,AZ,Phoenix,33.51377573201549,-112.0084963520961
4883-QICIH,Male,0,Yes,Yes,FL,Miami,25.86955491041438,-80.04458325434585
3354-OADJP,Female,0,No,No,AZ,Phoenix,33.567658485809176,-112.02181234690734
3524-WQDSG,Female,0,Yes,Yes,TX,Austin,30.126671214426835,-97.5974858364382
0810-DHDBD,Female,0,No,No,CA,San Francisco,37.7918417632185,-122.39161047036826
4026-SKKHW,Male,0,No,No,AZ,Phoenix,33.585947117665306,-112.21687839268556
2829-HYVZP,Male,0,No,No,NY,Buffalo,42.988004720241754,-78.78555633992282
8329-IBCTI,Female,0,No,No,CA,San Diego,32.82711126665065,-117.2508825968635
1271-SJBGZ,Male,1,No,No,NY,Buffalo,42.845866373946215,-78.84507164856572
3845-JHAMY,Female,0,Yes,Yes,CO,Denver,39.80157993957129,-104.92541860468737
7013-PSXHK,Female,0,No,No,FL,Miami,25.75610111010346,-80.06182792502062
5669-SRAIP,Female,0,No,No,CA,San Francisco,37.804735821472526,-122.51349453687816
5981-ITEMU,Male,0,Yes,No,CO,Denver,39.79782116400429,-104.97667543280255
3486-NPGST,Female,0,No,No,WA,Seattle,47.64253978890067,-122.24895098826823
6941-PMGEP,Female,0,No,No,WA,Seattle,47.664185254704414,-122.25145611597311
1624-WOIWJ,Female,0,No,No,NY,Buffalo,42.90604246675804,-78.81092563130922
2074-GKOWZ,Male,0,Yes,Yes,CA,San Francisco,37.76121271592316,-122.40397098675082
0376-YMCJC,Male,0,No,No,FL,Miami,25.698125395454618,-80.32792358588593
6100-FJZDG,Male,0,Yes,Yes,CA,San Francisco,37.81935818904566,-122.45413924168201
4829-ZLJTK,Female,1,Yes,No,FL,Orlando,28.49731418902185,-81.31764135617652
1730-VFMWO,Female,0,Yes,No,CA,San Diego,32.809015009195384,-117.16265667868748
7143-BQIBA,Male,0,No,No,WA,Seattle,47.67385546657673,-122.35628989805319
3800-LYTRK,Female,0,No,No,TX,Houston,29.714417994868974,-95.40930232806441
0634-SZPQA,Female,0,No,No,TX,Dallas,32.78173364950256,-96.78682374242261
9646-NMHXE,Male,0,Yes,No,CA,San Diego,32.63599133389037,-117.255341314506
7030-NJVDP,Male,0,Yes,No,WA,Seattle,47.73358647988877,-122.47721574095522
5536-RTPWK,Male,0,Yes,No,IL,Chicago,41.81755051940231,-87.53354958443616
8883-GRDWQ,Male,1,No,No,CA,Los Angeles,34.17842212631196,-118.10604725863965
6166-ILMNY,Female,0,No,No,IL,Chicago,41.745786893432545,-87.55656030249091
3097-NNSPB,Female,0,No,No,WA,Seattle,47.51043994823263,-122.43599232023305
7771-ZONAT,Male,0,No,No,NY,Buffalo,42.926318523252114,-78.95499519251278
0655-RBDUG,Male,0,No,No,TX,Austin,30.27934666823075,-97.87454842450425
2111-DWYHN,Male,0,No,No,MA,Boston,42.46672916043563,-71.0324739808168
4194-WHFCB,Female,0,Yes,Yes,FL,Orlando,28.628774730152962,-81.25309587190496
4121-AGSIN,Female,0,Yes,Yes,FL,Miami,25.63602850636091,-80.0644568532169
4361-BKAXE,Female,0,No,No,TX,Austin,30.20301634849195,-97.85013529702314
9845-PEEKO,Female,1,No,No,CA,Los Angeles,34.07103999094043,-118.20394157548782
0455-XFASS,Female,0,Yes,Yes,WA,Seattle,47.522356266801495,-122.44789108761961
0301-KOBTQ,Male,0,No,No,GA,Atlanta,33.84465051641261,-84.43057362450104
1751-NCDLI,Male,1,Yes,No,TX,Austin,30.355766519476173,-97.68165711986629
4367-NUYAO,Male,0,Yes,Yes,IL,Chicago,41.82745532574,-87.76646346058209
9878-TNQGW,Male,0,No,No,TX,Austin,30.39436129258308,-97.76404468215343
9170-ARBTB,Female,0,Yes,Yes,CA,San Francisco,37.82776862830811,-122.53444145511315
4441-NIHPT,Female,1,No,No,MA,Boston,42.293870119909855,-70.92634110088727
8999-BOHSE,Female,1,No,No,TX,Houston,29.805888737180027,-95.3454166981206
7241-AJHFS,Male,0,No,No,FL,Miami,25.738830086630895,-80.18442389191024
7029-RPUAV,Male,1,Yes,No,CA,Los Angeles,33.90488905980644,-118.23573099366071
4546-FOKWR,Female,0,No,No,FL,Miami,25.791857279607587,-80.22549768428388
9036-CSKBW,Female,0,No,No,CA,Los Angeles,33.93646009574473,-118.18254205027617
5832-TRLPB,Male,0,No,No,GA,Atlanta,33.66568115209142,-84.42607515129008
8590-YFFQO,Male,0,Yes,No,MA,Boston,42.43274456053139,-71.08045799553652
8659-IOOPU,Female,0,Yes,Yes,CA,Los Angeles,34.11628253981462,-118.27145130313117
1338-CECEE,Male,0,Yes,Yes,IL,Chicago,41.73204608672864,-87.67723960974449
7439-DKZTW,Male,0,No,No,FL,Orlando,28.505053977153224,-81.3769911134367
4646-QZXTF,Female,0,Yes,No,CA,San Diego,32.69137221027421,-117.26386604630943
4607-CHPCA,Male,0,Yes,Yes,TX,Austin,30.22378641279919,-97.73196416498973
9742-XOKTS,Male,0,Yes,Yes,CA,San Francisco,37.80402498619771,-122.27802692095311
6921-OZMFH,Male,0,Yes,Yes,CA,San Diego,32.68047928382466,-117.23502205276768
9578-FOMUK,Male,0,No,Yes,TX,Houston,29.618952356000005,-95.33609993850658
4712-UYOOI,Female,0,Yes,Yes,CA,Los Angeles,34.141756215889515,-118.22051330441008
8824-RWFXJ,Male,0,Yes,Yes,NY,New York,40.72496821419087,-74.07545096616003
7722-CVFXN,Male,0,Yes,Yes,MA,Boston,42.226298730305864,-70.99595242332576
8717-VCTXJ,Male,0,No,No,NY,Buffalo,42.85526633964488,-78.93533261899796
7363-QTBIW,Female,0,Yes,No,TX,Houston,29.869217239215043,-95.43139037929737
4159-NAAIX,Female,0,No,No,GA,Atlanta,33.75674573565079,-84.329965769835
0971-QIFJK,Female,0,Yes,No,MA,Boston,42.425806351603235,-71.05139989946512
9397-TZSHA,Female,0,No,No,FL,Orlando,28.566537501721136,-81.2631097276291
3391-JSQEW,Male,0,Yes,No,NY,Buffalo,42.901772616200404,-78.986493005263
0343-QLUZP,Male,0,No,No,FL,Orlando,28.617822392113418,-81.29990299318136
9763-PDTKK,Female,0,No,No,TX,Dallas,32.824640201108195,-96.73931594474047
2176-LVPNX,Female,1,No,No,MA,Boston,42.25251494898311,-71.16330263825463
7627-JKIAZ,Female,0,Yes,No,FL,Miami,25.892474037216747,-80.30734455336649
3312-UUMZW,Male,0,Yes,No,CA,Los Angeles,34.14233925049489,-118.36567918937472
1271-UODNO,Male,0,No,No,MA,Boston,42.45570463829001,-70.97811888606262
8461-EFQYM,Female,0,No,No,FL,Orlando,28.58861254292918,-81.30822378527371
6900-RBKER,Male,0,No,No,CO,Denver,39.79006496057018,-104.8931270478052
6891-JPYFF,Female,0,Yes,Yes,NY,Buffalo,42.76685549196416,-78.80658375920562
1459-QNFQT,Male,0,Yes,Yes,GA,Atlanta,33.73861904466892,-84.26543734575552
1047-NNCBF,Male,0,No,No,GA,Atlanta,33.85906863598094,-84.52804113108682
3696-XRIEN,Female,0,No,No,CA,Los Angeles,34.016650775323534,-118.36474943076747
4081-DYXAV,Female,0,No,No,CA,Los Angeles,34.02591163108853,-118.377197135818
0074-HDKDG,Male,0,Yes,Yes,WA,Seattle,47.506228998042594,-122.29492125388133
8791-GFXLZ,Male,0,No,No,CA,San Diego,32.59920584765343,-117.28820917550219
8111-SLLHI,Male,1,Yes,No,TX,Dallas,32.737112046940446,-96.69370161533594
0927-LCSMG,Male,0,No,No,MA,Boston,42.47502958567467,-70.94516276786975
9330-DHBFL,Female,0,Yes,Yes,AZ,Phoenix,33.347327368038094,-111.96463100496733
0098-BOWSO,Male,0,No,No,FL,Orlando,28.57302524264421,-81.26185777271415
3452-ABWRL,Male,1,No,No,IL,Chicago,41.75275475940349,-87.48726199367518
5859-HZYLF,Male,0,Yes,Yes,WA,Seattle,47.514803742230576,-122.39539110569785
8257-RZAHR,Female,0,Yes,No,MA,Boston,42.411764613202784,-71.04422139450752
5293-WXJAK,Female,1,Yes,No,CA,San Francisco,37.822225815961204,-122.51573601062243
3156-QLHBO,Male,0,No,Yes,FL,Orlando,28.660105092634343,-81.52724023888001
2208-NQBCT,Female,0,Yes,Yes,WA,Seattle,47.50173076311882,-122.36462289241592
1779-PWPMG,Female,1,Yes,No,AZ,Phoenix,33.50724012244518,-112.2125823365799
6621-NRZAK,Female,0,Yes,Yes,TX,Austin,30.39159208488854,-97.6491934891043
0831-JNISG,Male,0,Yes,Yes,FL,Miami,25.79911194150682,-80.0703196802005
0774-IFUVM,Male,0,Yes,Yes,TX,Austin,30.2955904855516,-97.79984284157274
3082-WQRVY,Male,1,Yes,No,NY,New York,40.60870171455342,-74.11675527465081
9553-DLCLU,Female,0,No,Yes,FL,Miami,25.67715824156405,-80.22561091639034
1641-BYBTK,Male,0,No,Yes,IL,Chicago,41.89945615953702,-87.63516542711109
2460-NGXBJ,Male,1,Yes,Yes,AZ,Phoenix,33.315532291762544,-112.10214970530669
2446-ZKVAF,Male,0,Yes,No,TX,Dallas,32.89796018778929,-96.76319224504711
0841-NULXI,Male,0,No,No,FL,Miami,25.736905952471925,-80.13957770607618
3522-CDKHF,Female,0,Yes,No,TX,Dallas,32.82495702505553,-96.68009789420536
1430-SFQSA,Male,0,No,No,CA,San Francisco,37.76233158899292,-122.34468691547062
0411-EZJZE,Female,0,No,No,TX,Houston,29.84702977794675,-95.30272907176135
7851-WZEKY,Female,0,No,No,CA,San Diego,32.75126054799026,-117.27171205318464
8844-TONUD,Male,0,Yes,Yes,NY,Buffalo,42.91662392840461,-78.85218847685475
8807-ARQET,Female,0,No,No,MA,Boston,42.29157244717207,-70.96236668249898
8992-CEUEN,Female,0,No,No,CA,Los Angeles,34.127140394913056,-118.2929163662746
4320-QMLLA,Male,0,No,No,NY,New York,40.6532563892736,-73.87566612055741
8777-PVYGU,Female,0,Yes,No,CA,San Diego,32.844278038247346,-117.08415053652455
8292-ITGYJ,Female,0,Yes,Yes,CO,Denver,39.77064142367853,-105.04023743034264
6870-ZWMNX,Male,0,Yes,No,AZ,Phoenix,33.555538213497414,-112.16093898331758
0621-CXBKL,Female,0,No,No,NY,Buffalo,42.92480675365426,-78.87158606233638
5268-DSMNQ,Female,1,Yes,No,AZ,Phoenix,33.50310200910047,-112.16290485282065
5334-JLAXU,Female,0,Yes,No,TX,Houston,29.611789767173928,-95.38591889130386
4086-YQSNZ,Female,1,Yes,No,NY,New York,40.83797304998059,-73.89118638588049
6242-MBHPK,Female,1,Yes,No,TX,Dallas,32.882896162468484,-96.92710956634245
5868-CZJDR,Male,0,No,Yes,MA,Boston,42.488326753662044,-71.19577623885192
9359-UGBTK,Female,0,No,No,CA,San Diego,32.5952830890837,-117.10202602750316
0135-NMXAP,Female,0,No,No,NY,New York,40.600292081279754,-74.05411685967603
4782-OSFXZ,Female,1,Yes,No,MA,Boston,42.323130700560135,-71.0537171308232
6479-OAUSD,Male,0,No,No,FL,Orlando,28.42810472761875,-81.34087555317387
7129-ACFOG,Female,0,No,No,AZ,Phoenix,33.44285615095255,-112.0474000993402
4189-NAKJS,Male,0,No,No,FL,Orlando,28.679966424336268,-81.30555216197557
5562-BETPV,Male,0,Yes,Yes,TX,Dallas,32.81388249406403,-96.76757096419644
1282-IHQAC,Male,1,No,No,WA,Seattle,47.74578906851883,-122.3917212711189
9127-FHJBZ,Male,0,Yes,Yes,NY,Buffalo,42.858668226893066,-78.81596261883665
6270-OMFIW,Male,0,Yes,No,CO,Denver,39.68071766607896,-105.0647383488996
1641-RQDAY,Female,1,Yes,Yes,MA,Boston,42.26218710350888,-71.0861554679384
0107-WESLM,Male,0,No,No,CA,Los Angeles,34.04926793384931,-118.25967370961115
6994-ORCWG,Female,0,No,No,TX,Houston,29.612868437957882,-95.26115057810966
1346-UFHAX,Female,0,No,No,WA,Seattle,47.53055721110796,-122.2113155095925
3992-YWPKO,Female,0,No,No,CO,Denver,39.808824983515144,-105.02129092506995
2933-XEUJM,Female,0,No,No,TX,Houston,29.822975710951866,-95.37071296999711
0125-LZQXK,Male,0,No,No,CA,San Francisco,37.758990030056154,-122.50463501944124
5461-QKNTN,Male,1,Yes,No,CA,San Diego,32.573600028455544,-117.09961813775081
4835-YSJMR,Male,0,No,No,CA,San Francisco,37.86434344660641,-122.39294491228189
8399-YNDCH,Male,1,No,No,TX,Houston,29.837435800976863,-95.32887133282561
3164-YAXFY,Male,0,No,No,IL,Chicago,41.83483627022794,-87.60511172814493
0887-WBJVH,Female,0,Yes,No,CA,Los Angeles,34.131559141534396,-118.2834045586725
4660-IRIBM,Male,0,Yes,Yes,TX,Dallas,32.90602256750066,-96.86899300368596
5673-FSSMF,Female,0,No,No,AZ,Phoenix,33.57937184828781,-111.9550793851538
7670-ZBPOQ,Female,0,Yes,No,NY,Buffalo,42.96001163836083,-78.76118848198739
8089-UZWLX,Female,1,No,No,WA,Seattle,47.65969434236564,-122.46876653526527
0080-OROZO,Female,0,No,No,TX,Dallas,32.791237290039085,-96.94687586143854
3916-NRPAP,Male,0,No,No,AZ,Phoenix,33.32425929999874,-112.15518981870389
6807-SIWJI,Male,0,No,No,IL,Chicago,41.77476781208365,-87.54293292579815
8221-HVAYI,Male,0,Yes,Yes,TX,Dallas,32.73305727105381,-96.93714074385319
1579-KLYDT,Male,0,No,No,NY,Buffalo,42.91317307674891,-78.81349336076926
5232-NXPAY,Female,0,No,No,NY,New York,40.727637214791926,-73.99642061867014
8967-SZQAS,Female,0,No,No,AZ,Phoenix,33.52125309703291,-112.13589172102748
4468-KAZHE,Female,1,Yes,No,TX,Houston,29.707938044600386,-95.50920871425646
0455-ENTCR,Male,0,Yes,No,TX,Houston,29.71352772938052,-95.4244633246042
8944-AILEF,Male,0,Yes,No,FL,Orlando,28.587693098498793,-81.44362826029173
5542-NKVRU,Female,0,No,No,NY,New York,40.605008145067465,-74.05398576554101
7126-RBHSD,Female,0,Yes,No,CO,Denver,39.74803546793526,-104.9154879080238
5370-IIVVL,Male,0,No,No,NY,Buffalo,42.862685358354675,-78.81680008319657
6789-HJBWG,Female,0,No,No,TX,Dallas,32.731772501520915,-96.72109030429756
3927-NLNRY,Male,0,Yes,No,FL,Orlando,28.543714875035562,-81.38857992550176
9087-EYCPR,Female,0,No,No,CA,San Francisco,37.70808545478316,-122.4119687692773
6791-YBNAK,Male,0,Yes,Yes,NY,Buffalo,42.832413153447376,-78.84573196770309
6358-LYNGM,Male,0,No,No,AZ,Phoenix,33.29985367062566,-112.08311222416285
6077-BDPXA,Female,0,No,No,TX,Dallas,32.73215269222212,-96.9337042696741
0013-MHZWF,Female,0,No,Yes,IL,Chicago,41.728646086596285,-87.52803052073456
5494-HECPR,Female,0,No,No,IL,Chicago,41.804021883519056,-87.50849031639437
8268-YDIXR,Male,0,Yes,No,CA,Los Angeles,34.041486676607086,-118.14110867756813
9824-BEMCV,Male,0,Yes,Yes,GA,Atlanta,33.70439180128846,-84.25263187406766
1373-ORVIZ,Female,0,Yes,Yes,CA,San Francisco,37.78314101479334,-122.5177068023214
4291-SHSBH,Male,0,No,No,CA,San Diego,32.803707110883266,-117.17939483897517
6980-IMXXE,Female,0,Yes,Yes,WA,Seattle,47.73491580218078,-122.28926575838145
9866-QEVEE,Male,0,No,No,TX,Houston,29.710689414425968,-95.467908853617
9897-KXHCM,Female,0,Yes,Yes,FL,Orlando,28.609964589511634,-81.48386923704274
0040-HALCW,Male,0,Yes,Yes,AZ,Phoenix,33.50080194841809,-112.0756233814103
0784-GTUUK,Male,0,Yes,No,WA,Seattle,47.54718616022323,-122.32302121458115
7979-CORPM,Male,0,No,No,CA,Los Angeles,34.0887352693081,-118.31257988660482
2294-DMMUS,Female,0,Yes,Yes,WA,Seattle,47.49679100108602,-122.19275297522584
0872-JCPIB,Male,0,No,No,GA,Atlanta,33.86392483071131,-84.42318516303193
3055-MJDSB,Male,0,No,No,NY,New York,40.83919770753159,-74.02138786733308
9091-WTUUY,Male,0,Yes,Yes,AZ,Phoenix,33.495889742700484,-112.10466739817824
1618-CFHME,Female,0,No,No,FL,Miami,25.675798866638647,-80.19580591503073
3165-HDOEW,Male,0,Yes,Yes,CO,Denver,39.77234176280903,-104.98946961347677
6581-NQCBA,Female,0,Yes,No,WA,Seattle,47.693294203670874,-122.26154730857071
7115-IRDHS,Female,0,Yes,No,WA,Seattle,47.56206108253996,-122.35172603124273
8496-DMZUK,Male,0,No,No,CA,San Diego,32.717346615793495,-117.08779050753655
2040-VZIKE,Female,0,Yes,No,TX,Dallas,32.83591256098124,-96.88381344236366
9068-VPWQQ,Male,0,Yes,No,GA,Atlanta,33.837838192927485,-84.25900034865825
0178-SZBHO,Male,0,Yes,Yes,CA,San Francisco,37.756726720906286,-122.51073105019285
0384-RVBPI,Male,0,No,No,FL,Orlando,28.66255770258168,-81.44845481026172
1689-MRZQR,Male,0,Yes,Yes,NY,New York,40.84769933845657,-74.14385481190604
1299-AURJA,Female,0,Yes,Yes,CA,Los Angeles,34.11727797919954,-118.23693912971956
4525-VZCZG,Male,0,No,Yes,WA,Seattle,47.48541257401618,-122.3117209190435
1543-LLLFT,Male,1,Yes,No,TX,Houston,29.78251534512928,-95.22137421146755
5835-BEQEU,Male,0,No,No,TX,Austin,30.145311284142565,-97.86642517516202
2788-CJQAQ,Male,0,No,No,WA,Seattle,47.57080111449546,-122.18980890753802
5565-FILXA,Female,1,No,No,CA,San Diego,32.80272331101898,-117.22081926146775
0319-QZTCO,Female,0,Yes,Yes,FL,Orlando,28.603839890564483,-81.4055123507196
2120-SMPEX,Male,0,No,No,NY,New York,40.730353533522745,-73.88134967259191
0096-FCPUF,Male,0,No,No,NY,Buffalo,43.003286226994,-78.82865612820743
0668-OGMHD,Female,0,Yes,No,WA,Seattle,47.742728414912776,-122.47485453417131
5552-ZNFSJ,Male,0,No,No,CO,Denver,39.868934878569796,-104.86165390930462
2223-KAGMX,Female,0,No,No,FL,Orlando,28.685905380779786,-81.26114192030867
6507-ZJSUR,Male,1,Yes,No,TX,Austin,30.230430459840733,-97.86068870668063
9408-HRXRK,Female,0,Yes,Yes,NY,Buffalo,42.8657456396171,-78.97914212788868
5593-SUAOO,Female,0,Yes,Yes,TX,Austin,30.31133074618926,-97.70311669540459
7321-PKUYW,Female,0,No,No,TX,Dallas,32.71814381447297,-96.82392056721955
2833-SLKDQ,Male,0,No,No,TX,Dallas,32.90885303713658,-96.7481028453475
6766-HFKLA,Female,0,Yes,No,AZ,Phoenix,33.35327854351109,-112.03675230411861
7595-EUIVN,Female,0,No,No,NY,Buffalo,42.87491832744045,-79.01006992783421
7617-EYGLW,Male,0,No,No,FL,Miami,25.76244839515956,-80.26686455039383
2026-TGDHM,Female,0,No,No,CA,Los Angeles,33.93333584749365,-118.25773564162999
9220-ZNKJI,Female,1,Yes,No,IL,Chicago,41.95919608903527,-87.48374928597678
4030-VPZBD,Female,0,No,No,CA,San Diego,32.80971813177323,-117.18167627572599
2226-ICFDO,Female,0,Yes,Yes,GA,Atlanta,33.797392243773245,-84.27493320090021
0723-VSOBE,Female,1,No,No,AZ,Phoenix,33.35819031198625,-112.20587546110357
5529-GIBVH,Female,0,No,No,CA,San Diego,32.86334195546825,-117.23559089823549
4187-CINZD,Female,1,No,No,CA,Los Angeles,33.927210569075314,-118.29499857317379
9992-UJOEL,Male,0,No,No,NY,Buffalo,42.92927839520722,-79.02776485702317
4741-WWJQZ,Female,0,Yes,No,WA,Seattle,47.55842605331214,-122.21260820511694
6625-UTXEW,Female,0,Yes,No,CA,San Francisco,37.6772923256682,-122.4718969851804
6818-WOBHJ,Female,1,Yes,No,CA,San Francisco,37.7091510728443,-122.37329519671228
6244-BESBM,Male,0,Yes,Yes,CA,Los Angeles,33.96058112331706,-118.3511457797162
1004-NOZNR,Male,1,No,Yes,GA,Atlanta,33.61754007750451,-84.4586532746389
1251-STYSZ,Female,1,No,No,MA,Boston,42.46373131887887,-71.06997906076293
2612-PHGOX,Male,0,Yes,No,CA,San Diego,32.86087003174773,-117.16341556995894
2408-TZMJL,Male,0,Yes,No,IL,Chicago,41.97536879593517,-87.58954888479485
8480-PPONV,Male,0,Yes,Yes,NY,Buffalo,42.811255969815775,-78.99641638027308
8780-IHCRN,Male,0,Yes,Yes,TX,Austin,30.309984948538546,-97.74917165666356
4598-ZADCK,Female,0,No,No,FL,Orlando,28.475085443290528,-81.46637470494224
1257-SXUXQ,Male,0,Yes,Yes,TX,Houston,29.832674357483913,-95.51567940454501
9681-KYGYB,Male,1,Yes,No,GA,Atlanta,33.722965277103505,-84.25065789127989
7182-OVLBJ,Female,0,Yes,Yes,TX,Houston,29.773417572843794,-95.2547711226217
5095-ETBRJ,Female,0,Yes,No,NY,New York,40.56585627748853,-73.93220330107133
7005-CYUIL,Female,1,Yes,No,TX,Austin,30.160837132918687,-97.76201237314875
4821-WQOYN,Female,0,Yes,Yes,WA,Seattle,47.612588432230616,-122.29840085957198
4730-AWNAU,Male,0,Yes,Yes,TX,Dallas,32.75127321085241,-96.66053963463145
3452-FLHYD,Male,0,Yes,No,MA,Boston,42.28496843011606,-71.20235071082142
2388-LAESQ,Female,1,Yes,No,FL,Miami,25.791276388400135,-80.04221682655785
9531-NSBMR,Female,0,No,No,FL,Orlando,28.634264286050577,-81.24699880529826
6260-ONULR,Male,0,No,No,GA,Atlanta,33.879630262786804,-84.49925337235426
4389-UEFCZ,Female,0,Yes,No,NY,New York,40.76886445906115,-73.99314678447871
8711-LOBKY,Male,0,Yes,Yes,GA,Atlanta,33.6958667589398,-84.53794643002945
9134-CEQMF,Male,1,Yes,No,TX,Dallas,32.76836286278036,-96.69121842575987
8985-OOPOS,Female,0,No,No,IL,Chicago,41.78044653262622,-87.68034602490204
8800-ZKRFW,Female,0,Yes,Yes,FL,Miami,25.69311473402248,-80.19803262363507
2616-FLVQC,Male,0,No,No,CA,Los Angeles,34.13441148418603,-118.15452730584764
9968-FFVVH,Male,0,No,No,WA,Seattle,47.746391308820805,-122.27390753676856
3108-PCCGG,Male,1,Yes,No,NY,New York,40.77388629066543,-74.09032111403913
7993-PYKOF,Male,0,Yes,No,IL,Chicago,41.818533483987785,-87.57181915817847
8390-FESFV,Female,0,No,No,TX,Dallas,32.81332815829555,-96.92620624411553
3022-BEXHZ,Male,0,Yes,Yes,FL,Orlando,28.661202809646756,-81.36606035958394
5027-XWQHA,Male,0,No,No,CA,Los Angeles,33.96381024763532,-118.21232802557127
6248-TKCQV,Female,0,Yes,Yes,CO,Denver,39.884112142572,-104.9518516523201
6729-GDNGC,Female,1,No,No,WA,Seattle,47.720351654179815,-122.31496741454428
6198-ZFIOJ,Female,0,No,No,IL,Chicago,41.95903114283722,-87.72022400599205
5989-OMNJE,Female,0,Yes,Yes,CA,Los Angeles,33.95857644839676,-118.22832550652915
4566-QVRRW,Female,0,Yes,No,CO,Denver,39.658769923085245,-104.95509262964678
1291-CUOCY,Male,0,Yes,No,TX,Austin,30.32308575258006,-97.86068011341052
9795-SHUHB,Female,0,Yes,Yes,MA,Boston,42.27318200894018,-71.10373761267223
3230-IUALN,Female,0,Yes,Yes,FL,Miami,25.795743905383052,-80.15465474127268
0042-RLHYP,Female,0,Yes,Yes,MA,Boston,42.348605909473754,-71.13120779696614
8519-IMDHU,Male,1,Yes,No,CA,Los Angeles,34.02108622606839,-118.18817188385768
4945-RVMTE,Female,0,No,No,FL,Miami,25.69551890797345,-80.22632755058368
0201-OAMXR,Female,0,No,No,CA,San Francisco,37.71054864567078,-122.48115702287754
1866-NXPSP,Female,0,No,No,NY,New York,40.813386841991374,-73.93481993216656
3372-KWFBM,Male,1,No,No,WA,Seattle,47.526907764068234,-122.46087512201076
7831-QGOXH,Female,0,No,No,TX,Dallas,32.89046503567195,-96.93310488208792
6393-WRYZE,Female,0,Yes,No,NY,Buffalo,42.846410282009536,-78.7564893843556
3941-XTSKM,Male,0,Yes,Yes,CA,San Diego,32.73645271466128,-117.22179583628038
1661-CZBAU,Male,0,No,No,CO,Denver,39.801456913405886,-105.0388981543093
6599-RCLCJ,Male,0,Yes,No,WA,Seattle,47.502139064025194,-122.24849397773382
9831-BPFRI,Female,0,Yes,Yes,GA,Atlanta,33.88707944540565,-84.48930100540242
5158-RIVOP,Female,0,Yes,Yes,TX,Austin,30.34786259570079,-97.70316951934828
9788-YTFGE,Male,0,No,No,TX,Dallas,32.838741643315615,-96.89714013094425
9277-JOOMO,Female,0,No,No,AZ,Phoenix,33.57469929479236,-111.95831001669345
1907-YLNYW,Male,0,No,No,NY,New York,40.61964061697961,-74.1254545565783
1725-MIMXW,Male,0,No,Yes,TX,Houston,29.816313631895564,-95.46261140418312
8947-YRTDV,Male,0,Yes,Yes,CA,Los Angeles,34.00013598270419,-118.23463167788894
3161-ONRWK,Male,0,Yes,Yes,TX,Dallas,32.80030036771862,-96.88734009251132
0114-RSRRW,Female,0,Yes,No,FL,Orlando,28.65291623911407,-81.38354618434519
4565-NLZBV,Female,0,Yes,No,FL,Orlando,28.68357943163962,-81.26947509068992
0031-PVLZI,Female,0,Yes,Yes,CA,Los Angeles,34.04591313121035,-118.1213801423099
7206-GZCDC,Female,1,No,No,CA,San Diego,32.69475104728093,-117.19420478880178
6682-VCIXC,Female,0,Yes,Yes,NY,Buffalo,42.76475964441109,-78.84684918381494
4791-QRGMF,Male,0,Yes,No,NY,New York,40.57079955462187,-74.05525737710953
6475-VHUIZ,Female,0,Yes,No,CA,Los Angeles,33.940948397001684,-118.18814763195863
3910-MRQOY,Female,0,Yes,No,TX,Houston,29.620780690006818,-95.2897594414434
0661-WCQNQ,Male,0,Yes,No,NY,New York,40.80026943368883,-74.14884181771829
7537-RBWEA,Female,0,No,No,TX,Dallas,32.708630960199095,-96.74819873583752
4656-CAURT,Male,0,No,No,GA,Atlanta,33.84282201511207,-84.31967282688049
0121-SNYRK,Male,0,No,No,CA,San Francisco,37.82350788671675,-122.39639595044837
1768-ZAIFU,Female,1,No,No,TX,Austin,30.41462017636886,-97.79528354885316
4671-LXRDQ,Male,0,No,No,TX,Houston,29.638785218411137,-95.37279726062137
3733-LSYCE,Female,0,Yes,No,GA,Atlanta,33.88450685025833,-84.44348222579379
6265-FRMTQ,Male,0,No,No,AZ,Phoenix,33.543610075806114,-112.02496241455619
1934-SJVJK,Male,0,No,No,MA,Boston,42.21234937130386,-71.11686843012988
3838-OZURD,Male,0,Yes,No,FL,Miami,25.764001482449,-80.28404500644012
1371-DWPAZ,Female,0,Yes,Yes,FL,Orlando,28.41262977385614,-81.52784036408386
9269-CQOOL,Male,0,No,Yes,WA,Seattle,47.500311141255764,-122.34865106707812
2017-CCBLH,Female,0,No,No,CA,Los Angeles,34.03050332510262,-118.26255556051764
7690-KPNCU,Male,0,Yes,Yes,FL,Miami,25.66577801735353,-80.19372675078299
0536-BGFMZ,Female,0,Yes,No,IL,Chicago,41.997076170252875,-87.72309563668878
2293-IJWPS,Female,0,Yes,No,FL,Orlando,28.418166691751175,-81.2999470788018
2845-HSJCY,Female,0,Yes,Yes,MA,Boston,42.38624682052908,-70.9558622525296
5469-NUJUR,Male,0,No,No,NY,Buffalo,42.78387863430895,-78.8105067850248
1184-PJVDB,Male,0,Yes,No,MA,Boston,42.38944960425132,-71.01355300301306
2625-TRCZQ,Female,0,Yes,No,AZ,Phoenix,33.48795545957707,-112.03592964868476
4102-HLENU,Female,0,Yes,No,WA,Seattle,47.53121064805416,-122.20944929301271
7266-GSSJX,Male,0,Yes,Yes,CA,San Diego,32.834098398855346,-117.26735622622785
7722-VJRQD,Male,0,Yes,Yes,TX,Dallas,32.8621992738666,-96.89765067144782
7073-QETQY,Male,0,Yes,Yes,IL,Chicago,41.875567289422015,-87.55650427921796
9415-DPEWS,Female,0,No,No,GA,Atlanta,33.84873201331478,-84.44044303242191
5624-RYAMH,Female,0,No,No,AZ,Phoenix,33.36791973862052,-111.99140420559806
0196-JTUQI,Female,0,No,No,CA,Los Angeles,34.08856627211372,-118.24751248306775
7130-YXBRO,Male,0,Yes,No,CO,Denver,39.61721646955124,-104.88651897930401
9272-LSVYH,Male,0,No,No,FL,Miami,25.76601703846942,-80.04787467867463
7943-RQCHR,Female,0,No,No,TX,Houston,29.7128651075995,-95.50583868807588
3793-MMFUH,Female,1,No,No,CA,San Diego,32.651390806196964,-117.18773077249195
3249-ZPQRG,Male,0,No,No,TX,Houston,29.824460305146953,-95.24330877633096
2568-BRGYX,Male,0,No,No,NY,New York,40.7231000108217,-73.85627042024838
3084-DOWLE,Female,0,Yes,No,CA,San Diego,32.617026234223026,-117.26466998959765
1084-MNSMJ,Female,0,Yes,Yes,GA,Atlanta,33.84114326764775,-84.2678323636913
7721-JXEAW,Male,0,Yes,No,WA,Seattle,47.61193037639236,-122.23584585248761
7249-WBIYX,Male,0,Yes,No,FL,Miami,25.82564119594438,-80.268234550513
4238-HFHSN,Male,1,Yes,No,TX,Austin,30.12044404746965,-97.68492624068561
6250-CGGUN,Male,0,No,No,TX,Dallas,32.84065237463935,-96.76564722512096
5478-JJVZK,Female,0,No,No,TX,Dallas,32.88315176850001,-96.72341675311598
7596-IIWYC,Female,0,No,No,CO,Denver,39.67205893228737,-104.947449595928
6567-HOOPW,Female,1,No,No,CA,Los Angeles,33.92157075504685,-118.34716903259093
9793-WECQC,Male,0,No,No,GA,Atlanta,33.66193790546836,-84.31886249517086
4291-HPAXL,Male,0,No,Yes,MA,Boston,42.419972064214214,-71.04065731763527
8999-YPYBV,Male,0,Yes,Yes,WA,Seattle,47.60665812568394,-122.35399762914724
1839-FBNFR,Female,0,Yes,Yes,CA,Los Angeles,33.982877452679666,-118.28669774154069
3164-AALRN,Male,0,No,No,MA,Boston,42.44702860656086,-71.15548789699471
3071-MVJCD,Male,0,Yes,Yes,TX,Houston,29.705020684647252,-95.32247134299143
1697-BCSHV,Female,0,Yes,Yes,WA,Seattle,47.51860131925762,-122.31119737573485
0562-KBDVM,Female,0,No,No,FL,Miami,25.639424938116093,-80.06165624827436
1131-SUEKT,Male,0,Yes,Yes,WA,Seattle,47.74877982200329,-122.20799874224441
3717-OEAUQ,Male,0,No,No,TX,Austin,30.292804896158177,-97.69949567203524
4538-WNTMJ,Female,0,Yes,Yes,MA,Boston,42.27875787971166,-71.00485675068643
3334-CTHOL,Female,0,No,No,TX,Dallas,32.77494546382459,-96.93299578579133
4704-ERYFC,Female,0,Yes,No,WA,Seattle,47.46137438519708,-122.27239321424112
9432-RUVSL,Female,0,No,No,WA,Seattle,47.62285685293383,-122.32119877858065
8060-HIWJJ,Male,0,No,No,CA,San Francisco,37.88875261810025,-122.5178457455812
7684-XSZIY,Male,0,Yes,Yes,TX,Dallas,32.84171858513844,-96.87090171777201
9089-UOWJG,Female,0,Yes,Yes,CO,Denver,39.88233004626889,-105.00522378932855
8621-MNIHH,Female,1,Yes,No,CA,San Diego,32.73972578447115,-117.2606388300333
8039-ACLPL,Female,0,Yes,Yes,CA,San Francisco,37.63728483326298,-122.45974250030739
9885-AIBVB,Male,0,Yes,No,TX,Dallas,32.87905170653492,-96.70138166649778
1934-MKPXS,Male,0,Yes,Yes,GA,Atlanta,33.610161518582515,-84.34766328262673
2592-YKDIF,Female,0,No,No,CA,San Francisco,37.69594283831096,-122.35390444006586
2272-JKMSI,Female,0,Yes,Yes,CO,Denver,39.75409685755617,-105.06451418485389
0471-LVHGK,Male,0,Yes,No,IL,Chicago,41.924742539190696,-87.5105078129811
9518-RWHZL,Female,0,No,No,FL,Miami,25.91112248270553,-80.33141447482083
8714-CTZJW,Female,0,No,No,CA,San Francisco,37.868811848474145,-122.46102455812665
3569-EDBPQ,Female,0,No,No,CA,San Francisco,37.665339391924135,-122.49669262788927
3131-NWVFJ,Female,0,Yes,Yes,NY,Buffalo,42.93589560052034,-78.88343489643601
7521-YXVZY,Male,0,No,Yes,CA,San Diego,32.592825994539695,-117.11523849110985
5419-CONWX,Female,1,No,No,WA,Seattle,47.63742826838211,-122.20060635598865
6240-EURKS,Female,0,No,Yes,FL,Miami,25.76993463364912,-80.16267165247451
2373-NTKOD,Male,0,No,No,MA,Boston,42.272091838494866,-70.94594259134871
1970-KKFWL,Female,0,No,No,FL,Orlando,28.66103008714981,-81.42898376416704
6960-HVYXR,Female,0,No,No,FL,Miami,25.731551884754218,-80.14142094113782
9337-SRRNI,Male,0,No,Yes,WA,Seattle,47.649716098491055,-122.23417221944842
0895-UADGO,Male,0,No,Yes,AZ,Phoenix,33.544941655548044,-112.00484035699064
5678-VFNEQ,Female,0,Yes,No,TX,Houston,29.816589799830865,-95.38391189355376
5977-CKHON,Female,0,Yes,Yes,IL,Chicago,41.890380496744726,-87.51940350439712
7024-OHCCK,Female,1,No,No,TX,Houston,29.89553015381785,-95.4439016331625
2692-BUCFV,Male,1,No,No,TX,Dallas,32.72488982599663,-96.93587699857997
7861-UVUFT,Female,0,Yes,No,MA,Boston,42.250608496052294,-70.94602702015524
1830-GGFNM,Male,0,Yes,Yes,TX,Houston,29.85688220838609,-95.28723851944513
5302-BDJNT,Male,0,No,No,TX,Houston,29.777695344533814,-95.39962905080895
5223-UZAVK,Male,0,No,No,MA,Boston,42.504323852095936,-71.05979714935273
4859-ZSRDZ,Female,0,Yes,Yes,NY,New York,40.727957274568126,-73.97556672166547
5651-WYIPH,Female,1,No,No,GA,Atlanta,33.80452028880611,-84.3184816645757
9350-VLHMB,Male,0,Yes,Yes,CA,San Francisco,37.668843257124195,-122.56422229818604
3498-LZGQZ,Male,0,Yes,Yes,NY,New York,40.60678697564783,-73.90463514922538
8785-CJSHH,Female,0,Yes,No,CA,San Diego,32.69433915372592,-117.24433371068652
5357-TZHPP,Male,1,No,No,NY,Buffalo,42.812811139688286,-79.01075314994402
3870-SPZSI,Female,0,Yes,Yes,CO,Denver,39.87479367564815,-105.12669496692396
0680-DFNNY,Male,0,Yes,No,NY,Buffalo,42.864713229466375,-78.8654243396391
7560-QRBXH,Female,0,No,Yes,CA,Los Angeles,34.18110512496967,-118.20055594520518
7077-XJMET,Male,0,Yes,No,IL,Chicago,41.767049171425334,-87.61380959817627
8752-GHJFU,Male,1,Yes,No,TX,Austin,30.415383952036837,-97.76962309892474
6896-SRVYQ,Male,1,No,No,TX,Dallas,32.71637133826464,-96.9330055220114
7767-UXAGJ,Male,0,No,No,NY,New York,40.74962430112731,-74.03528049063469
4652-ODEVH,Male,0,Yes,Yes,CO,Denver,39.764496133477365,-104.89111824724607
6510-UPNKS,Female,0,No,No,CA,San Francisco,37.92346672635941,-122.27040523516895
6718-BDGHG,Female,0,Yes,No,CA,San Francisco,37.87557446463012,-122.42316638084175
9046-DQMTP,Male,0,No,No,TX,Dallas,32.68624327670254,-96.86925367992227
6439-LAJXL,Male,0,Yes,No,MA,Boston,42.37701423893197,-71.1570397599211
1571-SAVHK,Male,0,No,No,CA,Los Angeles,33.96335073080596,-118.26002782980979
9052-VKDUW,Female,1,Yes,No,NY,Buffalo,42.875551972587104,-78.77954202432092
9546-CQJSU,Female,0,No,No,NY,New York,40.62193165728028,-74.08143052177672
1666-JZPZT,Male,0,No,No,FL,Miami,25.787673716272828,-80.05619082376488
5777-KJIRB,Female,0,No,No,NY,Buffalo,42.981644213701564,-78.96862564823083
0506-LVNGN,Female,1,No,No,NY,New York,40.573956738762824,-74.09010556363586
7677-SJJJK,Male,0,Yes,Yes,GA,Atlanta,33.844553981683674,-84.45051266341673
2480-EJWYP,Female,1,Yes,No,FL,Miami,25.658793297177972,-80.19110855249943
3253-HKOKL,Female,0,Yes,Yes,AZ,Phoenix,33.516616896122315,-112.1501875028891
7055-HNEOJ,Male,0,Yes,No,WA,Seattle,47.73506530931054,-122.20622639557415
5514-YQENT,Male,0,No,Yes,CA,San Diego,32.70678820984859,-117.03880011149863
3211-AAPKX,Male,0,No,No,NY,New York,40.603233532363426,-74.07084388489181
8445-DNBAE,Male,0,No,Yes,WA,Seattle,47.64373123375149,-122.29313779335052
2951-QOQTK,Male,0,No,Yes,TX,Dallas,32.64240671435092,-96.89624378134592
2958-NHPPS,Male,0,No,No,CA,Los Angeles,34.153411927968776,-118.33100240126774
6806-YDEUL,Female,1,No,No,TX,Austin,30.13495366116365,-97.61578068606997
1735-XMJVH,Male,0,Yes,Yes,FL,Miami,25.623472923121483,-80.3262005806606
6890-PFRQX,Male,0,No,No,NY,New York,40.58878454868109,-73.96559726662744
0222-CNVPT,Male,1,No,No,MA,Boston,42.44149203689514,-71.0327045265865
5899-OUVKV,Male,0,No,No,TX,Dallas,32.89689550688656,-96.76812989926076
8681-ICONS,Male,0,Yes,Yes,CA,San Diego,32.81771834319886,-117.05115352101842
1621-YNCJH,Female,0,Yes,No,TX,Dallas,32.70736914356256,-96.92523753691754
3473-XIIIT,Female,0,Yes,No,CO,Denver,39.65368779382847,-104.87883160336526
6362-QHAFM,Male,0,Yes,No,CA,Los Angeles,34.19109957000602,-118.3428746907407
7893-IXHRQ,Male,0,No,No,CA,Los Angeles,34.050844094974074,-118.32553707527816
3070-BDOQC,Female,0,No,No,TX,Austin,30.391570093321832,-97.60030513069017
2952-QAYZF,Male,0,No,No,IL,Chicago,41.97293907436271,-87.51255626766086
6234-PFPXL,Male,0,Yes,No,FL,Orlando,28.61710155879359,-81.25624493576646
9824-QCJPK,Male,0,Yes,No,CA,Los Angeles,34.17004279347581,-118.31806804155634
4763-PGDPO,Female,0,No,No,FL,Orlando,28.539282090664653,-81.44960189889721
4283-IVYCI,Male,0,No,No,FL,Miami,25.847535409095105,-80.18204875556856
1866-OBPNR,Male,0,Yes,Yes,MA,Boston,42.25910407194339,-71.171475653467
8205-MQUGY,Male,0,Yes,Yes,NY,New York,40.58740663472865,-74.10808849037456
8970-ANWXO,Female,0,No,No,IL,Chicago,41.97458754031915,-87.5003576288774
9480-BQJEI,Male,0,No,No,TX,Austin,30.262575293853132,-97.65232932943167
5394-SVGJV,Male,0,No,No,TX,Austin,30.32270298014285,-97.76978699854479
6979-TNDEU,Female,0,No,No,MA,Boston,42.23384713254443,-71.09164577236669
9777-WJJPR,Male,0,Yes,No,GA,Atlanta,33.74404984038953,-84.30817944366666
9283-LZQOH,Male,0,Yes,Yes,TX,Houston,29.881754195124355,-95.50960800762401
7079-QRCBC,Female,0,No,No,FL,Miami,25.848272615433444,-80.18379188470276
9495-SKLKD,Male,0,Yes,Yes,CO,Denver,39.71887408677355,-105.04591850312079
6048-UWKAL,Female,1,Yes,No,IL,Chicago,41.8391150965265,-87.5876992623747
5067-DGXLL,Male,0,No,No,MA,Boston,42.284252920267086,-71.1064070210877
5469-CTCWN,Male,0,Yes,Yes,CA,San Francisco,37.75820647657214,-122.47878173617889
9851-QXEEQ,Male,0,No,No,FL,Miami,25.87966777592891,-80.23821086349096
6281-FKEWS,Female,0,No,No,TX,Houston,29.72154249875809,-95.35852589989841
8898-KASCD,Male,0,No,No,WA,Seattle,47.683918458706884,-122.28543336937663
9242-TKFSV,Male,0,Yes,Yes,WA,Seattle,47.60829829788076,-122.21892168202837
9290-SHCMB,Female,1,No,No,NY,Buffalo,42.77333669250574,-78.90358818171015
0743-HNPFG,Female,0,Yes,Yes,FL,Miami,25.893994766468712,-80.33382718108668
2277-BKJKN,Female,1,Yes,No,GA,Atlanta,33.711554205956496,-84.34654641851226
9809-IMGCQ,Male,1,No,No,TX,Austin,30.251762871913904,-97.70180673770616
5208-HFSBT,Female,0,No,No,WA,Seattle,47.56480522148944,-122.33202025383027
5035-PGZXH,Female,0,No,No,CO,Denver,39.62418078401933,-104.91477820657425
8695-WDYEA,Male,0,No,No,FL,Orlando,28.52420063882842,-81.374668516805
6543-JXSOO,Female,0,Yes,Yes,AZ,Phoenix,33.55442608435871,-112.07560105624135
8016-ZMGMO,Female,1,Yes,No,CA,San Francisco,37.88196925712753,-122.28600768122202
8605-ITULD,Female,0,No,No,TX,Dallas,32.69570292007768,-96.78324016741686
3254-YRILK,Male,1,No,No,FL,Orlando,28.435300010563733,-81.23995488463156
6416-YJTTB,Male,0,No,No,WA,Seattle,47.670718359561256,-122.25868864824491
2667-WYLWJ,Female,0,Yes,Yes,TX,Houston,29.8723704328451,-95.30776315106857
4472-VESGY,Female,0,Yes,Yes,TX,Dallas,32.763135692995284,-96.678440608022
3195-TQDZX,Male,0,No,No,IL,Chicago,41.739059046239404,-87.53550173318206
3128-YOVTD,Female,0,Yes,Yes,TX,Dallas,32.71291640606329,-96.89405928156474
0529-ONKER,Male,1,No,No,TX,Dallas,32.88830964733107,-96.87154432430845
1728-CXQBE,Male,1,Yes,No,GA,Atlanta,33.734113625829025,-84.39572884484306
7041-TXQJH,Female,0,No,No,CA,Los Angeles,34.12268095542718,-118.18686577151789
5014-GSOUQ,Male,0,No,No,MA,Boston,42.337012265840535,-70.9391020781723
5724-BIDBU,Male,0,Yes,No,MA,Boston,42.37180451632912,-71.0973188971532
0481-SUMCB,Female,1,No,No,CA,Los Angeles,34.08523039545814,-118.36770277168452
1769-GRUIK,Female,0,No,No,IL,Chicago,41.98847599765558,-87.70683325843348
5240-IJOQT,Male,1,No,No,NY,New York,40.73025183514143,-73.97239480865139
8819-WFGGJ,Male,0,Yes,No,MA,Boston,42.22780853586758,-71.12623524912303
7427-AUFPY,Male,0,No,No,CO,Denver,39.74584079758052,-105.10214844650082
2811-POVEX,Female,1,Yes,Yes,FL,Miami,25.880820611290563,-80.1315659964892
1092-GANHU,Male,0,No,No,TX,Dallas,32.73261305649853,-96.79650787198327
7898-PDWQE,Male,0,Yes,No,IL,Chicago,41.7534326383628,-87.60965123598118
9972-EWRJS,Female,0,Yes,Yes,FL,Miami,25.894661725158723,-80.274389628034
9314-IJWSQ,Female,0,Yes,Yes,CA,Los Angeles,34.01405848360599,-118.19217391924177
0661-XEYAN,Female,1,No,No,MA,Boston,42.38602882761742,-71.12860428398223
5799-JRCZO,Female,0,No,Yes,CA,San Francisco,37.70712728667828,-122.34261997640066
1921-KYSAY,Female,0,No,No,AZ,Phoenix,33.57025419725667,-111.93260049072606
6198-RTPMF,Female,0,Yes,No,WA,Seattle,47.49071945530906,-122.35037651729327
2924-KHUVI,Male,0,Yes,No,MA,Boston,42.43742822056203,-71.03222007225605
1925-GMVBW,Female,0,No,No,CO,Denver,39.64900907222337,-105.09460114181265
7881-EVUAD,Female,0,No,No,NY,Buffalo,42.885447253383006,-78.81600391820147
6184-DYUOB,Female,0,Yes,No,NY,New York,40.821000956581706,-73.990355022189
9207-ZPANB,Male,0,No,No,CA,San Diego,32.853389335109235,-117.16018079711975
5766-XQXMQ,Female,0,No,No,CO,Denver,39.695649752391596,-104.92973922006873
9327-QSDED,Male,0,No,No,NY,New York,40.79523951665815,-73.97422794728449
1656-DRSMG,Female,0,No,No,TX,Dallas,32.76247000811949,-96.90079951428197
3012-VFFMN,Female,0,Yes,Yes,CO,Denver,39.70806378237218,-105.0727500282151
2984-AFWNC,Female,0,No,No,CA,San Diego,32.59605762317598,-117.02410176888412
0640-YJTPY,Male,0,Yes,Yes,MA,Boston,42.27674227640422,-71.09818581248682
8096-LOIST,Female,0,No,No,WA,Seattle,47.539874560326226,-122.25599846999566
9764-REAFF,Female,0,Yes,No,TX,Dallas,32.743690258006566,-96.92269327814857
3703-VAVCL,Male,0,Yes,Yes,NY,Buffalo,43.00097104801151,-78.8782636805163
7107-UBYKY,Female,0,Yes,Yes,GA,Atlanta,33.80256867654762,-84.45010521423704
4881-GQJTW,Male,0,No,No,TX,Austin,30.200917346200992,-97.82789837878082
8519-QJGJD,Female,0,No,No,FL,Miami,25.867292210932522,-80.2330717025951
7876-DNYAP,Female,0,Yes,Yes,CA,San Francisco,37.82935434745817,-122.49215381570849
7905-NJMXS,Male,1,Yes,No,TX,Houston,29.889685339827903,-95.34657731464533
2882-WDTBA,Male,0,Yes,Yes,TX,Houston,29.662660584317592,-95.51803460152531
2091-GPPIQ,Female,0,Yes,Yes,CO,Denver,39.81967558232801,-105.12473946486878
6326-MTTXK,Male,0,No,No,IL,Chicago,41.84479353246956,-87.74489589530982
5071-FBJFS,Female,0,Yes,Yes,WA,Seattle,47.571336779144424,-122.27721544236967
2796-UUZZO,Male,0,Yes,Yes,FL,Orlando,28.659404030207252,-81.38745171777559
2429-AYKKO,Male,0,No,No,CA,San Francisco,37.76280516912369,-122.4633299370667
9798-OPFEM,Female,0,No,No,TX,Austin,30.399941667047624,-97.76879160958931
0330-IVZHA,Female,0,Yes,No,TX,Austin,30.36296538861904,-97.79378075576699
3794-NFNCH,Male,0,Yes,No,CA,San Diego,32.58231686424153,-117.22730637274991
5193-QLVZB,Male,0,No,No,TX,Dallas,32.631900606884926,-96.77676801716461
7114-AEOZE,Female,0,No,No,NY,New York,40.8486702275288,-73.89094819405368
2886-KEFUM,Female,0,Yes,No,FL,Orlando,28.506610564813997,-81.24480831546182
5522-NYKPB,Male,0,Yes,Yes,CA,Los Angeles,34.1997026569034,-118.39010408238383
4237-RLAQD,Male,0,No,No,FL,Orlando,28.57219463761192,-81.41401678934284
9957-YODKZ,Male,1,Yes,No,TX,Austin,30.373028017940467,-97.64462762513018
6518-KZXCB,Male,0,No,No,TX,Houston,29.793541107812505,-95.38397016290105
2245-ADZFJ,Female,0,Yes,Yes,CO,Denver,39.68809195020835,-104.94385490345121
7776-QGYJC,Female,0,Yes,Yes,AZ,Phoenix,33.303033543917785,-112.0952341589764
9313-QOLTZ,Male,0,No,No,WA,Seattle,47.547882645300696,-122.36097517489414
9651-GTSAQ,Female,0,Yes,No,MA,Boston,42.30309032283427,-71.15494447747838
3186-BAXNB,Female,0,No,No,MA,Boston,42.47145537138921,-71.05038798222098
4672-FOTSD,Male,0,No,No,CA,San Francisco,37.639755457590866,-122.42949059308977
0637-YLETY,Female,0,No,No,MA,Boston,42.48143316451768,-71.09991916086818
9818-XQCUV,Female,0,No,No,NY,Buffalo,42.95210438702237,-78.92137375778371
7338-ERIVA,Male,0,No,Yes,NY,New York,40.65670897602012,-74.09556286142062
1157-BQCUW,Male,0,No,No,TX,Austin,30.319400605148136,-97.70401564310707
8259-NFJTV,Female,0,Yes,Yes,AZ,Phoenix,33.427089951355946,-112.0073116634065
3223-DWFIO,Male,1,No,No,MA,Boston,42.49868424807569,-70.98305484679508
2660-EMUBI,Male,1,No,No,IL,Chicago,41.73651696937937,-87.55744617598121
6968-GMKPR,Female,0,No,No,WA,Seattle,47.49930838771742,-122.32109147841663
4751-ERMAN,Male,0,Yes,Yes,AZ,Phoenix,33.502711245941235,-112.04461801038896
1436-ZMJAN,Female,0,Yes,No,NY,New York,40.84739470353111,-73.98299697743964
3292-PBZEJ,Male,1,No,No,GA,Atlanta,33.84516963201838,-84.3335029238315
0799-DDIHE,Female,0,Yes,Yes,WA,Seattle,47.56056805569237,-122.4417927497275
3070-FNFZQ,Female,0,Yes,Yes,CA,San Diego,32.6563458001526,-117.26395247767358
2812-SFXMJ,Male,0,No,Yes,FL,Miami,25.654130768129033,-80.31161853983384
7675-OZCZG,Female,1,No,No,CA,San Francisco,37.76902371163261,-122.54032208641166
5014-WUQMG,Male,0,Yes,Yes,IL,Chicago,42.01687273166276,-87.7150306336495
5312-TSZVC,Female,0,No,Yes,CA,San Diego,32.59010875978197,-117.20128421613927
2003-CKLOR,Male,0,No,No,GA,Atlanta,33.86120171262304,-84.40699003296749
0993-OSGPT,Female,1,Yes,No,TX,Dallas,32.69315201653992,-96.81492891584807
9254-RBFON,Female,0,Yes,Yes,WA,Seattle,47.46669132721034,-122.42627284510982
1205-WNWPJ,Female,0,No,No,NY,Buffalo,42.73698778455139,-78.87649150965909
9391-EOYLI,Male,1,Yes,No,FL,Orlando,28.66325519231327,-81.44368229044383
7108-DGVUU,Female,1,Yes,No,AZ,Phoenix,33.4367801910698,-112.1138345538981
2782-JEEBU,Male,0,No,No,TX,Austin,30.297927838611205,-97.70254836875633
5127-BZENZ,Female,0,Yes,Yes,CA,San Diego,32.85725578499163,-117.08481360386041
2720-FVBQP,Female,0,Yes,Yes,CA,San Francisco,37.76438185601535,-122.42291151622614
9906-NHHVC,Female,1,No,No,NY,New York,40.67418791640377,-74.05030238015918
4522-XRWWI,Male,0,Yes,No,TX,Austin,30.23969437106168,-97.85531248262369
3766-EJLFL,Female,0,Yes,Yes,TX,Houston,29.843622890631508,-95.39598801239168
5939-SXWHM,Male,0,Yes,Yes,WA,Seattle,47.48474198024613,-122.20791072884413
8152-UOBNY,Female,1,No,No,CA,San Francisco,37.84679767091355,-122.51914009292261
7351-KYHQH,Female,1,No,No,TX,Austin,30.25272170555548,-97.71936956308411
7643-RCHXS,Female,0,Yes,Yes,FL,Miami,25.65629541922066,-80.15266288285595
8246-SHFGA,Male,0,No,No,FL,Miami,25.68032686878316,-80.23812906239567
8387-MOJJT,Female,0,Yes,Yes,TX,Austin,30.248781020752123,-97.67651067362652
0620-XEFWH,Male,0,Yes,Yes,AZ,Phoenix,33.58344488578994,-112.12078084360573
6485-QXWWE,Female,0,No,Yes,AZ,Phoenix,33.58973622029576,-111.96336121054169
2761-OCIAX,Male,1,No,No,TX,Austin,30.26585004210719,-97.8792852335171
7321-VGNKU,Female,0,Yes,No,GA,Atlanta,33.63702670760556,-84.47781390852451
5327-CNLUQ,Male,0,Yes,No,TX,Dallas,32.91074781098658,-96.94013786084463
7552-KEYGT,Male,0,Yes,No,FL,Orlando,28.60923541449755,-81.48816652911177
5816-JMLGY,Female,0,Yes,Yes,TX,Houston,29.831078830559374,-95.30590776265673
3068-OMWZA,Male,1,No,No,CO,Denver,39.59928932646083,-105.0729439084889
2927-QRRQV,Male,0,Yes,No,IL,Chicago,41.92636660517699,-87.763050371986
6032-KRXXO,Male,0,No,No,TX,Houston,29.673119228464337,-95.35971020967952
7459-RRWQZ,Female,0,No,No,TX,Dallas,32.91476161602468,-96.73367444501372
6265-SXWBU,Male,0,Yes,Yes,CA,San Francisco,37.6304469507065,-122.43479033816833
7941-RCJOW,Male,0,No,No,AZ,Phoenix,33.5556559004847,-112.13373818185737
6374-NTQLP,Male,1,Yes,Yes,IL,Chicago,41.89200549727382,-87.75444473156327
4154-AQUGT,Male,1,Yes,No,FL,Orlando,28.550669814248856,-81.41929165253265
2387-KDZQY,Male,0,No,No,TX,Austin,30.385384572185604,-97.74233895975584
3584-WKTTW,Male,0,Yes,No,FL,Orlando,28.390837545969514,-81.51282444241728
3399-BMLVW,Male,0,Yes,Yes,WA,Seattle,47.748646158329215,-122.28243055183415
1971-DTCZB,Female,0,Yes,No,AZ,Phoenix,33.35479069667262,-111.9831008619344
3092-IGHWF,Male,0,Yes,Yes,NY,Buffalo,42.76890143474086,-78.7530333701963
3374-PZLXD,Male,0,No,No,MA,Boston,42.29343693772203,-70.98656215694064
3813-DHBBB,Male,0,Yes,No,AZ,Phoenix,33.467858582954705,-112.08136110162486
2812-REYAT,Female,0,Yes,No,FL,Miami,25.665110148132946,-80.06226915162297
6518-PPLMZ,Male,0,Yes,Yes,CA,San Diego,32.65191002347415,-117.06993827236
4939-KYYPY,Male,0,No,No,WA,Seattle,47.64143226363468,-122.39607068648188
8017-LXHFA,Female,1,No,No,FL,Miami,25.691882363857875,-80.25505116304359
5930-GBIWP,Male,0,No,No,CA,San Francisco,37.79208676351664,-122.50602626191707
6022-KOUQO,Female,0,Yes,Yes,NY,New York,40.649614930993145,-73.93684260808229
6352-TWCAU,Female,0,No,No,IL,Chicago,41.876355546182154,-87.54551778296936
2361-UPSND,Female,0,Yes,No,CA,Los Angeles,34.02615987373164,-118.1502666130864
6035-RIIOM,Female,0,No,No,WA,Seattle,47.55504691690603,-122.4210627262016
2929-QNSRW,Female,0,Yes,No,MA,Boston,42.26984132593271,-70.93310816336133
1262-OPMFY,Female,0,Yes,No,CA,San Diego,32.67258967532512,-117.27898061067296
9504-DSHWM,Male,0,No,No,TX,Dallas,32.8757299801986,-96.79408490570735
5035-BVCXS,Male,0,No,No,TX,Austin,30.305338858969016,-97.72461453236151
6267-DCFFZ,Female,1,Yes,No,FL,Miami,25.634991183045496,-80.2294125748835
3533-UVMOM,Male,0,Yes,No,CO,Denver,39.773635599781606,-105.04784337653642
2439-LYPMQ,Male,1,Yes,No,WA,Seattle,47.5342021009603,-122.33905202399151
4248-QPAVC,Female,1,Yes,No,TX,Dallas,32.71436303674684,-96.93021683649832
1899-VXWXM,Male,0,No,No,TX,Austin,30.11877302371865,-97.76124859836717
1478-VPOAD,Female,0,No,No,CA,Los Angeles,33.95309093685478,-118.26634122259577
9995-HOTOH,Male,0,Yes,Yes,WA,Seattle,47.748353058517964,-122.44597334614805
2988-PLAHS,Female,0,No,No,TX,Houston,29.62254018747631,-95.24262393091651
1371-OJCEK,Female,0,No,No,NY,Buffalo,42.81884071273133,-78.78246783368739
4999-IEZLT,Male,0,No,No,GA,Atlanta,33.82731802867945,-84.37116116154566
8883-ANODQ,Female,0,Yes,Yes,CO,Denver,39.771781918990385,-105.09548732967397
4690-LLKUA,Male,1,No,No,CA,San Diego,32.72413568000931,-117.24609293688327
2351-RRBUE,Female,0,Yes,Yes,IL,Chicago,41.93528919856955,-87.749351625254
5980-BDHPY,Male,0,Yes,No,TX,Austin,30.362508924931255,-97.88735491967961
1498-DQNRX,Female,0,Yes,No,CA,Los Angeles,33.94004667029811,-118.35735646604033
9469-WEJBT,Male,0,Yes,No,CA,Los Angeles,34.103848962985126,-118.15121776798586
3331-HQDTW,Female,0,No,No,CA,San Diego,32.70113562982339,-117.24639502799906
9490-DFPMD,Female,1,No,No,CA,San Diego,32.61558006780819,-117.2702379310058
2581-VKIRT,Female,0,Yes,Yes,CA,San Diego,32.7595686587637,-117.05464852709814
5442-XSDCW,Male,0,Yes,Yes,NY,Buffalo,42.86386537137454,-78.87955621032053
7426-WEIJX,Male,1,Yes,Yes,FL,Miami,25.88423693466799,-80.30719861544772
2851-MMUTZ,Female,0,No,No,CA,San Francisco,37.68718374464857,-122.49456234601286
3049-NDXFL,Female,0,No,No,CA,Los Angeles,34.20022922574452,-118.30245442594011
8580-AECUZ,Male,1,No,No,IL,Chicago,41.75056998069871,-87.56275670017182
3307-TLCUD,Male,0,Yes,No,FL,Orlando,28.61301426889655,-81.34974254782867
6625-FLENO,Male,0,Yes,No,NY,Buffalo,42.942853057205525,-78.86577566040233
2967-MXRAV,Male,0,Yes,Yes,TX,Austin,30.39343052033865,-97.63551476070535
7963-GQRMY,Female,0,Yes,Yes,WA,Seattle,47.46248297430575,-122.46700234659853
8189-HBVRW,Female,0,No,No,FL,Miami,25.629171020083994,-80.05702512296293
4163-KIUHY,Male,0,No,No,CA,Los Angeles,34.086152890832814,-118.14945609334791
1228-FZFRV,Male,0,Yes,Yes,CA,San Diego,32.77823098314194,-117.1341218114585
3500-NSDOA,Male,0,Yes,Yes,TX,Austin,30.270845266001448,-97.77932424581984
1171-TYKUR,Male,0,Yes,No,FL,Orlando,28.471654803546524,-81.49570207665549
3761-FLYZI,Female,1,Yes,No,TX,Dallas,32.87418050262977,-96.68456947209138
2058-DCJBE,Male,0,No,No,AZ,Phoenix,33.480871148111994,-112.121198612885
5364-XYIRR,Male,0,Yes,No,TX,Dallas,32.806171508914,-96.73875718997338
4829-AUOAX,Female,0,No,No,CA,San Francisco,37.71826287401783,-122.32984647001634
1219-NNDDO,Female,0,No,No,MA,Boston,42.45254096859185,-70.93379071464079
8388-DMKAE,Female,0,No,No,CO,Denver,39.760976248250365,-104.95154993183782
4403-BWPAY,Male,0,No,No,GA,Atlanta,33.60718424773182,-84.2738281076254
9659-QEQSY,Female,0,No,No,TX,Houston,29.837575682385438,-95.31694823524974
5405-ZMYXQ,Female,0,No,No,MA,Boston,42.43657988256059,-70.99642755392371
5047-LHVLY,Male,1,No,Yes,GA,Atlanta,33.6802361283791,-84.29415210219014
1442-OKRJE,Male,0,Yes,Yes,TX,Austin,30.12922093222625,-97.85799651235523
4737-AQCPU,Male,0,Yes,Yes,WA,Seattle,47.59027725019245,-122.25117115143473
9158-VCTQB,Female,0,Yes,No,FL,Miami,25.728905724425562,-80.1554269444499
2808-CHTDM,Female,0,Yes,Yes,TX,Dallas,32.80537908002401,-96.78574417822043
6311-UEUME,Female,0,No,No,CA,San Diego,32.72437455826506,-117.28550066162954
0793-TWELN,Female,0,No,No,FL,Miami,25.714166712969813,-80.184288291006
3283-WCWXT,Male,0,Yes,Yes,FL,Orlando,28.44547802909322,-81.45073281126115
1060-ENTOF,Female,1,Yes,No,TX,Houston,29.689423071830035,-95.28350881714582
0999-QXNSA,Male,1,No,Yes,IL,Chicago,41.88104803202274,-87.53493303556708
5451-MHQOF,Male,0,Yes,Yes,NY,New York,40.76307154067779,-74.04157662077911
4836-WNFNO,Female,0,Yes,No,CA,San Diego,32.83286060076394,-117.13528529160016
9225-BZLNZ,Male,0,Yes,No,FL,Orlando,28.596713792649464,-81.43242970451408
0354-VXMJC,Male,0,Yes,Yes,FL,Miami,25.736526860956904,-80.20706825043474
4422-QVIJA,Female,0,No,Yes,CA,Los Angeles,34.182530987617746,-118.27465599796733
9365-SRSZE,Male,1,Yes,No,TX,Austin,30.177160064238734,-97.60194981128613
6839-ITVZJ,Female,0,Yes,Yes,CA,Los Angeles,33.90338581310792,-118.35980332165015
8332-OSJDW,Male,0,Yes,Yes,NY,Buffalo,42.92003516194921,-78.74894471342286
4735-BJKOU,Female,0,No,No,CA,San Francisco,37.64180024308349,-122.38520089608049
0274-JKUJR,Male,0,Yes,Yes,NY,New York,40.81715495866564,-74.0171877736641
5740-YHGTW,Male,0,Yes,Yes,CA,San Francisco,37.803850571884645,-122.3424708100531
8917-SZTTJ,Male,0,Yes,Yes,MA,Boston,42.40917085699135,-71.05815069164589
1696-MZVAU,Male,0,Yes,Yes,GA,Atlanta,33.610736547567804,-84.41712943615538
7359-WWYJV,Male,0,Yes,No,NY,New York,40.85107981640193,-74.07756693588216
0375-HVGXO,Female,0,No,No,CO,Denver,39.74013118087671,-105.00395105240895
4906-ZHGPK,Male,0,Yes,Yes,FL,Miami,25.690424552220637,-80.07258804004759
8593-WHYHV,Male,0,No,No,CA,Los Angeles,33.97986404339347,-118.36774321390278
3795-GWTRD,Female,0,Yes,Yes,FL,Miami,25.866715573374194,-80.14520522118883
1298-PHBTI,Male,0,Yes,Yes,NY,Buffalo,42.97666201004824,-78.79230193889286
6223-DHJGV,Female,0,No,No,WA,Seattle,47.58359100449291,-122.31933426128839
6961-MJKBO,Male,0,No,No,WA,Seattle,47.65791117948407,-122.21806871990759
6097-EQISJ,Female,0,Yes,Yes,CA,Los Angeles,34.14580795840133,-118.13091114250084
4423-YLHDV,Female,0,Yes,No,CA,Los Angeles,33.99971107273113,-118.3600330005482
8158-WPEZG,Male,0,No,No,FL,Miami,25.89237816238539,-80.29359354551048
0107-YHINA,Male,0,No,Yes,IL,Chicago,41.79782321292902,-87.50026814721387
4918-FYJNT,Female,1,Yes,No,CA,San Diego,32.68452486595215,-117.18157042514673
0727-BNRLG,Male,0,No,No,TX,Austin,30.339033272161036,-97.66876175040285
4854-CIDCF,Female,1,No,No,FL,Miami,25.758299519940977,-80.16362102770042
8640-SDGKB,Male,0,No,No,FL,Orlando,28.575619586633024,-81.30698660016688
3280-MRDOF,Male,1,No,No,FL,Miami,25.84081659898597,-80.33907000957436
6435-SRWBJ,Female,0,No,No,TX,Dallas,32.89795149994332,-96.65952849017219
9964-WBQDJ,Female,0,Yes,No,IL,Chicago,41.85964886361089,-87.52139468334657
6303-KFWSL,Female,0,No,No,TX,Houston,29.656534822867645,-95.2340088278762
1702-CCFNJ,Male,0,Yes,No,WA,Seattle,47.526663422090934,-122.43800550705657
8932-CZHRQ,Male,0,No,No,NY,New York,40.67429905707469,-74.06835514860751
0386-CWRGM,Female,0,Yes,Yes,CA,San Francisco,37.91501013793725,-122.5052375947219
5515-RUGKN,Male,0,No,No,GA,Atlanta,33.76262472100102,-84.41525595609944
0404-AHASP,Male,0,Yes,No,TX,Austin,30.20841107423288,-97.86938010073328
7279-NMVJC,Female,0,No,No,CA,Los Angeles,34.0062815114409,-118.24294641938907
2081-VEYEH,Male,0,No,No,FL,Miami,25.845418613772896,-80.06716001666929
6407-UTSLV,Female,1,No,No,TX,Dallas,32.828979021790325,-96.86167308596255
4116-TZAQJ,Female,0,No,No,GA,Atlanta,33.84537464416328,-84.47081042430582
9060-HJJRW,Female,0,No,No,MA,Boston,42.49127242470939,-71.17907072703971
2587-YNLES,Female,0,Yes,Yes,WA,Seattle,47.45927871349253,-122.281225528051
7398-SKNQZ,Female,0,Yes,No,MA,Boston,42.242579332137105,-70.99220754673205
5935-FCCNB,Female,1,No,No,CA,San Diego,32.602463463121886,-117.0754298563634
1958-RNRKS,Male,0,Yes,No,CA,San Diego,32.63336183193354,-117.07292111516625
5136-RGMZO,Male,0,No,No,CA,San Diego,32.623615227998606,-117.09697819260897
8345-MVDYC,Female,0,No,No,GA,Atlanta,33.82994092495046,-84.40965949454201
8226-BXGES,Male,0,Yes,No,MA,Boston,42.34781646954877,-71.16804849774209
3877-JRJIP,Male,0,No,No,MA,Boston,42.502138205983236,-70.93789245439058
8375-DKEBR,Female,1,No,No,NY,Buffalo,42.988529184916274,-78.9552184128608
9705-IOVQQ,Male,1,Yes,Yes,TX,Austin,30.167923020227803,-97.6244338638176
1015-OWJKI,Male,0,No,No,TX,Dallas,32.89320423514197,-96.8708187354673
7511-YMXVQ,Male,0,No,No,GA,Atlanta,33.86529405913519,-84.4059017164434
2040-XBAVJ,Male,0,Yes,Yes,MA,Boston,42.25787346767629,-71.12736654327165
7551-JOHTI,Female,0,No,No,AZ,Phoenix,33.506438558428094,-111.94865410612576
8887-IPQNC,Female,0,Yes,No,TX,Dallas,32.9136573258049,-96.82826652385718
8646-JCOMS,Female,0,Yes,No,CA,Los Angeles,34.088850424158174,-118.20417173899183
9804-ICWBG,Male,0,No,No,NY,New York,40.71762599171584,-74.03088261057023
1222-KJNZD,Male,0,Yes,Yes,TX,Dallas,32.70074078560309,-96.87323633292809
0106-GHRQR,Male,0,No,No,NY,Buffalo,42.94558515658482,-78.9440675517672
5318-IXUZF,Female,0,No,No,IL,Chicago,42.007689448386586,-87.60938514257283
3768-VHXQO,Male,0,Yes,No,FL,Miami,25.826793591078353,-80.06876938908582
8952-WCVCD,Female,0,Yes,No,TX,Dallas,32.88460766170474,-96.8447483774458
2418-TPEUN,Female,0,Yes,Yes,AZ,Phoenix,33.51407241342803,-112.13179338574636
3963-RYFNS,Female,0,No,No,NY,Buffalo,43.018697877904955,-78.93874178187677
3198-VELRD,Female,0,Yes,Yes,AZ,Phoenix,33.397747173685204,-112.14619544488652
8540-ZQGEA,Female,0,Yes,No,CA,San Francisco,37.883754476891994,-122.42279413891042
1320-REHCS,Male,1,No,No,GA,Atlanta,33.68336002116085,-84.53235434072909
4137-JOPHL,Female,0,No,No,CA,San Diego,32.669372542785155,-117.06172751825841
9436-ZBZCT,Male,0,No,No,FL,Orlando,28.620316253776938,-81.29461005445789
7801-CEDNV,Male,0,Yes,No,TX,Houston,29.840857151762005,-95.3475155999185
2057-BOYKM,Female,1,Yes,No,CA,San Francisco,37.82627971264567,-122.34519267240942
3658-QQJYD,Male,0,No,No,CA,San Diego,32.801697164487145,-117.19461720731414
1803-BGNBD,Female,0,No,No,NY,New York,40.838838763637355,-73.96190174675364
0134-XWXCE,Female,1,No,No,TX,Dallas,32.82952006568756,-96.90530847115996
6950-TWMYB,Male,0,Yes,Yes,GA,Atlanta,33.7030668847147,-84.41281920679923
5848-FHRFC,Female,0,No,No,CA,San Diego,32.60089431666553,-117.20561191966152
2243-FNMMI,Male,0,No,No,FL,Miami,25.829219191728434,-80.13375814310884
2511-MORQY,Male,0,Yes,Yes,FL,Miami,25.72761136285637,-80.19200976431382
5356-KZCKT,Male,0,No,No,TX,Houston,29.668880400077622,-95.30243888196819
9470-XCCEM,Male,0,Yes,Yes,TX,Houston,29.826329717350244,-95.34453598729607
6519-CFDBX,Female,0,No,No,IL,Chicago,41.856779740066855,-87.65185025852647
3902-MIVLE,Male,0,Yes,Yes,NY,Buffalo,42.76771567680457,-78.8780553457186
0409-WTMPL,Female,0,Yes,No,FL,Orlando,28.626938362266454,-81.42795067249762
8763-KIAFH,Female,0,Yes,Yes,FL,Orlando,28.447261033450108,-81.43408673832303
3669-WHAFY,Female,0,Yes,No,FL,Orlando,28.39518615382106,-81.50357377247063
3055-VTCGS,Female,0,No,No,AZ,Phoenix,33.39357674098462,-111.92991736358084
3144-KMTWZ,Male,0,Yes,No,FL,Orlando,28.435630118424342,-81.31379271092725
7279-BUYWN,Female,1,No,No,CO,Denver,39.72747911491664,-104.85554983567246
7156-MHUGY,Male,1,No,No,TX,Houston,29.832047566659078,-95.41207253430105
7198-GLXTC,Male,0,No,No,FL,Orlando,28.509528349604164,-81.45978369778688
2007-QVGAW,Female,0,Yes,Yes,CA,Los Angeles,34.129977020690546,-118.23315682431227
5207-PLSTK,Male,0,Yes,Yes,FL,Miami,25.812044991652595,-80.23093374277707
2307-FYNNL,Male,1,No,No,IL,Chicago,41.7703441164274,-87.66506546532275
5605-XNWEN,Male,1,Yes,No,IL,Chicago,41.85406414300429,-87.72162480236524
2155-AMQRX,Female,0,No,No,NY,Buffalo,42.89611226478743,-78.83794023896722
6181-AXXYF,Male,0,Yes,Yes,GA,Atlanta,33.69813487120679,-84.42753441541338
5091-HFAZW,Female,0,No,No,GA,Atlanta,33.72969284417263,-84.51656050264677
0516-VRYBW,Female,0,No,Yes,WA,Seattle,47.69347246596633,-122.42738662088735
2519-LBNQL,Male,1,Yes,No,FL,Miami,25.89872577459103,-80.15436133025655
8623-ULFNQ,Female,1,No,No,FL,Orlando,28.584703369459945,-81.26833882389964
8380-PEFPE,Male,0,No,Yes,NY,New York,40.7069575038803,-74.07952893969207
5687-DKDTV,Female,0,No,No,NY,Buffalo,42.77669359659141,-78.94394577950125
1568-LJSZU,Male,0,Yes,Yes,CO,Denver,39.63622103638058,-104.98590915502963
7530-HDYDS,Female,0,No,No,AZ,Phoenix,33.314633223427535,-111.95267237000252
7789-HKSBS,Female,1,Yes,No,CA,San Diego,32.63486293995901,-117.09190063008148
7416-CKTEP,Female,0,Yes,No,TX,Austin,30.187599790813398,-97.81160829377586
2586-CWXVV,Male,0,Yes,No,GA,Atlanta,33.659630043592145,-84.30997899986471
3096-IZETN,Female,0,No,No,MA,Boston,42.49456383625297,-71.06509159782563
2348-KCJLT,Female,0,Yes,No,TX,Dallas,32.76746169629279,-96.75969533293986
8401-EMUWF,Male,0,Yes,Yes,AZ,Phoenix,33.492186168394674,-112.01264061795064
4193-IBKSW,Male,0,Yes,Yes,CA,San Diego,32.63678712149916,-117.021939917792
5377-NDTOU,Female,0,Yes,Yes,NY,Buffalo,42.90877651813548,-78.84045639825219
5922-ABDVO,Female,0,Yes,No,CO,Denver,39.831592500533226,-104.8542940997919
2474-LCNUE,Female,0,Yes,No,CO,Denver,39.64664157586565,-104.92633135666398
0839-QNXME,Female,0,No,No,AZ,Phoenix,33.50704444675158,-112.06337641769882
3506-OVLKD,Male,0,No,No,TX,Austin,30.272632088673593,-97.80509914005923
9172-ANCRX,Female,0,No,No,IL,Chicago,41.86620585704819,-87.67727909353201
6650-VJONK,Male,0,No,No,IL,Chicago,41.88670018607389,-87.53138274878981
2178-PMGCJ,Male,0,No,No,TX,Houston,29.811497028412738,-95.3275053014969
7492-TAFJD,Male,0,Yes,Yes,CA,San Francisco,37.81607322887161,-122.46233304243394
2773-MADBQ,Female,0,No,No,TX,Austin,30.354933194435144,-97.89063099697852
6016-LVTJQ,Female,0,Yes,Yes,CA,San Francisco,37.63184863755853,-122.38704241894129
7860-KSUGX,Male,0,Yes,Yes,AZ,Phoenix,33.55967606933204,-112.02185866378144
8966-KZXXA,Male,0,Yes,Yes,TX,Dallas,32.75362349691639,-96.79695738499916
6910-HADCM,Female,0,No,No,GA,Atlanta,33.87975820543132,-84.2559257946216
4816-LXZYW,Female,0,No,No,WA,Seattle,47.66531267164878,-122.3669394298518
9606-PBKBQ,Male,1,Yes,No,GA,Atlanta,33.83703000435077,-84.35335057854375
5149-QYTTU,Female,0,Yes,Yes,NY,New York,40.85873360655309,-74.08242934516404
2070-XYMFH,Female,1,No,No,CA,San Diego,32.615101744869335,-117.03934471472476
2085-BOJKI,Male,0,Yes,No,CA,San Diego,32.6793135683105,-117.11770509412669
0817-HSUSE,Male,0,No,No,TX,Dallas,32.86198320239497,-96.90909980025943
5442-PPTJY,Male,0,Yes,Yes,WA,Seattle,47.652385527901984,-122.2776367214408
1927-QEWMY,Female,0,Yes,No,TX,Dallas,32.78448995388912,-96.66855374501405
1663-MHLHE,Male,0,No,No,FL,Orlando,28.615123542701973,-81.52808322916806
5663-QBGIS,Male,1,Yes,No,IL,Chicago,41.97174572573329,-87.76126432323976
4450-MDZFX,Male,0,Yes,Yes,WA,Seattle,47.60937048558926,-122.3580807043652
6701-DHKWQ,Female,0,Yes,Yes,IL,Chicago,41.95328915347485,-87.73332814389245
7554-AKDQF,Female,0,Yes,No,TX,Dallas,32.802224012738414,-96.84378110252969
3536-IQCTX,Male,1,Yes,No,WA,Seattle,47.523485784375694,-122.2163799479457
4911-BANWH,Female,0,No,Yes,NY,New York,40.67929110947508,-74.1108151985573
8496-EJAUI,Male,0,No,No,TX,Austin,30.33748920737594,-97.88997853133112
0794-YVSGE,Male,0,Yes,Yes,NY,New York,40.84467458046506,-73.90003304653949
5423-BHIXO,Female,0,No,No,NY,New York,40.8029126513332,-74.00382703799538
6908-VVYHM,Male,0,Yes,No,GA,Atlanta,33.73936466904765,-84.48460044983098
2959-EEXWB,Female,0,Yes,Yes,FL,Orlando,28.402475970988597,-81.4500508967554
1839-UMACK,Male,0,No,No,TX,Austin,30.137426294446623,-97.70970634789099
3030-YDNRM,Male,0,No,No,WA,Seattle,47.52604308516821,-122.36138173348154
7321-KKSDU,Male,0,No,Yes,CO,Denver,39.72190215256849,-105.0180065035387
3402-XRIUO,Female,1,Yes,No,CA,San Diego,32.6369070884659,-117.18961510736746
3132-TVFDZ,Male,1,Yes,No,TX,Dallas,32.874174096790725,-96.84296423113791
8286-AFUYI,Male,0,No,No,WA,Seattle,47.519809736496285,-122.30042747855339
8080-DDEMJ,Male,1,No,No,TX,Austin,30.385061395147606,-97.77379438147821
8356-WUAOJ,Female,0,Yes,No,TX,Houston,29.676061312335396,-95.30657120869527
6365-MTGZX,Male,0,No,No,AZ,Phoenix,33.41513708877854,-112.10525133085075
1349-WXNGG,Male,0,No,No,GA,Atlanta,33.64636038280617,-84.42844283139004
8058-DMYRU,Male,1,No,No,TX,Dallas,32.90720656065151,-96.9016086155666
9350-ZXYJC,Female,0,No,No,NY,Buffalo,42.844384697790176,-78.95082174162188
6990-YNRIO,Male,0,Yes,Yes,CA,San Francisco,37.695695265760605,-122.35532364480778
8958-JPTRR,Female,0,Yes,No,CA,San Francisco,37.830601217051154,-122.52152103804168
6959-GQEGV,Male,0,No,No,NY,Buffalo,42.76376428162529,-79.02032202534726
3173-WSSUE,Female,0,Yes,Yes,FL,Miami,25.88769741431899,-80.0612954258706
1265-HVPZB,Male,0,Yes,No,FL,Miami,25.852233319622506,-80.04887424586443
4115-UMJFQ,Male,0,No,No,AZ,Phoenix,33.582421460382456,-112.11303476356741
7369-TRPFD,Male,0,No,No,IL,Chicago,41.84838671075689,-87.65105265993999
1098-KFQEC,Female,0,Yes,Yes,IL,Chicago,41.8495935966493,-87.77792503597897
7190-XHTWJ,Female,0,No,No,IL,Chicago,41.849372952967954,-87.56123526967703
0621-TWIEM,Male,0,No,No,IL,Chicago,41.98521961101766,-87.74972456554227
3537-RYBHH,Female,1,Yes,No,CA,Los Angeles,34.055939632631215,-118.3176304145173
2485-ITVKB,Female,0,Yes,No,FL,Orlando,28.54685801989141,-81.25290685162365
3669-OYSJI,Male,0,No,No,AZ,Phoenix,33.34890628581632,-112.05734932921965
1612-EOHDH,Female,0,No,No,CA,San Diego,32.75294645574228,-117.21060770664596
6702-OHFWR,Male,1,No,No,TX,Austin,30.12005674627425,-97.61912430218892
5296-BFCYD,Male,0,Yes,Yes,FL,Miami,25.640176657311688,-80.11202405018128
4510-PYUSH,Female,1,No,No,NY,Buffalo,42.79660747278566,-78.761359307825
9359-JANWS,Female,0,Yes,No,NY,Buffalo,42.87412569756844,-79.01512842818795
7517-SAWMO,Female,0,Yes,No,FL,Orlando,28.507091312034376,-81.26186601966181
4143-HHPMK,Male,0,No,No,CA,San Francisco,37.64408788777708,-122.29489006467145
3279-DYZQM,Male,0,Yes,Yes,FL,Orlando,28.59054235827121,-81.48742318031535
7054-LGEQW,Female,0,No,No,GA,Atlanta,33.643167812744394,-84.5178998334578
0523-VNGTF,Female,1,No,No,NY,New York,40.609185544964795,-73.97041722558274
9575-IWCAZ,Male,0,Yes,No,TX,Austin,30.373907939439018,-97.69155968955944
7105-MXJLL,Female,1,Yes,No,MA,Boston,42.27790477016434,-71.17225715725287
7064-FRRSW,Male,1,No,No,FL,Miami,25.682148961446273,-80.10047889878511
7940-UQQUG,Female,0,Yes,Yes,AZ,Phoenix,33.458434558859,-112.06350031118153
0923-PNFUB,Female,0,No,No,FL,Miami,25.717789767450782,-80.1464063213484
3961-SXAXY,Male,0,No,No,CO,Denver,39.82805150753803,-104.97509563746696
7010-BRBUU,Male,0,Yes,Yes,TX,Dallas,32.82161212552279,-96.88472371283181
3566-HJGPK,Male,0,No,No,CA,Los Angeles,34.07587146811792,-118.33284632310618
3062-ICYZQ,Female,0,Yes,Yes,IL,Chicago,41.96702141563577,-87.73538273193903
9938-PRCVK,Female,0,Yes,Yes,CA,San Francisco,37.81745955659743,-122.37499623875294
0973-KYVNF,Female,0,Yes,Yes,CO,Denver,39.813212583690955,-104.94330365483302
5129-HHMZC,Female,0,Yes,No,TX,Dallas,32.745120597462005,-96.74405713540428
9637-CDTKZ,Male,0,Yes,No,MA,Boston,42.382090367011436,-71.17813988427649
3946-JEWRQ,Male,0,Yes,No,CA,San Francisco,37.799684779798824,-122.37913227703069
7873-CVMAW,Male,0,No,No,CO,Denver,39.598829020012374,-104.85395848286142
0463-WZZKO,Male,0,No,No,GA,Atlanta,33.7111570010612,-84.31197776824924
3494-JCHRQ,Male,0,No,No,TX,Houston,29.731005329349557,-95.39801739665353
6474-FVJLC,Male,0,No,No,MA,Boston,42.50196927013678,-70.91354598678907
4524-QCSSM,Male,0,No,No,NY,Buffalo,42.8195717744524,-78.78157463274718
5832-EXGTT,Male,0,Yes,Yes,TX,Houston,29.702878188686295,-95.36045034722147
8840-DQLGN,Female,1,Yes,No,TX,Dallas,32.787486385323966,-96.89632890027788
2039-JONDJ,Male,0,No,No,IL,Chicago,41.739368102700006,-87.51091916217156
7217-JYHOQ,Male,0,Yes,Yes,WA,Seattle,47.74140892666042,-122.41255675580804
6695-FRVEC,Male,0,Yes,Yes,IL,Chicago,41.888679508815486,-87.71115669650845
4547-LYTDD,Female,0,No,No,FL,Miami,25.853285632812746,-80.20545547529002
9894-QMIMJ,Female,0,No,No,FL,Orlando,28.599122542567994,-81.4656234814739
8069-YQQAJ,Male,0,No,No,NY,New York,40.5939551700755,-74.01591434639705
6770-XUAGN,Female,0,Yes,Yes,CO,Denver,39.75660114088053,-105.11480028021195
4193-ORFCL,Female,1,No,No,WA,Seattle,47.61631744159218,-122.20718672391945
1636-NTNCO,Male,1,No,No,TX,Austin,30.198530071191577,-97.78566151422525
3466-WAESX,Male,0,No,Yes,IL,Chicago,41.82482706334216,-87.77623046818493
9281-PKKZE,Female,0,Yes,No,NY,Buffalo,43.01271152682164,-78.75904172326734
3638-VBZTA,Male,0,No,Yes,TX,Dallas,32.90617697370654,-96.71004034613519
7459-IMVYU,Male,0,No,No,FL,Miami,25.873639112814846,-80.14830915007597
7776-QWNFX,Male,1,Yes,No,FL,Miami,25.848335513144924,-80.28329532116618
6689-TCZHQ,Female,1,No,No,TX,Houston,29.73507493604388,-95.40977906285877
8563-OYMQY,Male,0,No,No,GA,Atlanta,33.646524920873034,-84.27909322388128
0754-EEBDC,Male,0,Yes,Yes,CO,Denver,39.88435186521524,-104.86616286128036
5777-ZPQNC,Female,0,No,No,TX,Dallas,32.72654359454345,-96.76398010443192
1951-IEYXM,Male,0,Yes,Yes,TX,Austin,30.132736761589317,-97.80093786766584
3318-NMQXL,Male,0,No,No,NY,New York,40.737351514833776,-73.86861706467396
3143-ILDAL,Male,0,No,No,TX,Dallas,32.75100690354908,-96.79142138965685
1022-RKXDR,Female,0,No,No,GA,Atlanta,33.783485967779356,-84.38386630819855
2361-FJWNO,Male,0,No,No,CA,Los Angeles,34.112350621952906,-118.11664576684984
2272-UOINI,Female,0,No,No,MA,Boston,42.346861134032004,-71.07322773499232
8232-UTFOZ,Male,0,No,No,CA,Los Angeles,34.05008982478395,-118.38886066320781
3750-YHRYO,Male,0,Yes,Yes,FL,Orlando,28.46165708276697,-81.34594580199085
6637-KYRCV,Female,0,Yes,Yes,CA,Los Angeles,34.09772096161796,-118.21931043801132
5668-MEISB,Female,0,Yes,Yes,CA,Los Angeles,34.04153340962486,-118.18455393133488
0129-QMPDR,Male,0,Yes,Yes,CA,San Francisco,37.85866163053143,-122.56709171476089
7188-CBBBA,Female,0,No,No,TX,Dallas,32.895879240430226,-96.91596981204243
5356-CSVSQ,Female,0,No,No,NY,Buffalo,42.91233424939656,-78.8648858933121
3221-CJMSG,Male,0,No,No,CA,Los Angeles,34.19975618894103,-118.38684100201847
4720-VSTSI,Female,0,No,No,CA,San Francisco,37.65607679894741,-122.45225625191611
3219-JQRSL,Female,1,Yes,No,CO,Denver,39.76435156724665,-104.93895290331238
2801-NISEI,Male,0,No,No,AZ,Phoenix,33.342715880802956,-112.18737089503946
3946-MHCZW,Male,0,No,No,CA,San Diego,32.60995708967378,-117.18963394599191
4623-ZKHLY,Male,0,Yes,No,FL,Orlando,28.541363608669176,-81.37643774137626
6732-VAILE,Male,0,Yes,Yes,FL,Orlando,28.60471829417154,-81.50581352283241
8201-AAXCB,Male,0,Yes,Yes,NY,Buffalo,42.817214095589804,-78.77604482767377
7696-CFTAT,Male,0,Yes,Yes,CO,Denver,39.77437807129641,-104.86942183725134
1845-CSBRZ,Female,1,Yes,Yes,WA,Seattle,47.68396152344887,-122.31834028188324
2123-VSCOT,Female,0,Yes,Yes,CA,San Diego,32.66131040345407,-117.27153675178245
6651-AZVTJ,Male,0,Yes,Yes,FL,Miami,25.65960327782398,-80.13104730707828
4566-GOLUK,Male,0,Yes,Yes,TX,Houston,29.850878931866976,-95.42509493730202
2484-DGXPZ,Female,0,Yes,Yes,TX,Dallas,32.68614052130213,-96.8101610481939
2018-QKYGT,Male,0,Yes,Yes,TX,Dallas,32.637692319052064,-96.78265880150279
2792-VPPET,Male,0,No,No,TX,Dallas,32.67208397592105,-96.88778604145276
7409-JURKQ,Female,0,Yes,No,WA,Seattle,47.67698394333724,-122.33861993016662
3247-MHJKM,Male,0,No,No,CO,Denver,39.6339916638655,-104.93549493571389
1964-SVLEA,Male,0,No,No,IL,Chicago,41.928051893756574,-87.57814679927779
4587-NUKOX,Female,0,No,No,WA,Seattle,47.70775416138549,-122.26350650977014
7297-DVYGA,Female,0,No,No,AZ,Phoenix,33.431813636491455,-111.94926793897646
2239-CGBUZ,Female,0,Yes,No,IL,Chicago,41.749862249440355,-87.5086711451525
0854-UYHZD,Female,0,Yes,Yes,TX,Austin,30.300007618588314,-97.85521946767605
7243-LCGGZ,Female,0,No,No,TX,Austin,30.27253493913537,-97.60978244519045
8267-KFGYD,Male,0,No,Yes,CA,San Diego,32.75867903752454,-117.19075173122337
4890-VMUAV,Male,0,No,No,TX,Dallas,32.918769984250304,-96.79513540758808
9261-WDCAF,Male,0,No,No,IL,Chicago,42.02807091819218,-87.62647055005759
3764-MNMOI,Male,0,No,No,WA,Seattle,47.704736804931805,-122.24789318957795
7442-YGZFK,Male,0,No,No,CO,Denver,39.76468717849277,-104.96375233656764
0420-BWTPW,Male,0,No,Yes,CA,Los Angeles,34.06831262828288,-118.31296826228503
8229-BUJHX,Female,0,Yes,Yes,FL,Orlando,28.520119448695464,-81.42844230994875
7449-HVPIV,Male,0,Yes,Yes,GA,Atlanta,33.76402220448594,-84.40681715433439
5504-WSIUR,Female,0,No,No,CA,Los Angeles,34.14318241320531,-118.20694685300894
8183-ONMXC,Female,0,No,No,MA,Boston,42.4742499923038,-70.96369549309844
8466-PZBLH,Male,0,Yes,Yes,WA,Seattle,47.51869846176664,-122.42334678461113
9614-RMGHA,Male,0,Yes,No,CO,Denver,39.71262418559628,-105.10673231925901
8735-IJJEG,Male,0,Yes,No,TX,Houston,29.853184720709116,-95.42100341340903
0564-MUUQK,Female,0,Yes,Yes,NY,New York,40.69168174905432,-73.92919339094279
5054-IEXZT,Male,0,No,Yes,NY,Buffalo,42.75942927353034,-78.96783103192016
5834-ASPWA,Male,0,No,No,CO,Denver,39.779823942324484,-104.92309160194533
0701-RFGFI,Female,0,Yes,Yes,NY,Buffalo,42.943613253829824,-78.76914181915333
0019-EFAEP,Female,0,No,No,AZ,Phoenix,33.3739750958449,-112.02714851115863
5619-PTMIK,Female,0,Yes,No,NY,Buffalo,42.98452845398859,-79.00916835870031
3737-XBQDD,Male,0,No,No,FL,Orlando,28.508141203287582,-81.4789314395705
5882-CMAZQ,Female,0,Yes,Yes,IL,Chicago,41.72898327404888,-87.66537381610412
5846-QFDFI,Female,0,Yes,Yes,CA,San Diego,32.657968717075576,-117.11441766215624
4445-KWOKW,Female,0,No,No,IL,Chicago,41.77285272591145,-87.62423575078881
3511-APPBJ,Male,0,No,No,GA,Atlanta,33.744762193103846,-84.46991619485588
7967-HYCDE,Male,0,No,No,AZ,Phoenix,33.53745112988016,-112.1999098890249
2430-RRYUW,Male,0,No,No,CA,San Francisco,37.84939351954933,-122.51846021552602
3948-XHGNA,Male,0,No,No,TX,Austin,30.184422651875188,-97.67222564179765
3723-BFBGR,Male,1,No,No,TX,Houston,29.649978359820523,-95.41157169460928
0565-IYCGT,Male,0,No,No,CA,Los Angeles,33.925956991720085,-118.24079852674593
5447-WZAFP,Female,0,No,No,CA,Los Angeles,34.17031188080488,-118.28376479311238
5110-CHOPY,Female,0,No,No,CA,Los Angeles,34.10708047109974,-118.11106018666322
5445-UTODQ,Female,0,Yes,No,NY,Buffalo,42.92545642843136,-78.9119608015029
4425-OWHWB,Female,0,No,No,CA,San Francisco,37.89169120695934,-122.2975088965498
7892-QVYKW,Female,0,Yes,Yes,WA,Seattle,47.737921547803076,-122.29116754262773
9675-ICXCT,Male,0,Yes,Yes,GA,Atlanta,33.654024396081,-84.43836830028042
1024-VRZHF,Male,0,Yes,No,TX,Houston,29.78264703867246,-95.46982589502632
4703-MQYKT,Male,0,No,No,TX,Houston,29.681755423705738,-95.422105435334
9497-QCMMS,Male,1,No,No,MA,Boston,42.227065880955486,-71.15916669590216
5692-ICXLW,Male,1,No,No,NY,New York,40.69212018094727,-74.10157324295918
0602-DDUML,Female,0,No,No,CA,Los Angeles,34.164666894404185,-118.3675189114005
2208-MPXIO,Female,0,Yes,Yes,FL,Miami,25.629410118837164,-80.13028553804986
1960-UYCNN,Male,0,No,No,GA,Atlanta,33.779413818618764,-84.33489673673839
0348-SDKOL,Female,0,Yes,No,CA,Los Angeles,34.038258361914416,-118.22397244528015
3190-FZATL,Male,0,No,Yes,FL,Miami,25.61711325706805,-80.06794718480596
7336-RLLRH,Male,0,Yes,No,FL,Orlando,28.4154065451236,-81.31098502287018
4373-MAVJG,Female,0,Yes,Yes,CA,Los Angeles,34.01279249761749,-118.16229086569238
8901-HJXTF,Female,0,Yes,Yes,MA,Boston,42.329143032011686,-71.1773255404534
7710-JSYOA,Female,0,Yes,Yes,WA,Seattle,47.52121007291986,-122.33517210288569
5419-KLXBN,Female,0,Yes,Yes,AZ,Phoenix,33.42594406185964,-111.92571769893065
3424-NMNBO,Male,1,Yes,No,TX,Houston,29.747566788370353,-95.44963867769314
9885-MFVSU,Female,0,Yes,Yes,AZ,Phoenix,33.47507319993454,-112.04999414902656
4514-GFCFI,Female,1,No,No,WA,Seattle,47.583953656574536,-122.35706485017118
0607-MVMGC,Male,0,Yes,Yes,CO,Denver,39.71635831714285,-104.90008116692091
3365-SAIGS,Female,0,No,No,WA,Seattle,47.600687780252805,-122.29927557622072
9828-AOQLM,Female,0,Yes,Yes,NY,Buffalo,42.83449990772664,-78.97340799970314
8022-BECSI,Male,0,No,No,CA,San Francisco,37.75674032054244,-122.41496454969938
8000-REIQB,Female,1,No,No,FL,Orlando,28.39696443679795,-81.49301644441483
9993-LHIEB,Male,0,Yes,Yes,TX,Austin,30.194996746235116,-97.79179898854585
0266-CLZKZ,Female,0,Yes,Yes,NY,New York,40.75844088250229,-74.1428587845692
7615-ESMYF,Female,0,Yes,No,CA,Los Angeles,34.1231556277099,-118.1532626828017
3858-VOBET,Male,0,No,No,GA,Atlanta,33.68432056739171,-84.38405712787305
7020-OZKXZ,Female,1,No,No,WA,Seattle,47.563757416682236,-122.34855408328703
3977-QCRSL,Female,0,No,No,TX,Houston,29.63627202889221,-95.46290099211636
0017-DINOC,Male,0,No,No,AZ,Phoenix,33.316227598466284,-112.06537335584946
1447-PJGGA,Female,0,No,No,AZ,Phoenix,33.49302226145354,-112.04463936471888
8565-CLBZW,Male,0,No,No,WA,Seattle,47.7128540521784,-122.3634519104735
9139-WQQDY,Female,0,Yes,Yes,NY,New York,40.709085892234356,-74.07744208222525
0224-HJAPT,Male,0,No,No,FL,Orlando,28.50845805346531,-81.37551656478362
8086-OVPWV,Male,0,No,No,FL,Orlando,28.614381134589607,-81.2611874901771
9430-FRQOC,Female,0,No,Yes,WA,Seattle,47.54358199002612,-122.27418782097286
7639-OPLNG,Male,0,Yes,Yes,CA,Los Angeles,34.04450991779356,-118.22481298523851
3074-GQWYX,Male,0,No,No,TX,Austin,30.37206320404166,-97.81380545153614
1492-QGCLU,Male,0,Yes,Yes,NY,New York,40.69944617574923,-73.88104378540893
6845-RGTYS,Female,0,Yes,No,FL,Miami,25.884721632552765,-80.27920416817896
7328-OWMOM,Female,0,No,Yes,NY,Buffalo,43.004817338690046,-78.8169729162269
4418-LZMSV,Male,0,Yes,Yes,CA,San Francisco,37.62826592588267,-122.43776218353887
5155-AZQPB,Female,0,Yes,Yes,CO,Denver,39.77862907292875,-105.01387435760041
8861-HGGKB,Female,0,No,No,TX,Houston,29.729230696325217,-95.35310365540701
1087-GRUYI,Male,0,Yes,No,GA,Atlanta,33.82256040251488,-84.32922700212076
7065-YUNRY,Female,0,No,No,CA,San Francisco,37.79104944599707,-122.52072810068051
7694-VLBWQ,Male,0,Yes,No,WA,Seattle,47.619637919820306,-122.45749776251428
2546-KZAAT,Male,0,Yes,No,FL,Orlando,28.428663292305316,-81.25568701220769
0181-RITDD,Male,0,Yes,Yes,CA,San Francisco,37.7171303926647,-122.3813268282122
5989-PGKJB,Female,0,No,No,IL,Chicago,41.84317645612148,-87.50072605059472
4795-KTRTH,Female,1,Yes,No,CO,Denver,39.7404029640123,-104.92370652575725
8272-ONJLV,Male,0,No,No,NY,New York,40.76081781758953,-74.06911682014106
1488-PBLJN,Female,0,Yes,Yes,FL,Orlando,28.528378851163954,-81.27072492484342
0308-GIQJT,Male,1,No,No,IL,Chicago,41.91992019093301,-87.5690958578284
3778-FOAQW,Female,0,Yes,No,CA,San Francisco,37.85362751646457,-122.40881002326606
4452-ROHMO,Female,0,No,No,CA,San Diego,32.76892465467148,-117.11265988517461
6481-OGDOO,Male,0,Yes,No,AZ,Phoenix,33.30997935836054,-111.99796712937915
3090-LETTY,Male,0,No,Yes,IL,Chicago,42.01988416318725,-87.63318352013935
5349-AZPEW,Female,0,Yes,Yes,MA,Boston,42.22509655419396,-70.99914795910188
3753-TSEMP,Female,0,Yes,No,NY,New York,40.63785933641022,-73.88541294281332
8305-VHZBZ,Male,0,No,No,CO,Denver,39.85407604297348,-105.07667894770113
9720-JJJOR,Male,0,Yes,Yes,TX,Houston,29.81497183531627,-95.3738798112396
8100-HZZLJ,Female,0,No,Yes,WA,Seattle,47.50552576204271,-122.29036862567841
8775-ERLNB,Male,1,Yes,No,NY,New York,40.840474196828595,-73.92277216698817
8309-IEYJD,Female,1,No,No,CA,San Diego,32.781925667972374,-117.28334858470674
9172-JITSM,Female,0,Yes,Yes,CA,San Francisco,37.81254895410602,-122.56712518292788
6298-QDFNH,Male,0,No,No,TX,Dallas,32.797313840953414,-96.90652013983109
7398-HPYZQ,Male,0,Yes,No,NY,New York,40.81996169721565,-74.06948026549102
3546-GHEAE,Male,0,No,No,CO,Denver,39.8265118215805,-104.85009503822388
7361-YPXFS,Female,1,No,No,AZ,Phoenix,33.500312653017744,-112.14385618306457
6557-BZXLQ,Male,1,No,No,CO,Denver,39.72741172681634,-105.01670550429048
2550-QHZGP,Male,0,No,No,MA,Boston,42.34081227209658,-71.17345539308246
7519-JTWQH,Female,0,No,No,CA,San Francisco,37.72309644585016,-122.46115835535808
2538-OIMXF,Female,0,No,Yes,TX,Houston,29.826515167535277,-95.29940648859542
8543-MSDMF,Male,0,No,No,CO,Denver,39.81350857158239,-105.05222780840478
9961-JBNMK,Male,1,No,No,NY,Buffalo,42.99668701606465,-78.99713879693971
1170-SASML,Female,0,Yes,No,TX,Houston,29.64210063621589,-95.4580067788759
4872-JCVCA,Female,0,Yes,No,TX,Austin,30.1557692122704,-97.87497273752595
5346-BZCHP,Female,0,Yes,Yes,NY,Buffalo,42.777333629624316,-78.77843025004591
2038-LLMLM,Female,0,No,No,WA,Seattle,47.4685598003642,-122.2159582232789
6173-ITPWD,Male,0,Yes,No,CA,San Francisco,37.70146215069211,-122.38801361846022
9734-UYXQI,Female,0,No,No,NY,Buffalo,42.76785861732184,-78.92448568676713
1216-BGTSP,Male,0,No,No,CA,Los Angeles,34.012253449874585,-118.15191608952861
4138-NAXED,Male,0,No,No,TX,Houston,29.779902617501172,-95.4026754243545
2189-UXTKY,Female,0,Yes,No,CO,Denver,39.64610140687628,-104.84435546221142
0744-BIKKF,Male,0,No,No,TX,Austin,30.211314682210133,-97.60650444128265
7483-IQWIB,Male,0,Yes,Yes,CA,San Francisco,37.75073384308731,-122.4200541209776
5248-KWLAR,Male,0,Yes,Yes,NY,Buffalo,42.925717183690736,-78.7846036263219
4958-GZWIY,Male,0,Yes,Yes,FL,Orlando,28.57278058024581,-81.46784015200848
7996-MHXLW,Female,0,No,No,CA,San Francisco,37.91110239666958,-122.44320133198184
7833-PKIHD,Male,0,Yes,Yes,GA,Atlanta,33.89409258440178,-84.35136502307266
7061-OVMIM,Female,0,Yes,Yes,TX,Dallas,32.86589202195722,-96.86813894990043
5153-RTHKF,Female,0,No,No,MA,Boston,42.31721092701775,-70.98354426256364
1852-QSWCD,Male,0,Yes,Yes,MA,Boston,42.49401613841248,-70.99369545753734
4832-VRBMR,Male,1,Yes,No,AZ,Phoenix,33.38102008618702,-112.02790298051528
9079-LWTFD,Male,0,No,No,IL,Chicago,41.76069517318823,-87.6801530393356
6356-ELRKD,Female,0,No,No,FL,Orlando,28.418706379801588,-81.30521579043602
8624-GIOUT,Female,0,No,No,WA,Seattle,47.458473897508156,-122.45141182889793
3392-EHMNK,Female,0,Yes,Yes,FL,Orlando,28.468980564366124,-81.23921796366923
5986-WWXDV,Male,0,No,Yes,GA,Atlanta,33.634178212464796,-84.34936463019537
3061-BCKYI,Male,0,No,No,AZ,Phoenix,33.335302432538974,-112.12446777271815
6179-GJPSO,Female,1,No,No,GA,Atlanta,33.87813783579699,-84.42859516559155
7901-TBKJX,Male,1,No,No,NY,New York,40.63664929840732,-74.1532745928463
7228-PAQPD,Female,0,No,No,AZ,Phoenix,33.312445480513176,-111.93620121867029
3177-LASXD,Female,0,No,No,NY,Buffalo,42.925161922553336,-78.85387147854452
7746-QYVCO,Male,0,Yes,Yes,CA,San Diego,32.72680932606737,-117.01751556587087
5804-HYIEZ,Male,0,Yes,Yes,TX,Houston,29.651492922768167,-95.4514493059476
9919-FZDED,Male,1,Yes,No,GA,Atlanta,33.75771043925896,-84.39559178929618
5934-TSSAU,Female,0,Yes,Yes,WA,Seattle,47.58951759971932,-122.36912258516645
3486-KHMLI,Male,0,No,Yes,TX,Houston,29.746111044831597,-95.4778873814146
4897-QSUYC,Female,0,No,No,CA,San Francisco,37.65604273185228,-122.38516855155054
1084-UQCHV,Male,0,No,Yes,FL,Orlando,28.64721152774727,-81.26466893385387
8290-YWKHZ,Female,1,Yes,No,WA,Seattle,47.66910551575211,-122.47889083423686
2955-BJZHG,Male,0,Yes,Yes,TX,Austin,30.374160700955073,-97.87529231800868
3806-DXQOM,Female,0,No,No,IL,Chicago,41.88455106096745,-87.51520156236865
6784-XYJAE,Female,0,No,No,MA,Boston,42.493025041281946,-70.95067975807123
3933-DQPWX,Female,0,No,No,CA,Los Angeles,34.02172484475698,-118.26942123336407
6661-EIPZC,Female,0,Yes,Yes,WA,Seattle,47.6670822727293,-122.36492452594936
8957-THMOA,Female,0,No,Yes,IL,Chicago,42.02740171463499,-87.75887661910744
2251-PYLPB,Male,0,Yes,No,IL,Chicago,41.888394414461935,-87.52096798143504
5555-RNPGT,Male,0,No,Yes,NY,New York,40.570304040833385,-74.14056213600772
1057-FOGLZ,Female,0,No,No,IL,Chicago,41.7483645068077,-87.57225834697246
9300-RENDD,Male,0,No,No,TX,Houston,29.612151330755523,-95.37654157962498
0761-AETCS,Female,0,No,No,AZ,Phoenix,33.465897924182045,-112.06246723464673
8087-LGYHQ,Male,0,No,No,GA,Atlanta,33.856217383510774,-84.31181610093809
4137-BTIKL,Male,0,No,No,NY,Buffalo,43.001347996774506,-78.80467499660982
2190-BCXEC,Female,0,Yes,No,MA,Boston,42.30682099851749,-71.17345896290824
6227-FBDXH,Male,0,Yes,No,TX,Houston,29.748885872400624,-95.4152315378086
2153-MREFK,Female,0,Yes,No,NY,New York,40.72200625986485,-73.8833695314112
2911-WDXMV,Male,0,No,Yes,CA,Los Angeles,33.96228118144314,-118.3813128207453
7206-PQBBZ,Male,1,Yes,No,CA,San Diego,32.743957292168844,-117.15183214770396
3106-ULWFW,Female,0,Yes,No,MA,Boston,42.28416255310998,-71.20419665164498
0925-VYDLG,Female,0,No,No,GA,Atlanta,33.6404779509603,-84.30708917173287
4547-FZJWE,Male,0,Yes,Yes,CA,San Francisco,37.744074009097716,-122.55416943536063
7422-WNBTY,Male,0,Yes,No,TX,Dallas,32.813285461829814,-96.7260263699741
0842-IWYCP,Female,0,No,No,TX,Dallas,32.83029347850247,-96.66897658111127
3521-HTQTV,Male,0,No,No,CA,San Diego,32.681360309020064,-117.3017636103183
3744-ZBHON,Female,0,No,No,CO,Denver,39.74510346433391,-104.88892425762158
3373-DIUUN,Male,0,Yes,Yes,CO,Denver,39.732340149365356,-105.11644747097779
8383-SGHJU,Female,0,No,No,WA,Seattle,47.61699279107442,-122.27977302631322
7607-QKKTJ,Male,0,Yes,Yes,WA,Seattle,47.494418501830495,-122.29882051764761
7707-PYBBH,Male,0,No,No,FL,Miami,25.82226956962726,-80.26201839999385
8984-HPEMB,Female,0,No,No,IL,Chicago,41.939137012541416,-87.7279081884004
4349-GFQHK,Male,0,No,No,CO,Denver,39.725674906753135,-105.10125939601399
4139-DETXS,Female,0,Yes,Yes,MA,Boston,42.37990090350161,-71.18547100058817
9779-DPNEJ,Female,0,Yes,Yes,WA,Seattle,47.61908284856849,-122.39051320675496
9805-FILKB,Male,0,Yes,Yes,TX,Dallas,32.765769935998854,-96.80207352855224
5793-YOLJN,Female,0,Yes,Yes,CO,Denver,39.657285758078466,-105.13975296661027
0673-IGUQO,Male,0,No,No,FL,Orlando,28.424929539782156,-81.3326497724468
4123-FCVCB,Female,0,No,No,TX,Austin,30.243224771060476,-97.72668520840686
8819-IMISP,Male,0,No,No,CA,San Diego,32.82363767136996,-117.10723242863024
7802-EFKNY,Male,0,Yes,No,WA,Seattle,47.5481645225217,-122.40953529114446
8311-UEUAB,Female,0,Yes,Yes,WA,Seattle,47.649263855323426,-122.34281863845484
5858-EAFCZ,Male,0,No,No,MA,Boston,42.299771380086824,-71.13871263170296
8035-BUYVG,Male,0,Yes,No,CA,San Francisco,37.7038679667828,-122.34587139014033
1163-ONYEY,Male,0,Yes,Yes,NY,New York,40.64612442345505,-74.09673724044954
9787-XVQIU,Male,0,No,No,WA,Seattle,47.60747002753302,-122.27093566266136
8945-MUQUF,Male,0,No,No,FL,Orlando,28.427358915464826,-81.39146382775378
5656-MJEFC,Male,0,Yes,Yes,CA,San Diego,32.65006282467547,-117.21879861050385
6082-OQFBA,Male,0,Yes,Yes,FL,Miami,25.793207133950357,-80.27501546411442
8051-HJRLT,Female,1,No,No,TX,Dallas,32.67161615111038,-96.71171814910798
8974-OVACP,Female,0,No,No,CA,Los Angeles,34.02120386200822,-118.16423129046552
4010-YLMVT,Female,0,No,No,CA,San Francisco,37.64603919353576,-122.3604285560627
1379-FRVEB,Male,0,No,Yes,TX,Dallas,32.67442451518309,-96.7215863738094
8612-GXIDD,Male,0,Yes,Yes,CO,Denver,39.87259127242452,-105.13965917821974
6288-CHQJB,Female,0,Yes,Yes,IL,Chicago,41.88378180835412,-87.48009765437543
8160-HOWOX,Female,0,No,No,TX,Dallas,32.65477378708671,-96.71683559896223
3023-GFLBR,Female,0,Yes,Yes,TX,Dallas,32.698109147572026,-96.71392583126503
6648-INWPS,Male,0,Yes,Yes,CA,San Francisco,37.87021868627274,-122.287834510934
4223-BKEOR,Female,0,No,Yes,CA,San Francisco,37.62889130163077,-122.4469417420758
4079-VTGLK,Male,1,Yes,No,FL,Orlando,28.605321958007558,-81.45160397573487
1763-WQFUK,Male,0,No,No,TX,Dallas,32.70391187376067,-96.68936219123188
1391-UBDAR,Male,0,No,No,IL,Chicago,41.837590822005126,-87.7423400573683
8894-JVDCV,Female,0,No,No,MA,Boston,42.354649469002254,-71.01713179873354
2023-VQFDL,Male,0,No,No,FL,Orlando,28.605513605009104,-81.46806570368702
1345-GKDZZ,Male,0,No,Yes,NY,New York,40.845708479068456,-74.08982954518181
2014-MKGMH,Female,0,No,No,CO,Denver,39.85719691127082,-105.03773662770975
5628-FCGYG,Male,0,No,No,CA,San Francisco,37.863644909248286,-122.39770191141417
2560-WBWXF,Male,0,No,No,NY,New York,40.63834043006146,-73.95096777004875
0248-IPDFW,Female,0,No,No,NY,Buffalo,42.99868241296934,-78.75068665462463
7978-DKUQH,Female,0,Yes,No,CA,San Diego,32.573637373167074,-117.27664909057074
4335-UPJSI,Female,0,No,Yes,TX,Dallas,32.73033330861752,-96.73756060269325
0524-IAVZO,Female,0,Yes,No,FL,Orlando,28.649950226276818,-81.27668061537837
2737-YNGYW,Female,0,No,No,CA,San Diego,32.67323279077468,-117.01992701692866
1784-EZDKJ,Male,0,Yes,No,GA,Atlanta,33.79744663954024,-84.45143410259737
9297-FVVDH,Female,0,Yes,Yes,GA,Atlanta,33.78855880526864,-84.5060622502809
8007-YYPWD,Female,0,No,No,FL,Orlando,28.410197869214308,-81.47494209000442
7101-HRBLJ,Female,0,Yes,Yes,GA,Atlanta,33.84567030195473,-84.26382192521973
5159-YFPKQ,Female,0,No,No,FL,Miami,25.79266479433456,-80.28016681895724
6635-CPNUN,Male,0,Yes,No,TX,Dallas,32.66105808526532,-96.79060127873197
4021-RQSNY,Male,1,Yes,No,MA,Boston,42.33735828123923,-71.17864773209952
5453-YBTWV,Male,0,Yes,Yes,NY,Buffalo,42.78475196244872,-78.7438157821312
5039-LZRQT,Female,0,No,No,TX,Houston,29.755477450055892,-95.25250237669697
2931-VUVJN,Female,1,Yes,No,AZ,Phoenix,33.32349158412446,-111.99582678851752
9061-TIHDA,Male,1,Yes,No,CO,Denver,39.768336176464885,-105.03507263213362
8699-ASUFO,Male,1,Yes,No,CA,Los Angeles,33.99401024360252,-118.3921282138907
6418-PIQSP,Female,0,Yes,No,TX,Houston,29.789674746840078,-95.36694765988713
8220-OCUFY,Female,0,No,No,WA,Seattle,47.74821782124546,-122.1940057454765
3995-WFCSM,Female,0,No,No,NY,New York,40.79039349186927,-74.00036904260611
1895-QTKDO,Female,0,No,No,NY,Buffalo,42.882214784500725,-78.86323137382546
2038-OEQZH,Male,0,No,No,CA,San Francisco,37.74476811091415,-122.34982762180624
1178-PZGAB,Female,0,No,No,TX,Houston,29.77156867450908,-95.32893864831928
7927-AUXBZ,Female,0,No,No,TX,Dallas,32.85352970137601,-96.78490058434069
2626-VEEWG,Male,0,Yes,Yes,AZ,Phoenix,33.46899518712621,-112.19115503259785
2878-RMWXY,Male,1,Yes,No,NY,New York,40.84480787794044,-74.15244247323297
1657-DYMBM,Male,0,Yes,No,AZ,Phoenix,33.54575707923057,-111.9363474695993
7311-MQJCH,Female,0,No,No,GA,Atlanta,33.88043078362258,-84.34697549048639
7375-WMVMT,Male,1,Yes,No,IL,Chicago,41.734584269833526,-87.63606748879147
1136-XGEQU,Female,0,Yes,Yes,CA,Los Angeles,33.91005055188234,-118.35770686665973
2530-FMFXO,Male,0,Yes,Yes,FL,Orlando,28.651549564117747,-81.37213851055442
6844-DZKRF,Male,0,No,No,CA,San Diego,32.83978892015588,-117.26479207649727
4695-WJZUE,Female,1,No,No,AZ,Phoenix,33.50063729677633,-112.01717611215776
7619-ODSGN,Male,0,Yes,Yes,NY,New York,40.60131973716836,-73.85913806911813
5970-GHJAW,Male,0,Yes,Yes,TX,Houston,29.615626306014853,-95.28519939091765
8879-XUAHX,Male,0,Yes,No,NY,Buffalo,42.91325442368704,-79.01538260105521
3689-MOZGR,Female,0,No,No,FL,Orlando,28.53340147743881,-81.27919589917592
4195-PNGZS,Male,0,Yes,Yes,FL,Orlando,28.48823543524879,-81.44457196477882
5003-XZWWO,Male,0,Yes,No,GA,Atlanta,33.860782173033435,-84.32365115654376
3988-RQIXO,Female,1,No,No,NY,New York,40.65240174294969,-74.15182183056565
7622-FWGEW,Male,1,Yes,No,GA,Atlanta,33.81290432147401,-84.24571952271882
6922-NCEDI,Male,0,No,Yes,CA,Los Angeles,33.96431503516367,-118.37904594872195
2514-GINMM,Male,0,No,No,FL,Miami,25.689187225684744,-80.27206825506035
9891-NQDBD,Female,0,Yes,No,CA,San Francisco,37.727076312708775,-122.5091987413046
6131-IUNXN,Female,0,Yes,Yes,FL,Orlando,28.506910805078647,-81.25869349250485
8548-AWOFC,Male,0,Yes,No,WA,Seattle,47.596862363865334,-122.33820137059075
9798-DRYDS,Female,0,Yes,Yes,TX,Houston,29.79491931676481,-95.40449949069445
8532-UEFWH,Male,0,Yes,Yes,AZ,Phoenix,33.48963736487074,-112.01532934573949
6296-DDOOR,Female,0,No,No,NY,New York,40.75660156381121,-73.91775704305306
7951-VRDVK,Female,0,No,No,TX,Dallas,32.685976256486065,-96.68013819782003
5931-FLJJF,Male,1,Yes,No,TX,Austin,30.14545659437723,-97.62144149701821
4815-YOSUK,Male,0,Yes,Yes,CA,San Francisco,37.902373923349344,-122.50059624137134
2659-VXMWZ,Male,0,Yes,Yes,MA,Boston,42.47617389601946,-70.96471996301
0380-NEAVX,Male,1,No,No,AZ,Phoenix,33.577075414901216,-112.07377483635346
3207-OYBWH,Male,1,Yes,No,WA,Seattle,47.61392005702424,-122.19345253951663
4285-GYRQC,Female,0,Yes,No,FL,Miami,25.856772286117756,-80.25029875759127
7216-EWTRS,Female,1,Yes,No,TX,Austin,30.259424850445967,-97.70396395566708
4365-MSDYN,Male,0,Yes,No,CO,Denver,39.77274577284724,-105.03697594464447
7036-TYDEC,Female,0,No,No,MA,Boston,42.459733311303545,-70.98470730499703
5802-ADBRC,Female,0,Yes,No,NY,New York,40.83022532459616,-74.11436296711365
8076-FEZKJ,Male,0,No,No,CA,San Diego,32.76665229676921,-117.20642452082154
5197-YPYBZ,Female,0,Yes,Yes,TX,Dallas,32.713798549927034,-96.6954707819209
8337-MSSXB,Female,0,No,No,NY,New York,40.82123117914085,-74.09259563557595
4312-GVYNH,Female,0,Yes,No,FL,Miami,25.831159880494216,-80.16622861065042
8495-LJDFO,Female,1,No,No,GA,Atlanta,33.73091687877863,-84.28505556473816
0839-JTCUD,Female,0,Yes,Yes,CA,San Francisco,37.74209747993744,-122.39429663719757
5494-WOZRZ,Female,0,Yes,Yes,NY,Buffalo,42.82005273034856,-79.01730901619635
1302-UHBDD,Male,1,No,No,IL,Chicago,41.8787061499367,-87.50991324623268
2234-EOFPT,Male,0,Yes,No,TX,Dallas,32.62978557560049,-96.74849612214011
8619-IJNDK,Female,0,Yes,Yes,WA,Seattle,47.72673497666513,-122.20523595567306
8378-LKJAF,Male,0,Yes,Yes,FL,Orlando,28.42602674402067,-81.35321033031136
8182-BJDSI,Female,0,No,No,FL,Orlando,28.474996910180057,-81.29032792556538
2528-HFYZX,Male,1,Yes,No,CO,Denver,39.869526406110836,-105.07494666571212
1153-GNOLC,Male,0,No,No,CA,San Diego,32.715704566863,-117.16284538543462
3298-QEICA,Female,0,Yes,Yes,IL,Chicago,41.93223848091404,-87.74035429744053
0788-DXBFY,Male,0,Yes,Yes,WA,Seattle,47.54796776042593,-122.41786713293949
3597-YASZG,Female,1,Yes,No,CA,Los Angeles,34.10896690723001,-118.11837430154009
3496-LFSZU,Male,0,Yes,No,CA,Los Angeles,34.025035521505224,-118.35907787041113
5242-UOWHD,Male,0,Yes,Yes,MA,Boston,42.46329310744657,-71.04377980901772
2482-CZGBB,Male,0,No,No,TX,Houston,29.87629001899654,-95.24422219102738
6479-SZPLM,Male,0,Yes,Yes,IL,Chicago,41.93169050159586,-87.56604246731958
8097-VBQTZ,Male,0,No,No,WA,Seattle,47.73715880636518,-122.43777447068729
4500-HKANN,Male,0,Yes,Yes,TX,Dallas,32.74592680964948,-96.78482037091968
9917-KWRBE,Female,0,Yes,Yes,AZ,Phoenix,33.54786881634834,-111.93883325832432
3420-ZDBMA,Male,1,No,No,AZ,Phoenix,33.38175555707612,-112.06258683118392
2212-LYASK,Male,0,Yes,Yes,AZ,Phoenix,33.53760268601568,-112.12488384906923
1393-IMKZG,Female,0,No,No,FL,Orlando,28.5133827267796,-81.38718260070607
8069-RHUXK,Female,0,Yes,Yes,CO,Denver,39.80827223703833,-104.89625588467948
3398-GCPMU,Female,1,Yes,Yes,AZ,Phoenix,33.52145387309776,-112.09718891893272
2908-WGAXL,Female,0,Yes,Yes,TX,Dallas,32.69715937789241,-96.74439660723027
3378-AJRAO,Male,0,Yes,Yes,CA,San Diego,32.802525680397096,-117.23265956828492
1013-QCWAM,Female,1,Yes,No,CA,San Francisco,37.71850088436661,-122.49353115750782
0866-QLSIR,Female,0,No,No,FL,Miami,25.750172843999156,-80.07138061340059
6050-FFXES,Female,0,Yes,No,CA,San Diego,32.86285822004492,-117.28292854838949
7181-BQYBV,Female,0,Yes,Yes,IL,Chicago,41.87802786451901,-87.48274356803776
0362-RAOQO,Female,0,No,No,NY,New York,40.59586826119764,-73.98118614736372
9554-DFKIC,Male,0,Yes,Yes,AZ,Phoenix,33.36009751541814,-111.98327985652861
5527-ACHSO,Female,0,No,No,MA,Boston,42.33482808314082,-71.02082631149857
0829-DDVLK,Female,0,No,No,TX,Dallas,32.80141465246407,-96.68401223521019
1399-UBQIU,Male,0,No,No,FL,Orlando,28.59778151903142,-81.33292918402098
1813-JLKWR,Female,0,Yes,Yes,TX,Dallas,32.635555720509444,-96.86622851525378
0336-PIKEI,Male,1,Yes,No,CO,Denver,39.77243785190341,-105.04694969088973
7322-OCWHC,Male,1,Yes,No,MA,Boston,42.27844165388701,-71.07155253307997
9537-VHDTA,Female,0,No,Yes,AZ,Phoenix,33.46571090912884,-111.97165227785021
4957-TIALW,Female,0,No,Yes,MA,Boston,42.30000984270445,-71.12869897999553
2054-PJOCK,Female,0,No,No,NY,New York,40.661793595351796,-74.08223764918404
9150-HEPMB,Male,0,No,No,FL,Orlando,28.414620330609036,-81.52068565048116
9030-QGZNL,Female,0,No,No,GA,Atlanta,33.694860264962074,-84.34458313861298
6204-IEUXJ,Female,0,No,No,NY,Buffalo,42.757656328035786,-78.98100881463672
3126-WQMGH,Female,0,Yes,No,IL,Chicago,41.878421795984785,-87.75571215447276
4529-CKBCL,Female,0,No,No,CA,Los Angeles,34.07096813607142,-118.10090380855036
2506-CLAKW,Female,0,No,No,NY,Buffalo,42.8099408007309,-78.98660777405308
7176-WRTNX,Male,0,No,No,CA,San Diego,32.59592953787387,-117.05550615895412
1583-IHQZE,Male,0,No,No,IL,Chicago,41.960063669465725,-87.60119982649839
5732-IKGQH,Male,1,Yes,No,NY,New York,40.728444636773254,-74.15011452271862
9239-GZHZE,Female,0,Yes,No,CA,San Diego,32.83966729050182,-117.16338635619886
7205-BAIAD,Female,0,No,No,CA,San Francisco,37.88285098051157,-122.30045927166023
0151-ONTOV,Female,0,No,No,CA,San Diego,32.85080547322407,-117.02087920044586
4140-MUHUG,Female,1,No,No,NY,New York,40.683124808523736,-74.02499076261213
0093-EXYQL,Female,1,No,No,CA,San Francisco,37.801443931727405,-122.36347191422276
8064-RAVOH,Male,0,No,Yes,GA,Atlanta,33.67940848576121,-84.47343211296135
0219-QAERP,Male,0,Yes,No,GA,Atlanta,33.80657991184827,-84.30055101101895
0320-JDNQG,Male,0,Yes,Yes,GA,Atlanta,33.78199565966776,-84.498105493583
7180-PISOG,Male,0,Yes,Yes,FL,Orlando,28.437234258301284,-81.46252670521066
9168-INPSZ,Female,1,Yes,No,FL,Miami,25.625420410601368,-80.06344117017238
3571-RFHAR,Male,0,No,No,CO,Denver,39.59444732323669,-105.13920496367024
0015-UOCOJ,Female,1,No,No,FL,Orlando,28.46771458806489,-81.34541160513174
5334-AFQJB,Male,1,No,No,CA,Los Angeles,34.19372600678733,-118.20858016616995
2754-SDJRD,Female,1,No,No,CO,Denver,39.61753786513813,-105.02488334380016
9578-VRMNM,Female,0,No,No,CA,San Francisco,37.690374909261905,-122.29889023551675
1587-FKLZB,Male,1,Yes,Yes,WA,Seattle,47.50397916020817,-122.38310380242396
6140-QNRQQ,Male,0,No,No,TX,Austin,30.226443419380054,-97.87304315490346
8963-JLGJT,Male,0,No,Yes,TX,Dallas,32.64551388024324,-96.67158085660488
4307-KTUMW,Male,0,Yes,No,CO,Denver,39.72886598353129,-105.04546434934792
1465-LNTLJ,Male,1,Yes,No,IL,Chicago,41.93176012929719,-87.74090689960555
5440-FLBQG,Male,1,Yes,No,MA,Boston,42.31671703914249,-71.0593882616675
2135-DQWAQ,Female,0,No,No,CO,Denver,39.79137339071281,-104.86579811972241
4056-QHXHZ,Female,0,Yes,Yes,NY,New York,40.80101113362402,-74.01655941031545
7470-MCQTK,Female,0,Yes,No,TX,Houston,29.888018965518874,-95.25436434940339
7488-MXJIV,Female,0,No,No,FL,Miami,25.705097223716493,-80.12024811123592
7401-JIXNM,Female,0,Yes,Yes,NY,Buffalo,42.98859803680132,-78.86579009647164
9339-FIIJL,Male,0,Yes,No,CA,San Diego,32.79575352810717,-117.21451980151943
2027-FECZV,Male,0,No,No,CA,Los Angeles,34.18873070080596,-118.28047704027692
2672-DZUOY,Male,0,No,No,AZ,Phoenix,33.34394595835095,-112.1483971929696
4706-DGAHW,Male,1,No,No,CA,San Francisco,37.900592524924086,-122.37270501964859
3870-MQAMG,Female,0,Yes,No,TX,Dallas,32.86228359882968,-96.74083354220524
6670-MFRPK,Male,0,Yes,Yes,CA,Los Angeles,34.089606819723706,-118.26234179691538
6177-PEVRA,Female,0,No,No,NY,New York,40.63634480278153,-73.94820077496946
4800-CZMPC,Female,0,Yes,Yes,IL,Chicago,41.93409444985851,-87.48250825266265
4813-HQMGZ,Female,0,Yes,No,GA,Atlanta,33.765678559917205,-84.43359097361024
7579-KKLOE,Male,0,Yes,Yes,FL,Miami,25.68710570736802,-80.04427550729888
7377-DMMRI,Male,0,No,No,MA,Boston,42.280314738388924,-71.15679401229748
8402-EIVQS,Male,0,Yes,No,MA,Boston,42.35020013839962,-71.06658845778826
4947-DSMXK,Male,0,Yes,Yes,FL,Miami,25.711838146928464,-80.28622213771878
7245-NIIWQ,Female,0,No,No,NY,Buffalo,42.83679472576849,-78.88688067800645
0002-ORFBO,Female,0,Yes,Yes,AZ,Phoenix,33.572048251004645,-112.19514876878914
3324-OIRTO,Male,0,Yes,Yes,CA,Los Angeles,34.155144556210736,-118.10870504022375
5414-OFQCB,Male,0,No,No,CA,San Francisco,37.66944418053844,-122.41936581887096
4967-WPNCF,Male,0,No,No,TX,Austin,30.11983906946252,-97.70018987434544
8552-OBVRU,Female,1,Yes,Yes,TX,Austin,30.38576634156504,-97.87477509801784
8499-BRXTD,Male,0,No,No,CA,San Diego,32.68782982524122,-117.30680330870003
9154-QDGTH,Male,0,Yes,Yes,CA,San Francisco,37.8553045560673,-122.48228186413039
8197-BFWVU,Female,0,Yes,Yes,IL,Chicago,41.74159161315615,-87.63508303869288
2577-GVSIL,Male,0,Yes,Yes,TX,Dallas,32.66197731287455,-96.89763127487814
9367-OIUXP,Male,0,No,No,NY,New York,40.68160301425092,-74.1452988508616
6770-UAYGJ,Female,0,Yes,Yes,WA,Seattle,47.67462603271942,-122.27173008811276
6463-HHXJR,Female,0,Yes,Yes,FL,Orlando,28.486418978251827,-81.50396231958527
7928-VJYAB,Male,0,Yes,Yes,AZ,Phoenix,33.513810463062406,-112.12259824826192
1187-WILMM,Male,0,Yes,Yes,NY,Buffalo,42.75560011404662,-79.02456611105694
9776-OJUZI,Female,1,No,No,GA,Atlanta,33.778140676792646,-84.5314330789077
1306-RPWXZ,Female,0,No,Yes,CA,San Francisco,37.634166909618315,-122.56466147164511
8949-JTMAY,Female,0,No,No,NY,New York,40.57031537461752,-74.01400033177173
2774-LVQUS,Female,1,Yes,No,TX,Houston,29.68273910156746,-95.40629037893336
3097-PYWXL,Female,0,Yes,Yes,AZ,Phoenix,33.53352655379515,-112.21697473144599
2266-SJNAT,Female,0,Yes,No,WA,Seattle,47.51956413039167,-122.40734939041097
0869-PAPRP,Female,1,Yes,No,IL,Chicago,41.813982066325686,-87.73631757410908
4238-JSSWH,Female,1,Yes,No,IL,Chicago,41.98011889513606,-87.52901272601223
2972-YDYUW,Female,0,No,No,NY,New York,40.60478598154238,-73.99306176312597
1104-FEJAM,Male,0,Yes,Yes,CA,Los Angeles,33.940138839555054,-118.22559025652612
2809-ILCYT,Female,0,Yes,No,NY,Buffalo,42.952273029262244,-78.92633149725721
5499-ECUTN,Female,0,Yes,No,NY,New York,40.75490970200501,-74.11450136252353
4981-FLTMF,Female,0,Yes,Yes,NY,New York,40.66201472916836,-74.06657285454321
9121-PHQSR,Male,1,Yes,No,CA,Los Angeles,34.190712321425394,-118.17865128476477
3113-IWHLC,Male,0,No,No,CO,Denver,39.79298358195643,-104.97549745939541
3211-ILJTT,Male,0,Yes,No,WA,Seattle,47.62108870725066,-122.31009852344428
4612-THJBS,Female,1,No,No,TX,Houston,29.680661503527755,-95.25894168320325
4277-BWBML,Male,0,Yes,Yes,GA,Atlanta,33.60967544636914,-84.45708922173665
4094-NSEDU,Female,1,No,No,MA,Boston,42.416317648646285,-71.10877883144857
0234-TEVTT,Female,0,Yes,Yes,CO,Denver,39.78888144444193,-104.86630556859012
4304-TSPVK,Female,0,Yes,No,TX,Austin,30.39006376787727,-97.72379930098003
1552-AAGRX,Female,0,No,No,CA,San Diego,32.64945093412585,-117.08031605594019
2637-FKFSY,Female,0,Yes,No,FL,Miami,25.687154357626202,-80.18166139080014
9796-MVYXX,Female,1,No,No,CA,Los Angeles,34.19865861473005,-118.15426935786986
7874-ECPQJ,Female,0,No,Yes,IL,Chicago,41.94281797666779,-87.67222489184209
0020-INWCK,Female,0,Yes,Yes,TX,Houston,29.908881726347623,-95.24193673423098
7089-RKVSZ,Male,0,Yes,Yes,GA,Atlanta,33.82539006840585,-84.4352443357198
2683-JXWQQ,Male,0,Yes,Yes,FL,Miami,25.73886243313771,-80.08485201691398
9548-ZMVTX,Male,0,Yes,Yes,WA,Seattle,47.46134129591739,-122.31401508932171
8739-XNIKG,Female,0,No,No,CO,Denver,39.78786795328101,-104.90136576448808
9755-JHNMN,Female,0,No,No,GA,Atlanta,33.68755898588633,-84.24853576002974
3981-QSVQI,Male,0,No,No,NY,New York,40.82291201736346,-73.98720178040979
2789-HQBOU,Male,0,No,No,MA,Boston,42.317870887064835,-71.12464284491466
9424-CMPOG,Male,0,Yes,Yes,NY,Buffalo,42.98899396265718,-78.91642707215595
5067-WJEUN,Male,0,Yes,Yes,FL,Miami,25.628331822119897,-80.11975433678283
3450-WXOAT,Male,0,No,No,AZ,Phoenix,33.59527962045594,-112.16152025637577
9251-WNSOD,Female,0,Yes,No,TX,Dallas,32.86806435995319,-96.74745471882002
6974-DAFLI,Female,0,Yes,No,TX,Houston,29.738538756468202,-95.42996952025467
2616-UUTFK,Male,0,Yes,No,NY,New York,40.56564313218815,-74.09317741445689
7064-JHXCE,Male,0,Yes,Yes,WA,Seattle,47.50871654205815,-122.2380422559759
5103-MHMHY,Female,0,No,Yes,AZ,Phoenix,33.57567531072845,-112.2046592407056
7989-AWGEH,Male,0,Yes,Yes,TX,Austin,30.35913178310922,-97.7066869864107
4373-VVHQL,Male,0,No,No,CO,Denver,39.75503273336424,-105.13067075650669
4559-UWIHT,Male,0,Yes,No,TX,Houston,29.71439207966231,-95.41437218059157
7268-IGMFD,Male,1,No,No,GA,Atlanta,33.86055785914695,-84.46478556661779
1846-XWOQN,Female,1,No,No,CA,San Francisco,37.79125044537373,-122.38015823373365
0235-KGSLC,Female,0,No,No,FL,Miami,25.67421545989099,-80.14366465453857
6650-BWFRT,Female,0,Yes,No,TX,Houston,29.838039814061236,-95.34100752730066
9570-KYEUA,Male,0,No,No,NY,New York,40.76334724236323,-74.02237085957161
6993-YGFJV,Male,0,Yes,No,IL,Chicago,41.84386948241561,-87.7704449942869
2712-SYWAY,Female,0,No,No,CA,San Diego,32.57705308707312,-117.19802977246292
0730-BGQGF,Male,0,Yes,Yes,TX,Dallas,32.670729317185376,-96.81045050162238
5498-IBWPI,Female,0,Yes,Yes,IL,Chicago,41.9145268740548,-87.73771953208637
9101-NTIXF,Male,0,No,No,NY,Buffalo,43.001701476900365,-78.94764695904784
0013-SMEOE,Female,1,Yes,No,TX,Houston,29.6841728841048,-95.47166099620232
9314-QDMDW,Male,0,No,No,WA,Seattle,47.56222444515871,-122.43372979556969
9308-ANMVE,Male,0,No,Yes,TX,Austin,30.317549605912955,-97.75936946619805
2884-GBPFB,Female,0,Yes,No,TX,Dallas,32.88769058878872,-96.69889341288574
3757-NJYBX,Male,1,Yes,No,CA,Los Angeles,34.19070712789219,-118.24142330902181
3413-DHLPB,Male,0,Yes,Yes,FL,Miami,25.62064829440476,-80.04857132502953
7649-PHJVR,Male,0,No,No,CA,Los Angeles,33.995281708652364,-118.32174727829974
6114-TCFID,Female,0,No,No,WA,Seattle,47.6417589110646,-122.34832053820108
3787-TRIAL,Male,0,Yes,Yes,CA,San Diego,32.61101605866009,-117.13680202573238
2573-GYRUU,Male,1,Yes,No,MA,Boston,42.273812410948125,-70.95162233591816
5156-UMKOW,Female,0,No,Yes,CO,Denver,39.85915990872738,-105.06083129161226
1247-QBVSH,Female,0,Yes,Yes,CA,San Francisco,37.745581471498895,-122.49375656956444
6734-GMPVK,Male,0,No,No,TX,Austin,30.25208623561575,-97.81790789245115
9822-OAOVB,Female,0,No,No,WA,Seattle,47.586609818561875,-122.36186740357387
6161-ERDGD,Male,0,Yes,Yes,TX,Austin,30.322721066999353,-97.7678293907775
1226-JZNKR,Female,0,Yes,Yes,TX,Austin,30.338209484965866,-97.82431675975398
7318-EIVKO,Male,0,No,No,TX,Houston,29.82842677549896,-95.4245318811618
3771-PZOBW,Male,0,No,No,TX,Austin,30.349712018108026,-97.73400421470497
5136-KCKGI,Female,0,Yes,Yes,TX,Dallas,32.77501273881199,-96.85016618536235
8231-BSWXX,Male,0,No,No,CA,San Diego,32.73112803967856,-117.10761982951351
6486-LHTMA,Female,1,Yes,No,FL,Orlando,28.535859645243,-81.24516044173694
4083-BFNYK,Female,1,Yes,No,CA,San Diego,32.79750964456724,-117.06117653709674
3722-WPXTK,Male,0,No,No,AZ,Phoenix,33.5263163644524,-111.93430790886708
7389-KBFIT,Female,0,Yes,Yes,TX,Austin,30.12307423093412,-97.6659502915405
7176-WIONM,Female,0,Yes,No,CA,San Francisco,37.72090399153511,-122.47218933815023
5141-ZUVBH,Female,0,No,Yes,IL,Chicago,41.82920363736049,-87.66280459716229
1089-HDMKP,Male,1,No,Yes,FL,Miami,25.620589722951358,-80.04412447589098
7623-HKYRK,Male,0,No,Yes,TX,Austin,30.36131694763289,-97.88383858097279
0310-SUCIN,Female,0,Yes,No,FL,Miami,25.84929835206753,-80.11060217448103
5197-PYEPU,Female,0,Yes,Yes,CA,San Francisco,37.62796710890488,-122.3169472011363
2929-ERCFZ,Female,0,Yes,Yes,TX,Houston,29.845880803859632,-95.32490217172727
7548-SEPYI,Female,0,No,No,CA,Los Angeles,34.11426172317668,-118.20296873521043
8835-VSDSE,Female,0,Yes,No,TX,Dallas,32.917387750545174,-96.67100666529157
6619-RPLQZ,Female,0,Yes,Yes,AZ,Phoenix,33.319511017341,-111.92782479573837
3275-RHRNE,Male,0,Yes,Yes,TX,Dallas,32.72618814547548,-96.64742096581587
3503-TYDAY,Female,0,Yes,No,IL,Chicago,41.923661759142554,-87.59916486235872
6901-GOGZG,Male,0,No,Yes,FL,Miami,25.82668980421735,-80.31970738038372
1623-NLDOT,Female,0,Yes,No,WA,Seattle,47.491452275253465,-122.4682013067706
7021-XSNYE,Male,0,Yes,Yes,CA,San Diego,32.76574755198253,-117.12472811645515
9621-OUPYD,Female,0,Yes,No,TX,Dallas,32.91608448589011,-96.77605105805466
9898-KZQDZ,Female,1,Yes,Yes,CA,San Diego,32.72980654710832,-117.10740913151731
8982-NHAVY,Male,0,No,No,CA,San Francisco,37.77244610255537,-122.35438022078064
4307-KWMXE,Male,0,No,No,IL,Chicago,41.931614614577036,-87.48811384915572
0141-YEAYS,Female,1,No,No,NY,Buffalo,43.0097270547777,-78.89736017757369
2450-ZKEED,Female,0,No,No,CA,San Diego,32.8308222840518,-117.3066832733382
3694-DELSO,Male,0,Yes,Yes,TX,Houston,29.615185851031477,-95.48132460757077
3893-JRNFS,Male,0,No,No,CA,Los Angeles,34.11573908228869,-118.26254989322791
9603-OAIHC,Male,1,No,No,TX,Dallas,32.850077726213506,-96.90234678226608
1133-KXCGE,Female,0,No,No,TX,Austin,30.25705519964794,-97.72057032788616
5236-PERKL,Female,0,No,No,NY,Buffalo,42.8545278084549,-78.82587494467953
0142-GVYSN,Male,0,No,No,IL,Chicago,41.834938326485975,-87.69470023124067
1049-FYSYG,Female,0,Yes,No,CA,Los Angeles,34.02719901219368,-118.37507869636286
7854-FOKSF,Male,0,No,No,CO,Denver,39.807256549045654,-104.97872536299661
2519-FAKOD,Male,0,No,Yes,WA,Seattle,47.7194032168883,-122.29609786387756
8406-LNMHF,Male,1,Yes,No,CA,San Diego,32.65845027787459,-117.03813947127476
1821-BUCWY,Male,0,No,No,NY,New York,40.70588554054117,-73.92709849080205
8263-JQAIK,Male,1,No,No,AZ,Phoenix,33.34574691048079,-111.94455256579873
0023-UYUPN,Female,1,Yes,No,FL,Miami,25.80733729625557,-80.15545255558224
8314-DPQHL,Male,0,No,No,GA,Atlanta,33.70604415941888,-84.30509070618093
1465-WCZVT,Female,0,Yes,Yes,NY,Buffalo,42.77188609678281,-78.86222555041272
9481-SFCQY,Female,0,No,Yes,TX,Austin,30.330277963213057,-97.75168560361746
6360-SVNWV,Female,1,No,No,NY,New York,40.84665113072785,-74.10842155260771
0567-GGCAC,Female,0,No,No,NY,Buffalo,42.76186358059104,-78.80706539064153
7089-IVVAZ,Female,0,No,No,NY,Buffalo,42.812966172411464,-78.88072872997768
8884-MRNSU,Male,0,Yes,Yes,CA,San Diego,32.59344745454949,-117.06323393560197
2171-UDMFD,Male,0,Yes,Yes,CA,San Francisco,37.71288435826316,-122.55988738735634
9050-IKDZA,Female,1,No,No,NY,New York,40.6597379524442,-73.95459034067176
2205-YMZZJ,Male,1,No,No,MA,Boston,42.30485741786042,-71.07483268301577
9802-CAQUT,Female,0,Yes,Yes,CA,Los Angeles,34.117030371313376,-118.25084417806589
1254-IZEYF,Female,1,No,No,TX,Austin,30.323534228419575,-97.73195361651668
0187-WZNAB,Female,0,Yes,Yes,AZ,Phoenix,33.34214422089295,-112.19812838689396
9492-TOKRI,Female,0,No,No,CA,San Diego,32.68663282658537,-117.11729158940271
1475-VWVDO,Male,0,No,No,AZ,Phoenix,33.47921036360153,-112.0959209821676
9221-OTIVJ,Female,1,No,No,NY,New York,40.58371620011424,-74.13082493375089
1357-MVDOZ,Male,0,Yes,Yes,CA,San Francisco,37.80259353544553,-122.35675485876591
7602-MVRMB,Female,0,Yes,Yes,TX,Austin,30.39180292234272,-97.72617802666888
3325-FUYCG,Male,0,Yes,Yes,IL,Chicago,41.968555263882934,-87.66108339801141
5908-QMGOE,Male,1,No,No,CA,San Diego,32.69113090052239,-117.03221528875042
1197-BVMVG,Female,1,No,No,TX,Austin,30.28391492972499,-97.76808568128546
5406-KGRMX,Female,0,No,No,IL,Chicago,41.918883558114224,-87.75933438177076
8481-YYXWG,Female,0,No,No,CO,Denver,39.722786588676485,-105.11855346495697
5968-HYJRZ,Male,0,Yes,Yes,NY,New York,40.63566678004344,-73.88781648324094
5198-EFNBM,Male,1,Yes,No,IL,Chicago,41.85260051907301,-87.6925039939959
7516-GMHUV,Male,1,Yes,No,TX,Dallas,32.838642900646455,-96.8750858340719
7140-ADSMJ,Male,0,No,No,IL,Chicago,41.97088253984567,-87.62135956503847
2230-XTUWL,Female,0,Yes,Yes,CO,Denver,39.85290680189237,-104.88403157813025
7706-YLMQA,Female,0,No,No,IL,Chicago,41.796894122087004,-87.52113899750901
2585-KTFRE,Male,0,No,Yes,CA,San Francisco,37.62668200305965,-122.30061161572316
7994-UYIVZ,Male,0,Yes,No,WA,Seattle,47.73150445277235,-122.40084720954204
2609-IAICY,Female,0,No,No,WA,Seattle,47.70883199891372,-122.19030317621
1740-CSDJP,Male,0,No,No,FL,Miami,25.712378810934002,-80.19621571983834
7717-BICXI,Male,0,Yes,Yes,MA,Boston,42.371598695206586,-71.15499067118158
6559-RAKOZ,Male,0,Yes,Yes,NY,Buffalo,42.9424512100873,-78.97605490375713
2636-OHFMN,Male,0,Yes,No,IL,Chicago,41.97524648759711,-87.67447121052699
4716-MRVEN,Female,0,No,No,NY,Buffalo,43.02956588735236,-78.9986475447643
2143-LJULT,Female,0,Yes,No,CA,Los Angeles,33.99527528100482,-118.1316333572991
1323-OOEPC,Female,0,Yes,No,CA,San Francisco,37.76459844162561,-122.35893854122547
3200-MNQTF,Male,0,Yes,No,NY,Buffalo,42.76440804404209,-78.78369041460199
6164-HXUGH,Female,0,Yes,Yes,TX,Dallas,32.90825069350557,-96.76806315009676
5630-IXDXV,Female,0,No,No,TX,Austin,30.369616768860947,-97.73368426031969
0320-DWVTU,Female,0,No,No,CA,San Diego,32.69751470219582,-117.23597672706634
9135-MGVPY,Male,0,Yes,No,CA,San Francisco,37.79149742818165,-122.50438214425571
1212-GLHMD,Male,0,No,No,CA,Los Angeles,34.02050688000274,-118.26236153860177
7878-JGDKK,Male,0,No,No,NY,Buffalo,42.82193195754357,-78.80880829735446
1088-AUUZZ,Male,0,Yes,Yes,CA,San Diego,32.570335671408536,-117.13159596451764
0397-GZBBC,Male,1,Yes,No,NY,New York,40.59871247530837,-74.13141591837238
6614-YWYSC,Male,1,Yes,No,GA,Atlanta,33.67327748706126,-84.51014663309397
9588-OZDMQ,Female,0,Yes,No,TX,Houston,29.82185256633075,-95.234114090773
7641-EUYET,Male,1,Yes,Yes,FL,Orlando,28.563001493016735,-81.48491597998358
6476-EPYZR,Male,0,Yes,Yes,IL,Chicago,42.02715436980395,-87.54727717040693
9921-ZVRHG,Female,0,No,No,AZ,Phoenix,33.50181047215573,-111.9632643804237
1174-FGIFN,Female,0,Yes,Yes,AZ,Phoenix,33.44792772616212,-111.9756024757111
6620-HVDUJ,Male,0,No,No,FL,Orlando,28.426958518375248,-81.3600067864517
4701-MLJPN,Male,0,No,No,IL,Chicago,41.736297595765286,-87.61102176122205
1032-MAELW,Female,0,Yes,Yes,FL,Miami,25.711781182744627,-80.34060609789898
7641-TQFHN,Male,0,No,Yes,GA,Atlanta,33.7889501605609,-84.28538642976743
1552-TKMXS,Female,0,Yes,No,GA,Atlanta,33.659585286535126,-84.32690766217154
9206-GVPEQ,Male,0,Yes,No,GA,Atlanta,33.78694386801547,-84.24005526430811
8622-ZLFKO,Female,0,Yes,No,IL,Chicago,41.91423393499462,-87.76481344632762
1596-BBVTG,Male,0,No,No,TX,Houston,29.675119220368327,-95.40982542263588
6188-UXBBR,Female,0,Yes,No,FL,Orlando,28.605550337455075,-81.23409826158807
2333-KWEWW,Male,0,No,No,FL,Miami,25.732331247297445,-80.32919093831671
5702-SKUOB,Female,0,Yes,No,GA,Atlanta,33.77224738176915,-84.46740779089076
1134-YWTYF,Male,0,Yes,No,NY,New York,40.61566833770248,-74.12844415894243
6061-GWWAV,Male,0,No,Yes,FL,Orlando,28.46476149586625,-81.4442574937327
0679-TDGAK,Male,0,Yes,Yes,AZ,Phoenix,33.388612157952466,-112.20063130386679
6585-WCEWR,Male,0,Yes,Yes,CA,San Francisco,37.848874717571555,-122.53647250331744
9067-YGSCA,Female,0,No,No,CA,Los Angeles,34.143135017685985,-118.36353619539611
9067-SQTNS,Male,0,Yes,Yes,TX,Austin,30.126878209862873,-97.86121963698811
8433-WXGNA,Male,0,No,No,TX,Dallas,32.88721995569482,-96.66572984091874
1776-SPBWV,Female,0,Yes,Yes,CA,San Diego,32.795741543923604,-117.19243363397999
8735-SDUFN,Female,1,Yes,No,TX,Austin,30.30154181522872,-97.69572675391906
9668-PUGNU,Male,0,Yes,No,IL,Chicago,41.87122879983387,-87.75497522567838
9405-GPBBG,Female,0,No,No,WA,Seattle,47.55172543463974,-122.40715361439375
1926-QUZNN,Female,0,Yes,No,MA,Boston,42.24693773933258,-70.91349618073211
3707-GNWHM,Male,0,No,No,CA,San Diego,32.77270143101538,-117.05258830174081
7016-NVRIC,Male,1,Yes,No,GA,Atlanta,33.62579323514955,-84.40008538280607
5829-NVSQN,Female,0,Yes,No,NY,Buffalo,42.87295011720826,-78.88145801763034
9565-AXSMR,Male,0,Yes,Yes,GA,Atlanta,33.62667193137866,-84.51327385300215
8922-LIEGH,Female,1,No,No,TX,Houston,29.746238395702854,-95.39843222461107
8869-LIHMK,Female,0,No,No,TX,Austin,30.194498569645045,-97.70959608294818
8245-UMPYT,Female,1,No,No,CO,Denver,39.873081064496205,-104.84322612972619
5186-SAMNZ,Male,1,No,No,AZ,Phoenix,33.392473559859745,-112.0786432600429
0447-RXSGD,Male,0,No,No,AZ,Phoenix,33.327175376959325,-112.055637488311
4927-WWOOZ,Male,0,Yes,No,TX,Austin,30.15477523305191,-97.76524242896234
5788-YPOEG,Female,0,Yes,Yes,IL,Chicago,41.85742049740966,-87.56045216507712
5373-SFODM,Male,1,Yes,No,AZ,Phoenix,33.59094397241291,-112.08499918944494
0661-KBKPA,Male,0,Yes,Yes,NY,New York,40.84046452727898,-74.04333408260113
9081-WWXKP,Female,0,Yes,Yes,CA,San Diego,32.60380531625039,-117.22696409826706
0784-ZQJZX,Male,0,No,Yes,FL,Miami,25.645542248565995,-80.30172358358419
3133-PZNSR,Male,0,Yes,Yes,GA,Atlanta,33.88446219456641,-84.29368436380894
5766-ZJYBB,Male,0,No,No,NY,New York,40.73165393281205,-73.89630671018702
8931-GJJIQ,Female,0,No,No,TX,Houston,29.88000295456873,-95.31710380144494
4277-PVRAN,Female,0,No,No,MA,Boston,42.41757162735614,-70.95648521326555
0022-TCJCI,Male,1,No,No,WA,Seattle,47.64756393049198,-122.45239661307869
0722-SVSFK,Female,0,No,No,FL,Miami,25.790346434153182,-80.1015174529752
3612-YVGSJ,Female,0,Yes,No,MA,Boston,42.48318635828638,-70.98019658642814
9825-YCXWZ,Female,1,No,No,GA,Atlanta,33.74791400228774,-84.24757746283989
5397-NSKQG,Male,0,Yes,Yes,AZ,Phoenix,33.401057274378694,-112.09204544538667
8565-HBFNN,Male,0,Yes,No,IL,Chicago,41.85966485931141,-87.71132285288788
2000-DHJUY,Female,1,Yes,No,CA,San Francisco,37.652674353331605,-122.53891227013456
0203-HHYIJ,Male,0,No,No,NY,Buffalo,42.84509998104366,-78.77696973913652
8670-ERCJH,Male,0,No,No,IL,Chicago,41.92235281252853,-87.58928746852433
7758-UJWYS,Male,0,Yes,Yes,GA,Atlanta,33.87180768088311,-84.43708399665806
2050-ONYDQ,Female,0,Yes,Yes,TX,Austin,30.39106619598408,-97.70184279229755
7055-JCGNI,Female,0,No,No,CA,Los Angeles,33.911427395289806,-118.17425856025525
0739-UUAJR,Female,0,Yes,Yes,IL,Chicago,42.02145112232543,-87.55834696957858
4826-DXMUP,Male,0,No,Yes,CA,San Diego,32.57328605541479,-117.14426065965198
0952-KMEEH,Male,0,No,No,CA,Los Angeles,34.03197219961179,-118.27772955068205
7285-KLOTR,Female,0,Yes,No,TX,Dallas,32.70123112239122,-96.68005087370135
0654-PQKDW,Female,0,Yes,Yes,TX,Dallas,32.90286327927239,-96.80160297097093
7175-NTIXE,Female,0,No,No,NY,Buffalo,42.85235945911269,-78.9108174177885
7963-SHNDT,Female,0,No,No,NY,New York,40.750324752928904,-74.15564883386814
9796-BPKIW,Male,1,No,No,NY,Buffalo,42.868711014766,-78.89593634397744
0188-GWFLE,Male,0,No,No,AZ,Phoenix,33.577749794669614,-112.21931542301951
8129-GMVGI,Female,0,Yes,Yes,NY,New York,40.655323281240086,-73.94477588839975
2882-DDZPG,Female,0,No,No,NY,Buffalo,43.0140414017238,-78.83138646768563
3547-LQRIK,Female,0,Yes,No,AZ,Phoenix,33.46455849415175,-112.14126556918181
9137-NOQKA,Male,1,No,No,FL,Miami,25.84748588575967,-80.26225042155707
5843-TTHGI,Female,0,No,No,GA,Atlanta,33.829021577279356,-84.46888528686014
1849-RJYIG,Female,0,No,No,WA,Seattle,47.59996301436633,-122.26815678266895
8868-GAGIO,Male,0,Yes,No,IL,Chicago,41.78644152427176,-87.54728547185387
4061-UKJWL,Male,0,No,No,CA,San Diego,32.629217817078484,-117.19045862466899
5380-XPJNZ,Female,0,No,No,GA,Atlanta,33.867315931606065,-84.3337101020806
8263-QMNTJ,Male,0,Yes,No,TX,Dallas,32.786297207003365,-96.91441845761786
8178-EYZUO,Male,0,No,No,TX,Houston,29.9094548476265,-95.43583062955214
3230-JCNZS,Female,0,Yes,Yes,WA,Seattle,47.5640527832636,-122.41060973133615
0277-ORXQS,Male,0,Yes,Yes,TX,Dallas,32.63807401699443,-96.66411177050801
5130-IEKQT,Male,1,No,No,TX,Dallas,32.67800041837477,-96.80450062802689
3230-WYKIR,Male,0,No,No,MA,Boston,42.30244236040479,-71.19474380204937
7996-BPXHY,Female,0,Yes,Yes,IL,Chicago,41.9880550588973,-87.50563798508576
3227-WLKLI,Female,0,Yes,Yes,NY,New York,40.57004271439811,-74.01826309876243
0407-BDJKB,Male,0,Yes,No,MA,Boston,42.231039539249025,-71.15279643173446
2266-FUBDZ,Male,0,Yes,Yes,AZ,Phoenix,33.49521978969485,-112.03168439638036
8237-ULIXL,Female,0,Yes,No,TX,Austin,30.16454815271943,-97.82116612297011
9600-UDOPK,Male,0,Yes,No,AZ,Phoenix,33.59414493838903,-112.22245938139625
8216-AZUUZ,Female,0,Yes,Yes,NY,New York,40.79885391176836,-73.91978549921915
9153-BTBVV,Female,0,Yes,No,GA,Atlanta,33.63783782714059,-84.32295661596211
4074-SJFFA,Female,0,No,No,AZ,Phoenix,33.591261637048135,-112.05154176138272
3269-ATYWD,Male,1,No,No,TX,Austin,30.288445434569088,-97.5959533500387
5186-PEIZU,Female,0,No,No,CA,San Francisco,37.90651329383453,-122.29931686306463
1074-AMIOH,Female,0,Yes,Yes,FL,Miami,25.85261258018207,-80.31033633475917
4910-GMJOT,Female,0,No,No,AZ,Phoenix,33.559862968961006,-112.1865542838509
0354-WYROK,Female,1,Yes,Yes,GA,Atlanta,33.64609049236146,-84.4700419541959
4361-FEBGN,Male,0,No,No,CA,San Diego,32.8453005709551,-117.30423187355092
7748-UMTRK,Female,1,No,Yes,TX,Austin,30.3346824383094,-97.66804903358108
0380-ZCSBI,Male,0,No,No,CA,San Diego,32.854966687729494,-117.22885767784757
7145-FEJWU,Female,0,No,Yes,NY,New York,40.860111956055746,-73.96632820283149
6463-MVYRY,Female,1,No,No,IL,Chicago,41.791883486374104,-87.65283188512265
3969-JQABI,Female,0,Yes,No,CA,San Francisco,37.853409934072836,-122.51691682547178
9624-EGDEQ,Female,0,No,No,GA,Atlanta,33.60728035605399,-84.26572033399718
1051-EQPZR,Female,0,Yes,Yes,CA,Los Angeles,34.00344786125111,-118.14605203211285
5849-ASHZJ,Male,0,No,Yes,TX,Austin,30.316730084000806,-97.69702123106111
5780-INQIK,Female,0,No,No,MA,Boston,42.431899722018755,-71.01540319757605
7576-OYWBN,Male,1,No,No,AZ,Phoenix,33.48010859564715,-112.1048851030738
4526-ZJJTM,Female,1,Yes,No,CA,San Diego,32.69027552495372,-117.01628401230329
8384-FZBJK,Female,0,Yes,Yes,AZ,Phoenix,33.545761492620564,-112.12598135799486
3750-RNQKR,Female,0,No,No,CA,San Diego,32.61092916569031,-117.10717093368805
0962-CQPWQ,Female,0,Yes,Yes,TX,Dallas,32.80421322540936,-96.74429156111702
3096-YXENJ,Female,0,Yes,No,TX,Dallas,32.729599364444354,-96.82155291888081
1265-BCFEO,Female,0,Yes,No,IL,Chicago,41.84155798969666,-87.63900188682032
5837-LXSDN,Female,0,Yes,Yes,NY,Buffalo,42.87209403769376,-78.83796500938051
5945-AZYHT,Male,0,Yes,No,NY,New York,40.77184561633874,-74.11614872095029
8325-QRPZR,Female,0,No,No,NY,Buffalo,42.78930345820892,-78.87562593703635
6384-VMJHP,Female,0,No,No,IL,Chicago,41.794021824858625,-87.74842492918283
2262-SLNVK,Female,0,No,No,TX,Houston,29.7986006282656,-95.4376625847795
7730-CLDSV,Female,0,Yes,Yes,TX,Dallas,32.86529477168609,-96.87831099865072
1135-HIORI,Female,0,Yes,Yes,WA,Seattle,47.66151958300407,-122.37018395883169
0164-APGRB,Female,0,No,No,GA,Atlanta,33.870626689923476,-84.30000350551589
6481-ESCNL,Female,0,No,No,CA,Los Angeles,33.953509468332484,-118.1500465153018
1790-NESIO,Female,0,No,No,FL,Orlando,28.659794535822492,-81.28420961342424
1550-EENBN,Female,0,No,No,NY,New York,40.602756179349,-73.87396425014984
5539-TMZLF,Male,1,No,No,NY,Buffalo,42.76075228463553,-78.95742744421995
4323-SADQS,Male,0,Yes,Yes,TX,Houston,29.67670389930909,-95.515026064196
4446-BZKHU,Male,0,Yes,No,FL,Miami,25.865573836688334,-80.19511683620043
5202-IVJNU,Female,0,No,Yes,WA,Seattle,47.48788289605564,-122.47753389668397
5976-JCJRH,Male,0,Yes,No,FL,Miami,25.881965435972162,-80.06585888106171
8198-RKSZG,Female,0,Yes,Yes,TX,Houston,29.869265421941055,-95.4160677477843
0137-OCGAB,Female,0,No,No,FL,Orlando,28.479520938608662,-81.22933891633801
3351-NQLDI,Female,0,Yes,Yes,CA,Los Angeles,33.94046492962137,-118.13712838274978
9297-EONCV,Female,0,No,No,IL,Chicago,41.91413368286485,-87.67820158667315
7593-JNWRU,Male,0,Yes,Yes,TX,Houston,29.723322980965772,-95.28688461230128
4588-YBNIB,Female,0,No,No,CA,San Diego,32.698932417590015,-117.08713807085414
1069-QJOEE,Male,0,Yes,Yes,MA,Boston,42.31734253548795,-71.20478829623968
3336-JORSO,Female,1,No,No,FL,Miami,25.813631862457576,-80.1215241408059
7799-DSEWS,Male,0,No,No,CO,Denver,39.66646916294825,-104.92860760894601
8766-PAFNE,Male,0,Yes,No,CA,Los Angeles,34.02308341132885,-118.12491864627002
5315-CKEQK,Male,1,Yes,Yes,TX,Austin,30.198578245102436,-97.81223474050668
3130-ICDUP,Female,0,No,Yes,NY,New York,40.736288304567864,-74.09319446163151
0820-FNRNX,Male,0,Yes,Yes,MA,Boston,42.40242772583566,-71.00796664128518
0880-FVFWF,Male,0,No,No,CO,Denver,39.78199878652311,-104.85734398196652
4611-ANLQC,Female,0,Yes,No,GA,Atlanta,33.805104430395396,-84.27219642569257
4213-HKBJO,Female,0,No,No,CA,San Francisco,37.836031966048864,-122.43578974617445
2792-LSHWX,Female,0,No,No,NY,Buffalo,42.78169002944256,-78.96338800788719
5028-GZLDO,Male,0,No,No,CA,San Francisco,37.77540817524396,-122.54356700932289
0014-BMAQU,Male,0,Yes,No,IL,Chicago,41.86718962219661,-87.59577574896251
6861-XWTWQ,Male,1,Yes,No,AZ,Phoenix,33.35625281417172,-112.09754500278709
9018-PCIOK,Female,0,No,No,TX,Houston,29.775988001212696,-95.23668387967233
4837-QUSFT,Female,0,Yes,No,MA,Boston,42.23245746491768,-71.20608805443169
6877-TJMBR,Male,0,Yes,No,IL,Chicago,41.92700458798217,-87.48973254678195
9953-ZMKSM,Male,0,No,No,CA,San Diego,32.663519631168384,-117.27277811078675
0907-HQNTS,Female,1,Yes,No,FL,Miami,25.66652609179866,-80.33417662746707
7665-NKLAV,Female,0,Yes,Yes,CO,Denver,39.60875054510551,-105.0310260189445
6769-DCQLI,Male,0,No,No,GA,Atlanta,33.62557374874208,-84.45854513303668
2433-KMEAS,Male,0,No,No,FL,Miami,25.74164020547603,-80.30855434000347
4391-LNRXK,Male,0,No,No,IL,Chicago,42.01385547149137,-87.73656553484408
8250-ZNGGW,Female,1,No,No,CA,San Francisco,37.71092994378299,-122.5225487295921
2195-ZRVAX,Female,0,Yes,No,NY,Buffalo,42.79319292076741,-78.8960830305275
3550-SAHFP,Female,0,No,No,NY,Buffalo,42.999935769803734,-78.87599487135097
2011-TRQYE,Male,0,No,No,FL,Miami,25.612251716514685,-80.18663478165452
8562-GHPPI,Female,0,No,No,NY,New York,40.776951208105466,-73.95962258588153
5893-PYOLZ,Male,0,No,No,FL,Miami,25.642464108195036,-80.31516069775049
4986-MXSFP,Female,0,No,No,TX,Houston,29.887378585751406,-95.35920703262546
6131-FOYAS,Male,0,No,No,TX,Dallas,32.844344708007135,-96.89510543320232
3027-YNWZU,Female,0,Yes,No,NY,New York,40.778106746196016,-74.11422366751994
5609-IMCGG,Female,0,No,No,TX,Houston,29.73746879898049,-95.41921193924769
4873-ILOLJ,Male,0,No,No,GA,Atlanta,33.83969219846887,-84.28134113590578
4727-MCYZG,Male,0,No,No,WA,Seattle,47.74771023544547,-122.3130225627201
9481-WHGWY,Female,0,Yes,Yes,GA,Atlanta,33.89865689305656,-84.32600547196282
2725-KXXWT,Male,0,Yes,No,MA,Boston,42.30348772705529,-70.96086486342749
9565-DJPIB,Female,0,No,Yes,FL,Miami,25.80105375396222,-80.2708589026385
4328-VUFWD,Female,0,No,No,TX,Houston,29.73027469320969,-95.33048432322869
3301-LSLWQ,Female,0,No,No,FL,Miami,25.767103332052244,-80.12670969440484
7473-ZBDSN,Female,0,Yes,Yes,CA,San Diego,32.71479403486035,-117.11688251286182
3166-PNEOF,Female,0,No,No,WA,Seattle,47.50584273771991,-122.23781591868365
5639-NTUPK,Male,0,No,Yes,NY,New York,40.59125191125726,-74.06542629116298
8780-YRMTT,Female,0,No,No,FL,Orlando,28.609305354743494,-81.2837270465494
8348-HFYIV,Male,0,No,No,TX,Houston,29.796633654763525,-95.28873405666872
5140-FOMCQ,Female,0,Yes,No,FL,Miami,25.675998349890698,-80.20366244793455
6242-SGYTS,Male,0,Yes,Yes,AZ,Phoenix,33.450869844084906,-111.9736717398537
8166-ORCHU,Male,1,Yes,No,CA,Los Angeles,34.189315318249584,-118.33454331802417
8414-OOEEL,Male,0,No,Yes,CA,Los Angeles,34.105118749385916,-118.35171631569082
8454-AATJP,Female,0,No,No,FL,Miami,25.746303245003404,-80.15510064014563
6849-WLEYG,Male,0,No,Yes,IL,Chicago,41.810553517024964,-87.7214791996359
4659-NZRUF,Female,0,No,No,GA,Atlanta,33.725783480445784,-84.24484376971125
4531-AUZNK,Female,0,Yes,Yes,CA,San Diego,32.70340197529006,-117.18583301153876
4191-XOVOM,Male,0,No,No,IL,Chicago,41.77069348728487,-87.63416472431612
2150-OEGBV,Male,0,No,No,CA,San Diego,32.69139102917292,-117.1306843379058
8429-XIBUM,Male,0,No,No,CA,Los Angeles,34.06459815267036,-118.16532517014113
1855-CFULU,Female,1,No,No,TX,Austin,30.12604448336468,-97.6156457955667
4878-BUNFV,Male,0,Yes,Yes,FL,Orlando,28.400500268933204,-81.44947478449396
1872-EBWSC,Female,0,No,No,AZ,Phoenix,33.465805952418954,-112.11733652957231
2608-BHKFN,Female,0,No,No,CA,San Francisco,37.63803324266038,-122.3240346233589
7026-YMSBE,Male,0,No,No,IL,Chicago,41.863946137364415,-87.68637856029416
7341-LXCAF,Male,0,Yes,No,TX,Houston,29.886139656367202,-95.4226915857156
6997-UVGOX,Male,0,Yes,Yes,CA,San Francisco,37.85917183322296,-122.35784487072343
9674-EHPPG,Male,0,Yes,No,NY,Buffalo,43.02727279316687,-78.8640625517583
9462-MJUAW,Male,0,No,No,TX,Houston,29.7869704507605,-95.28010586000505
8128-YVJRG,Female,0,No,No,TX,Houston,29.824760201142496,-95.36851676584475
5440-VHLUL,Male,0,No,No,TX,Houston,29.73808802145306,-95.27965068206116
5781-BKHOP,Female,0,Yes,No,FL,Orlando,28.667898872858817,-81.23357867021977
4283-FUTGF,Male,1,No,No,TX,Austin,30.378064769410823,-97.69197463020512
5213-TWWJU,Male,0,No,No,CO,Denver,39.83131295521662,-105.01210639064251
1569-TTNYJ,Male,0,Yes,No,MA,Boston,42.22119711828325,-71.0332059471912
8628-MFKAX,Female,1,Yes,No,CA,San Francisco,37.798287958506634,-122.30557851511561
2397-BRLOM,Male,1,Yes,Yes,CO,Denver,39.84427667653644,-105.02970819474851
7629-WIXZF,Female,0,No,No,CO,Denver,39.835835881190796,-104.9152421742302
5445-GLVOT,Female,0,No,No,FL,Miami,25.632822363777414,-80.07114637620163
3976-HXHCE,Male,0,No,No,TX,Austin,30.148169943239033,-97.82715894008325
2466-NEJOJ,Male,0,Yes,Yes,GA,Atlanta,33.750038993842836,-84.46989380608541
0254-KCJGT,Male,0,Yes,No,MA,Boston,42.4652486327608,-71.00172168228008
5472-CVMDX,Female,0,No,No,TX,Houston,29.708194317103178,-95.29830541417394
6461-SZMCV,Female,0,Yes,No,TX,Austin,30.13790894546704,-97.71201344354381
8150-QUDFX,Male,0,No,No,WA,Seattle,47.550725566699334,-122.38117353242357
9508-ILZDG,Female,1,No,No,MA,Boston,42.439224841041096,-71.17803171511329
2346-DJQTB,Female,0,No,No,GA,Atlanta,33.68417346771536,-84.48678201021737
1697-LYYYX,Female,0,Yes,Yes,TX,Austin,30.188233544572444,-97.61424923758568
1942-OQFRW,Male,0,No,No,AZ,Phoenix,33.319104238607245,-112.01983163490276
4749-VFKVB,Female,0,No,No,IL,Chicago,41.92096833190422,-87.67835992007986
9640-ZSLDC,Female,0,Yes,Yes,CA,Los Angeles,34.16868059106929,-118.10389353487315
4231-LZUYM,Female,0,Yes,No,TX,Dallas,32.654777428215134,-96.89044441877108
7598-UAASY,Male,0,Yes,No,CO,Denver,39.69733013357165,-105.04250430081804
7938-OUHIO,Male,0,No,No,GA,Atlanta,33.89461600896446,-84.27356863479862
8510-AWCXC,Female,1,No,No,WA,Seattle,47.5907118537352,-122.3190697392409
6128-AQBMT,Male,1,Yes,No,NY,Buffalo,42.87433374251723,-78.98027123737043
3594-BDSOA,Female,0,Yes,No,FL,Orlando,28.620163320074695,-81.43361113824515
0431-APWVY,Female,0,Yes,Yes,TX,Austin,30.286780085885233,-97.86381781312599
5133-VRSAB,Male,0,No,No,NY,New York,40.609866796483075,-73.9450944391672
5996-DAOQL,Male,0,No,No,WA,Seattle,47.68777838916262,-122.28466279698861
6838-YAUVY,Female,0,No,No,TX,Dallas,32.77488632537788,-96.69141359435217
0484-JPBRU,Male,0,No,No,TX,Austin,30.31199005493885,-97.78192654537605
7883-ROJOC,Female,0,Yes,No,GA,Atlanta,33.67174017461342,-84.37604591721569
0244-LGNFY,Female,0,Yes,Yes,WA,Seattle,47.58961042642566,-122.25263869929853
7274-CGTOD,Male,0,No,No,GA,Atlanta,33.88096685568869,-84.31621182350779
4295-YURET,Female,1,Yes,Yes,FL,Orlando,28.667744984257144,-81.2476406469163
3426-NIYYL,Male,0,No,No,NY,New York,40.659393091212515,-73.88277525162201
8225-BTJAU,Male,1,No,No,TX,Houston,29.819757941013126,-95.51606103719794
4635-EJYPD,Male,0,Yes,Yes,GA,Atlanta,33.76086552776935,-84.26772031902989
1866-ZSLJM,Male,0,No,No,TX,Dallas,32.881253728347254,-96.8294303677686
4636-TVXVG,Male,0,Yes,Yes,CA,San Diego,32.83361612564102,-117.23619232094343
4236-UJPWO,Female,0,No,No,NY,Buffalo,42.916938988388274,-78.76769897241587
9392-XBGTD,Male,0,No,Yes,CO,Denver,39.764824917016504,-104.84561483821192
3387-VATUS,Male,0,No,No,WA,Seattle,47.573174294513784,-122.441532116702
6402-SSEJG,Female,0,No,No,IL,Chicago,41.97540514279115,-87.49452647727698
1143-NMNQJ,Female,0,No,No,CO,Denver,39.808357420642125,-105.02041908242433
1169-SAOCL,Male,0,No,No,CA,San Francisco,37.74367999829582,-122.45325585127175
1110-KYLGQ,Female,0,No,No,CA,San Francisco,37.713210313322655,-122.36170044431304
9929-PLVPA,Female,0,No,Yes,CO,Denver,39.727745568245304,-105.1345677904845
3518-PZXZQ,Female,0,Yes,No,NY,Buffalo,42.95648910245432,-78.95254260512209
2371-JUNGC,Male,0,No,No,CA,San Francisco,37.73323960478185,-122.27574862414968
7693-QPEFS,Male,1,No,No,CA,San Diego,32.741830299586375,-117.06801973026108
0924-BJCRC,Female,1,Yes,No,CA,Los Angeles,34.17480191298211,-118.1743078235058
5074-FBGHB,Male,0,No,No,NY,Buffalo,42.76422367329562,-78.78941023876797
2351-BKRZW,Female,0,Yes,Yes,MA,Boston,42.411771257611626,-71.0071522913668
4455-BFSPD,Female,0,Yes,No,TX,Dallas,32.689924281614815,-96.90578406945097
0415-MOSGF,Female,0,No,No,TX,Houston,29.786997512659738,-95.35626643115323
1724-BQUHA,Male,1,No,No,TX,Austin,30.3200635548702,-97.7749252883683
3948-KXDUF,Male,0,No,No,CO,Denver,39.77345677371573,-105.0548594145428
2323-ARSVR,Male,0,Yes,No,TX,Austin,30.190992945872864,-97.78903429426433
0815-MFZGM,Female,0,Yes,No,MA,Boston,42.221466323454024,-71.18455070230758
4826-XTSOH,Male,1,Yes,No,TX,Dallas,32.870605948833905,-96.64977798352366
5480-XTFFL,Female,0,Yes,Yes,FL,Orlando,28.65190146406063,-81.32109981922662
8295-FHIVV,Male,0,No,No,FL,Orlando,28.44199802452345,-81.29017961598979
2495-INZWQ,Male,0,No,No,WA,Seattle,47.61443244855081,-122.34306501713104
9086-YJYXS,Male,0,Yes,Yes,IL,Chicago,42.00814142020591,-87.61744986944403
1179-INLAT,Male,0,No,No,NY,Buffalo,42.87002256564902,-78.94032093856833
7909-FIOIY,Female,0,Yes,Yes,IL,Chicago,42.01603347486754,-87.50738293894544
4139-SUGLD,Male,0,Yes,Yes,TX,Dallas,32.73704899895201,-96.80086071660999
6857-VWJDT,Female,0,No,No,FL,Orlando,28.66318842197943,-81.45277626104631
6351-SCJKT,Male,0,No,No,IL,Chicago,41.95868788188351,-87.64467329371963
5468-BPMMO,Male,0,Yes,No,FL,Miami,25.61741563104672,-80.07875391517565
5624-BQSSA,Female,0,No,No,FL,Orlando,28.403552563799938,-81.38141547305614
0197-PNKNK,Female,0,Yes,Yes,IL,Chicago,41.78363885591728,-87.56743628706018
2439-QKJUL,Male,0,No,No,CA,San Francisco,37.848183847309826,-122.56164289838826
1194-SPVSP,Male,0,No,No,CA,San Diego,32.69299691267413,-117.02769608015561
9534-NSXEM,Male,0,No,No,CA,San Francisco,37.823911959007674,-122.49627768737176
2408-WITXK,Female,1,No,No,CO,Denver,39.63406360324661,-105.06970509550858
8929-KSWIH,Male,0,No,No,GA,Atlanta,33.87086881974774,-84.37183157504951
2250-IVBWA,Male,0,Yes,Yes,AZ,Phoenix,33.48945280739064,-111.93361105822812
1810-MVMAI,Male,0,Yes,Yes,CA,San Diego,32.7539775800142,-117.17686994455643
9506-UXUSK,Male,0,No,No,CA,San Diego,32.86089718840462,-117.24507149096854
1229-RCALF,Female,0,Yes,No,MA,Boston,42.25168949969178,-70.94915339462655
3572-UOLYZ,Female,0,No,Yes,CA,San Francisco,37.692490155713585,-122.35180082702972
1429-UYJSV,Female,0,No,No,CO,Denver,39.765174224977486,-104.95369740139225
5577-OTWWW,Female,0,No,No,GA,Atlanta,33.642113283879596,-84.41371730968642
6100-QQHEB,Male,0,Yes,Yes,AZ,Phoenix,33.4906887205779,-111.98923143502
6366-XIVKZ,Female,0,Yes,Yes,CO,Denver,39.77368981845186,-105.11023153729803
3470-OBUET,Female,0,Yes,Yes,WA,Seattle,47.61550017128629,-122.44162281158427
2770-NSVDG,Male,0,Yes,No,WA,Seattle,47.58530227785218,-122.42861576145512
9375-MHRRS,Male,0,No,No,TX,Austin,30.36686425875866,-97.65755109819072
2634-HCZGT,Male,1,Yes,No,TX,Austin,30.350611271749408,-97.73583744043788
7503-QQRVF,Male,1,Yes,No,NY,New York,40.745197589592195,-73.904395797763
4860-YZGZM,Male,0,No,No,AZ,Phoenix,33.51546074739552,-112.20215194072254
6599-GZWCM,Female,0,No,No,MA,Boston,42.36707011491525,-71.10525411982758
2691-NZETQ,Male,0,No,No,TX,Austin,30.159334568321242,-97.72155614775372
4404-HIBDJ,Female,0,No,No,CA,Los Angeles,33.949415242178404,-118.27751633223258
5533-NHFRF,Male,1,No,No,TX,Houston,29.696747841139192,-95.3589829804646
7037-MTYVW,Male,0,Yes,Yes,IL,Chicago,41.93927137311937,-87.6215319958176
4760-THGOT,Female,0,Yes,No,CA,San Francisco,37.6649327264101,-122.29746997976852
7295-JOMMD,Female,0,No,Yes,NY,New York,40.720660003299805,-74.12941440991167
4016-BJKTZ,Female,0,No,No,CA,Los Angeles,34.172446463102155,-118.2000193131652
6584-VQMYT,Male,0,No,Yes,WA,Seattle,47.69573501977578,-122.32278290272481
9838-BFCQT,Male,0,Yes,Yes,WA,Seattle,47.66931529775568,-122.33261783744103
2790-XUYMV,Male,0,No,Yes,FL,Miami,25.67576119889564,-80.15608562524778
0581-MDMPW,Female,0,No,No,AZ,Phoenix,33.522182452698814,-112.04717056056874
5013-SBUIH,Female,0,No,No,NY,New York,40.58535103495326,-73.97055761331615
1023-BQXZE,Male,0,No,No,TX,Austin,30.262965419268795,-97.71813912817595
9163-GHAYE,Female,0,No,No,GA,Atlanta,33.77188375532982,-84.36101085540419
3904-UKFRE,Male,0,No,No,NY,New York,40.781567572843606,-74.1278566012701
5353-WILCI,Female,0,No,No,NY,Buffalo,42.90140349693122,-79.02739943885696
0709-TVGUR,Female,1,No,No,NY,Buffalo,42.90101889616229,-78.9760735208415
0058-EVZWM,Female,0,Yes,No,TX,Houston,29.73140467779738,-95.30131280676581
6023-YEBUP,Male,0,No,No,TX,Houston,29.86538605220996,-95.28890097976841
7209-JCUDS,Male,0,No,No,NY,Buffalo,42.78221907870001,-78.75011480814052
7009-PCARS,Male,0,No,Yes,TX,Houston,29.732404639468147,-95.26126554488276
0519-DRGTI,Female,0,Yes,Yes,CA,Los Angeles,33.98179176421761,-118.14511092153532
1017-FBQMM,Female,0,Yes,Yes,TX,Austin,30.189638680011267,-97.66270494167902
3001-CBHLQ,Male,1,Yes,No,IL,Chicago,41.82619510695776,-87.55673092360261
1985-MBRYP,Female,0,No,No,FL,Miami,25.817648166394495,-80.07391781799578
6158-DWPZT,Male,0,Yes,No,FL,Miami,25.664714427357474,-80.14957053062345
9372-TXXPS,Female,0,Yes,No,TX,Houston,29.88172024404113,-95.25836226291723
3259-QMXUN,Male,0,Yes,No,IL,Chicago,42.005145634625606,-87.53188902669271
1015-JPFYW,Male,0,No,Yes,FL,Orlando,28.498603424366895,-81.38297488314397
6645-MXQJT,Male,0,Yes,Yes,AZ,Phoenix,33.389755940017224,-111.98998223731466
4360-QRAVE,Male,1,No,No,TX,Austin,30.33240250467529,-97.67175545121606
8433-WPJTV,Female,1,Yes,Yes,TX,Austin,30.289188974597938,-97.72821998755411
5804-JMYIO,Female,0,Yes,Yes,CO,Denver,39.61123709023304,-105.0144021713883
3763-GCZHZ,Male,0,Yes,No,FL,Orlando,28.648080543070584,-81.31777089391342
6484-LATFU,Male,0,No,No,TX,Houston,29.884849194983037,-95.40666996467051
7599-NTMDP,Female,0,Yes,Yes,CA,San Francisco,37.66337849063411,-122.29589103111458
0772-GYEQQ,Male,0,No,No,GA,Atlanta,33.840533970782396,-84.25494422498653
0536-ACXIP,Female,0,Yes,No,IL,Chicago,41.85434756484946,-87.48659715540228
0936-NQLJU,Female,0,Yes,No,CA,San Diego,32.58126273644291,-117.03025478760439
4831-EOBFE,Male,0,Yes,Yes,TX,Houston,29.62365292055449,-95.4910757650406
1575-KRZZE,Female,0,No,No,IL,Chicago,41.977023671939016,-87.72432429559514
3251-YMVWZ,Male,0,No,No,TX,Houston,29.667389967307827,-95.46983634533946
4102-OQUPX,Male,1,Yes,No,NY,Buffalo,43.005383798973675,-78.7652598779389
9170-GYZJC,Female,0,Yes,Yes,WA,Seattle,47.50760459536164,-122.26054082918334
4884-LEVMQ,Male,0,Yes,No,FL,Miami,25.79413149939722,-80.07677261564133
8857-CUPFQ,Male,0,Yes,No,TX,Austin,30.14413964843824,-97.72010353570593
7610-TVOPG,Male,0,No,No,CA,San Francisco,37.823443432338166,-122.45655739129533
3638-DIMPH,Female,0,Yes,No,CA,Los Angeles,33.92715428998367,-118.24279779169899
1845-ZLLIG,Male,0,No,No,WA,Seattle,47.590385635739956,-122.4028721517405
8559-WNQZS,Male,0,No,No,TX,Dallas,32.89003059361161,-96.90591750353958
3999-QGRJH,Male,1,No,No,CO,Denver,39.63721956614378,-105.1012925590163
1699-UOTXU,Male,0,No,No,WA,Seattle,47.49289942224018,-122.20499145745977
2454-RPBRZ,Female,1,Yes,No,TX,Dallas,32.776222452680074,-96.70116756621748
0635-WKOLD,Male,0,Yes,No,CA,San Francisco,37.84267286392856,-122.45508687167069
5993-JSUWV,Female,0,No,No,CA,Los Angeles,34.11542240419189,-118.28762491422088
4518-FZBSX,Male,0,Yes,Yes,CA,San Francisco,37.75673341032583,-122.38365678892339
5387-ASZNZ,Female,1,No,No,NY,New York,40.648992170571866,-74.15358062567246
6988-CJEYV,Male,0,No,No,CA,San Diego,32.67590705857767,-117.17283832570371
2002-MZHWP,Female,0,No,No,CA,Los Angeles,33.98578876766623,-118.22537476565776
3097-FQTVJ,Female,0,No,No,AZ,Phoenix,33.530675065375654,-112.17800211391551
5465-BUBFA,Female,0,Yes,Yes,GA,Atlanta,33.623806394246,-84.31307939754952
7299-GNVPL,Female,0,Yes,Yes,GA,Atlanta,33.66891658221983,-84.40045285525457
9743-DQKQW,Male,0,No,No,FL,Miami,25.657122160740975,-80.06571105695299
1215-VFYVK,Female,0,No,No,FL,Orlando,28.44350086954827,-81.45213563466375
9371-BITHB,Female,0,Yes,Yes,FL,Miami,25.654881787303122,-80.11099208711194
2265-CYWIV,Female,1,Yes,No,AZ,Phoenix,33.43512260678939,-112.21211769088788
9093-FPDLG,Female,0,No,No,TX,Houston,29.615243312243344,-95.43370789876342
0541-FITGH,Female,0,Yes,No,TX,Austin,30.358262793377246,-97.83272310296356
6985-HAYWX,Female,0,Yes,No,CA,San Francisco,37.9137252274505,-122.52830792011156
7508-KBIMB,Male,0,Yes,Yes,AZ,Phoenix,33.34324610410499,-112.0493891947381
6838-HVLXG,Female,0,No,No,TX,Dallas,32.68958706164516,-96.94530926338983
2277-DJJDL,Male,1,Yes,No,GA,Atlanta,33.88484429436084,-84.2604223908015
1897-OKVMW,Female,0,Yes,Yes,CA,San Francisco,37.793027885681596,-122.27288490777056
5485-ITNPC,Male,0,Yes,No,TX,Austin,30.136949480978817,-97.76359168719537
0233-FTHAV,Female,0,No,No,TX,Austin,30.38480089180008,-97.64671904886436
4644-PIZRT,Male,0,Yes,Yes,MA,Boston,42.38511456969271,-71.19539186995485
8922-NPKBJ,Male,0,Yes,Yes,TX,Dallas,32.872294232077614,-96.7328116967665
2740-TVLFN,Male,0,No,No,FL,Orlando,28.594804483399443,-81.45622416542183
7771-CFQRQ,Female,0,Yes,Yes,TX,Houston,29.632667958890426,-95.35147671300716
9512-PHSMG,Female,0,Yes,No,CA,San Diego,32.68577892157322,-117.31093116119513
6963-EZQEE,Male,1,Yes,No,MA,Boston,42.333207193695685,-71.03152511013826
2452-KDRRH,Male,1,No,No,WA,Seattle,47.75430875102506,-122.34045836458662
2004-OCQXK,Female,0,No,No,TX,Houston,29.63746565565936,-95.24868728224907
5027-QPKTE,Male,0,Yes,No,AZ,Phoenix,33.410597104230746,-112.06583500577248
4146-SVFUD,Male,0,No,No,GA,Atlanta,33.88569246099189,-84.527689558858
1564-HJUVY,Male,0,No,No,CA,San Diego,32.852043937510246,-117.22124168345363
3617-XLSGQ,Female,0,Yes,Yes,NY,Buffalo,42.75885342874894,-78.88504553065113
7517-LDMPS,Female,0,No,No,CO,Denver,39.648910924801356,-105.03367869002786
7244-KXYZN,Female,0,No,No,TX,Houston,29.635046605630148,-95.51571151863162
5226-NOZFC,Male,0,No,No,CA,San Diego,32.80414299665902,-117.0395790927125
2672-HUYVI,Female,0,No,No,TX,Austin,30.403727474858528,-97.59646904683738
1400-WIVLL,Male,0,Yes,No,CA,San Diego,32.65960457896357,-117.03307556297182
7508-MYBOG,Male,0,Yes,No,CA,San Francisco,37.66474651025499,-122.4765404281026
8148-NLEGT,Female,0,Yes,Yes,GA,Atlanta,33.76808212301575,-84.47925689879033
0148-DCDOS,Male,0,No,No,AZ,Phoenix,33.34260116384875,-112.21042684334422
8347-GDTMP,Female,0,Yes,No,FL,Miami,25.808420660416992,-80.10349151008879
9992-RRAMN,Male,0,Yes,No,CA,San Francisco,37.816235006021174,-122.31733430506054
6746-WAUWT,Male,0,No,No,NY,Buffalo,42.94237918873517,-78.74821588125893
0310-MVLET,Female,0,Yes,Yes,FL,Miami,25.832001023238288,-80.1030397678543
0428-IKYCP,Male,0,Yes,No,AZ,Phoenix,33.554645795444465,-112.08341002820784
4550-VBOFE,Male,1,Yes,No,TX,Houston,29.798026733228355,-95.2931244352294
2187-PKZAY,Male,0,No,No,GA,Atlanta,33.64271589816646,-84.37549915235257
4003-OCTMP,Female,0,Yes,No,CA,San Francisco,37.71674559076364,-122.48809275860643
6652-YFFJO,Female,0,No,No,WA,Seattle,47.48036179412675,-122.22827643392037
7225-IILWY,Male,0,Yes,Yes,CA,San Diego,32.720830590322336,-117.01660782000401
5248-RPYWW,Female,1,Yes,Yes,AZ,Phoenix,33.351580901781354,-112.05465975319775
7923-IYJWY,Male,1,No,No,TX,Austin,30.405249322688935,-97.81466894600933
3170-GWYKC,Female,0,No,No,CA,San Francisco,37.809064747943715,-122.4854303366451
5696-QURRL,Male,0,No,No,MA,Boston,42.22638293683009,-71.18289269369141
7409-KIUTL,Female,1,No,Yes,CO,Denver,39.75158962666679,-105.11735831268665
9830-ECLEN,Male,0,Yes,Yes,IL,Chicago,41.927526536108616,-87.700251481369
1732-VHUBQ,Female,1,Yes,Yes,CO,Denver,39.745354859708904,-104.91596921246261
0495-RVCBF,Female,0,No,No,TX,Dallas,32.63412572551488,-96.79494478307353
2668-TZSPS,Male,0,No,No,CA,Los Angeles,34.07164377253561,-118.2035031277423
7854-EDSSA,Male,0,No,No,CO,Denver,39.82442327693582,-104.94737493210637
8869-TORSS,Female,0,No,No,AZ,Phoenix,33.46588451112828,-112.03606905949434
7446-SFAOA,Female,0,Yes,No,MA,Boston,42.46752069299496,-70.98985558716612
9522-ZSINC,Male,0,No,No,FL,Orlando,28.483476541106032,-81.41119218556811
8234-GSZYK,Male,0,No,No,MA,Boston,42.29984756369417,-71.13820533892192
6505-OZNPG,Female,0,No,No,WA,Seattle,47.53990793995378,-122.22742549819858
6164-HAQTX,Male,0,No,No,TX,Dallas,32.77782143399658,-96.78882111236081
0679-IDSTG,Female,1,Yes,Yes,FL,Miami,25.814369898389558,-80.06309989091666
7765-LWVVH,Female,0,Yes,Yes,CO,Denver,39.884050037224625,-104.9936178368729
1658-TJVOA,Female,1,No,No,TX,Houston,29.723691081925036,-95.25419620476903
0953-LGOVU,Male,0,Yes,Yes,NY,New York,40.85423879428457,-73.9820802146316
2115-BFTIW,Male,0,No,No,GA,Atlanta,33.64248995185545,-84.38317580211236
4692-NNQRU,Female,0,Yes,No,CA,San Francisco,37.67973411453042,-122.35596859766123
7742-MYPGI,Female,0,Yes,Yes,NY,New York,40.73517710956575,-73.95129213922081
0611-DFXKO,Male,0,Yes,No,CO,Denver,39.79159733257343,-105.00424562347271
7780-OTDSO,Male,0,Yes,No,NY,Buffalo,42.8477663965867,-78.91221537406341
9619-GSATL,Female,0,No,No,CA,San Diego,32.700449996649304,-117.19784664927433
5622-UEJFI,Female,0,Yes,Yes,WA,Seattle,47.65755887721851,-122.23871613651555
9747-DDZOS,Female,0,No,No,TX,Dallas,32.753749426567296,-96.89196882502499
0674-DGMAQ,Male,1,Yes,No,NY,New York,40.64603287543605,-73.94396549904826
6203-HBZPA,Male,0,No,No,NY,New York,40.63243886929775,-74.11245547203383
0484-FFVBJ,Male,0,No,No,NY,Buffalo,42.8013435140091,-78.77284309067626
0301-FIDRB,Female,0,Yes,Yes,GA,Atlanta,33.80892332117276,-84.42007716666467
4139-JPIAM,Male,0,No,No,TX,Austin,30.278112186452805,-97.83808196929809
2181-TIDSV,Male,0,Yes,Yes,NY,New York,40.8433103118038,-73.90334566133257
2761-XECQW,Male,1,Yes,No,AZ,Phoenix,33.33639496646805,-112.15458860273962
1936-CZAKF,Male,0,Yes,No,TX,Houston,29.750242160349824,-95.46532078138998
9453-PATOS,Female,0,Yes,No,TX,Houston,29.88584489676389,-95.25136944906694
0564-JJHGS,Male,0,No,No,TX,Houston,29.80258877275175,-95.48873750009949
3348-CFRNX,Female,0,Yes,No,WA,Seattle,47.60981748032662,-122.47659547312172
4402-FTBXC,Male,0,No,No,TX,Austin,30.248461147235098,-97.74588531384934
1428-GTBJJ,Male,0,No,No,GA,Atlanta,33.7467578462119,-84.39799376404211
2931-XIQBR,Female,0,Yes,Yes,CA,Los Angeles,34.11199371228253,-118.39129801962537
0106-UGRDO,Female,0,Yes,No,FL,Miami,25.79233467897893,-80.23412835875303
5542-TBBWB,Male,0,No,No,CA,Los Angeles,33.97722243727898,-118.35007642244315
1930-QPBVZ,Male,0,Yes,Yes,TX,Houston,29.89414063919649,-95.3246016472767
2606-PKWJB,Male,0,No,Yes,NY,New York,40.6147600730382,-73.91632375925032
5322-ZSMZY,Male,0,Yes,Yes,CA,San Francisco,37.62524343212071,-122.39882747241933
8059-UDZFY,Female,1,No,Yes,CA,San Diego,32.737154997435766,-117.14360682480928
7740-BTPUX,Male,1,Yes,No,AZ,Phoenix,33.567931403559804,-111.94629775114936
5220-AGAAX,Male,0,Yes,Yes,CA,Los Angeles,33.94375942033833,-118.14581407242251
0208-BPQEJ,Female,0,Yes,Yes,NY,New York,40.812456380988564,-73.86509271618736
9435-JMLSX,Male,0,Yes,No,WA,Seattle,47.50530653664927,-122.26135985324085
3352-ALMCK,Male,0,No,No,FL,Miami,25.72362954757829,-80.23950407209084
5312-IRCFR,Female,0,Yes,Yes,IL,Chicago,41.81083378077631,-87.53206102087792
5294-IMHHT,Male,0,Yes,No,FL,Miami,25.77181808461314,-80.11550065151353
8802-UNOJF,Male,1,No,No,NY,New York,40.83412905066615,-73.92179335153703
6313-GIDIT,Male,1,No,No,MA,Boston,42.4531021709986,-70.99305627725226
6176-YJWAS,Male,0,Yes,No,AZ,Phoenix,33.59500324319956,-111.98216392103377
5310-NOOVA,Male,0,No,No,AZ,Phoenix,33.383631784433824,-112.15399062454358
4526-EXKKN,Male,0,No,No,WA,Seattle,47.483613478733986,-122.45450292854996
5311-IHLEI,Male,0,No,No,CA,Los Angeles,33.922560672478475,-118.19737322437679
3987-KQDDU,Male,0,No,No,FL,Orlando,28.581906937083463,-81.35817325290768
3404-JNXAX,Female,0,Yes,Yes,WA,Seattle,47.74375947292106,-122.338808602315
5131-PONJI,Male,0,Yes,Yes,GA,Atlanta,33.738886611746665,-84.3489631914336
2845-AFFTX,Male,1,Yes,No,CA,San Francisco,37.68969116789501,-122.35382981578942
3489-VSFRD,Female,0,No,No,CO,Denver,39.649428804649745,-105.00628983778655
3345-JHUEO,Male,0,No,No,CO,Denver,39.8785621173625,-104.92507131481358
5815-HGGHV,Male,0,Yes,No,TX,Dallas,32.72366370780147,-96.84108455235477
5260-UMPWX,Female,0,Yes,Yes,CA,San Diego,32.852441569360934,-117.30372010372997
2249-YPRNG,Female,0,Yes,Yes,FL,Miami,25.7245617490378,-80.21120783848997
7410-YTJIK,Female,0,No,No,FL,Miami,25.829516802487433,-80.05694124757369
4626-GYCZP,Male,0,No,No,TX,Houston,29.7961428138493,-95.50600560320508
5649-RXQTV,Male,0,No,No,FL,Orlando,28.45603950338132,-81.3460021110986
2674-MIAHT,Female,0,No,No,FL,Orlando,28.646363270981485,-81.37356645994095
2576-HXMPA,Female,0,No,No,WA,Seattle,47.544714325127934,-122.33500138012063
7587-AOVVU,Male,0,Yes,Yes,NY,Buffalo,43.03481977558284,-78.85111483877355
5590-BYNII,Male,0,No,No,CO,Denver,39.72792398373597,-104.99337387941762
6898-MDLZW,Male,0,No,No,NY,New York,40.629717652278835,-73.99625138185796
3237-AJGEH,Female,0,Yes,Yes,CA,San Francisco,37.628262669715134,-122.44341117501622
4707-YNOQA,Female,0,Yes,Yes,FL,Miami,25.868117611543937,-80.30702637424811
9357-UJRUN,Male,0,Yes,No,CA,San Diego,32.784648162016424,-117.24794978242102
1591-NFNLQ,Male,0,No,No,FL,Orlando,28.497706025740158,-81.3748213828176
8648-PFRMP,Female,1,No,No,CA,Los Angeles,33.99749201152935,-118.28056859842583
7663-CUXZB,Male,0,Yes,No,CO,Denver,39.68647122095672,-104.99938053462441
0258-NOKBL,Male,0,No,No,MA,Boston,42.29994144783806,-71.05074669507147
1163-VIPRI,Female,0,Yes,Yes,IL,Chicago,41.85852004054129,-87.59318701555716
2815-CPTUL,Male,1,No,No,TX,Dallas,32.77474948219158,-96.92258630060729
9348-ROUAI,Female,0,Yes,Yes,FL,Miami,25.693244927743685,-80.17823147672227
9443-JUBUO,Male,0,Yes,Yes,TX,Dallas,32.63747775935854,-96.88042407499931
0596-BQCEQ,Female,0,Yes,Yes,TX,Austin,30.19414707404031,-97.79867164129735
1481-ZUWZA,Male,0,No,No,TX,Houston,29.817008818835426,-95.27330329200468
3043-TYBNO,Male,0,No,No,FL,Miami,25.64344981932691,-80.28677174752681
4830-FAXFM,Male,0,No,Yes,CO,Denver,39.610330298312704,-105.10616669453277
5906-BFOZT,Male,0,No,No,WA,Seattle,47.46153487173531,-122.36581719859029
2960-NKRSO,Male,0,No,No,NY,New York,40.792754614603915,-73.94439854550514
8996-ZROXE,Male,1,No,No,NY,Buffalo,42.956952532832865,-78.93765685414526
5598-IKHQQ,Female,0,No,No,TX,Houston,29.738063557248005,-95.2973202447356
0397-ZXWQF,Male,0,No,No,TX,Dallas,32.675541542416774,-96.93834197685072
5266-PFRQK,Male,0,Yes,Yes,CO,Denver,39.64546388057816,-104.95634103037116
4674-HGNUA,Male,0,Yes,Yes,WA,Seattle,47.625112628858794,-122.34020341656466
6765-MBQNU,Female,0,Yes,No,CA,Los Angeles,34.14255313937141,-118.17171054396387
9786-IJYDL,Female,0,No,No,NY,Buffalo,43.01357543004785,-78.95123822646565
1303-SRDOK,Female,0,Yes,Yes,CA,Los Angeles,33.92561042448994,-118.24358492508236
3769-MHZNV,Female,0,Yes,Yes,TX,Austin,30.197197423712495,-97.89182129525398
6295-OSINB,Male,0,Yes,No,TX,Dallas,32.829241690152664,-96.7435253934827
3308-MHOOC,Male,0,No,Yes,IL,Chicago,41.77835984319227,-87.65879178537546
2309-OSFEU,Male,0,No,No,CA,San Francisco,37.845230644918175,-122.46509142795944
2207-QPJED,Female,1,Yes,No,NY,Buffalo,42.97422503894314,-78.74524319566082
4177-JPDFU,Male,0,No,No,TX,Dallas,32.726017432353785,-96.66331276927336
2239-CFOUJ,Male,0,Yes,Yes,WA,Seattle,47.57696960494663,-122.24240628879872
8046-DNVTL,Male,0,Yes,No,CA,San Diego,32.828880782337215,-117.06700931117969
2209-XADXF,Female,0,No,No,MA,Boston,42.36652784024109,-71.03027355052996
6620-JDYNW,Female,0,No,No,CA,San Diego,32.74338984771103,-117.09342563415692
1891-FZYSA,Male,1,Yes,No,TX,Austin,30.142459464724904,-97.61717350412763
4770-UEZOX,Male,0,No,No,NY,New York,40.57797114123771,-73.99284406736203
1038-RQOST,Male,0,Yes,Yes,CA,San Francisco,37.80622087726911,-122.54147283098942
7613-LLQFO,Male,0,No,No,NY,New York,40.815239353317885,-74.03214538123316
4568-TTZRT,Male,0,No,No,CA,San Francisco,37.87395537196085,-122.47188404351127
9513-DXHDA,Male,0,No,No,IL,Chicago,41.834608196689594,-87.69898322047942
2640-PMGFL,Male,0,No,Yes,AZ,Phoenix,33.35230900832497,-112.08820753398673
3801-HMYNL,Male,0,Yes,Yes,FL,Miami,25.65464070627507,-80.30110705557145
0516-QREYC,Female,1,No,No,TX,Austin,30.148732549838005,-97.82359707473775
9685-WKZGT,Male,1,No,No,TX,Houston,29.829795074268784,-95.4996972281131
6022-UGGSO,Female,1,No,No,TX,Dallas,32.75428106580455,-96.88589546329122
8084-OIVBS,Female,0,No,No,IL,Chicago,41.77652584717167,-87.68379921492611
8896-BQTTI,Male,0,No,No,FL,Orlando,28.607251088344015,-81.37034094060711
3865-QBWSJ,Male,1,No,Yes,FL,Orlando,28.570725563397833,-81.23268711463982
3352-RICWQ,Female,0,Yes,Yes,CA,San Francisco,37.757489768336924,-122.38104038144225
2160-GPFXD,Male,0,Yes,Yes,IL,Chicago,41.92469466605581,-87.55990127930657
2065-MMKGR,Female,0,No,No,MA,Boston,42.35493304969173,-71.10186873523666
5857-TYBCJ,Male,1,Yes,No,NY,New York,40.6982131972563,-74.01459330079251
1498-NHTLT,Male,0,Yes,Yes,FL,Orlando,28.537838348144138,-81.25338649412488
4484-CGXFK,Female,0,No,No,CA,Los Angeles,33.92109605951882,-118.32431496683925
1402-PTHGN,Female,0,Yes,Yes,AZ,Phoenix,33.54562326129407,-111.99568948173022
4176-RELJR,Male,1,No,No,CA,Los Angeles,34.18831778058963,-118.20906966379279
6214-EDAKZ,Female,0,Yes,Yes,TX,Austin,30.182689006587342,-97.81589215896885
5199-FPUSP,Male,0,No,Yes,TX,Houston,29.761544956208574,-95.51728295948672
6377-KSLXC,Male,0,No,No,WA,Seattle,47.58517577740661,-122.3005954313845
1796-JANOW,Female,0,No,No,NY,New York,40.711600228043,-74.05035036238704
0238-WHBIQ,Male,0,Yes,Yes,MA,Boston,42.274137485210346,-70.95251427912837
8735-NBLWT,Male,0,No,Yes,CA,Los Angeles,34.14183231387586,-118.16984458438903
6651-RLGGM,Male,0,Yes,Yes,IL,Chicago,42.01843064977783,-87.73122690567848
6127-ISGTU,Female,0,Yes,No,TX,Houston,29.831558033492684,-95.25491161665835
1614-JBEBI,Female,0,No,No,AZ,Phoenix,33.319641762426954,-112.15918084572243
8740-XLHDR,Male,0,No,No,TX,Houston,29.88659832181682,-95.26753094656385
1208-DNHLN,Male,0,Yes,Yes,IL,Chicago,41.75347410836638,-87.62045559911806
1761-AEZZR,Male,0,No,No,WA,Seattle,47.58514995601432,-122.4618618505791
3923-CSIHK,Female,1,Yes,No,CO,Denver,39.750458358707746,-104.99698789716643
5696-EXCYS,Male,0,No,No,TX,Dallas,32.757950050851555,-96.78377449249074
5795-KTGUD,Female,0,Yes,No,CA,Los Angeles,34.096491305743406,-118.38320204380442
7120-RFMVS,Male,0,No,No,CO,Denver,39.864387380642704,-105.03541563529679
7924-GJZFI,Female,1,Yes,No,TX,Dallas,32.77706189173619,-96.78838171768247
4702-HDRKD,Male,0,No,No,GA,Atlanta,33.81879865146096,-84.50498276250806
8512-WIWYV,Male,0,No,No,MA,Boston,42.463437126483534,-71.14356264900715
5897-ZYEKH,Female,1,Yes,No,IL,Chicago,41.95533060550828,-87.6034116940091
5456-ITGIC,Male,1,Yes,No,WA,Seattle,47.71988359361468,-122.47498430970859
7317-GGVPB,Male,0,Yes,No,FL,Miami,25.799093734624677,-80.24871220678516
1406-PUQVY,Male,0,No,Yes,FL,Orlando,28.562060071364723,-81.46703174765912
1322-AGOQM,Male,0,No,No,AZ,Phoenix,33.41230847522085,-112.22276088757314
3677-IYRBF,Female,1,No,No,FL,Orlando,28.433881458789642,-81.50506612723262
5692-FPTAH,Female,0,No,No,MA,Boston,42.29720306008285,-71.11784999462911
9114-AAFQH,Female,0,Yes,No,NY,Buffalo,42.95756466281057,-78.90583781322336
8715-KKTFG,Female,0,Yes,No,GA,Atlanta,33.872227788670735,-84.27094125470686
1550-LOAHA,Female,0,Yes,No,IL,Chicago,41.77406479063629,-87.76559789173854
1728-BQDMA,Female,0,No,No,MA,Boston,42.28285032181845,-70.9893582637186
0268-QKIWO,Female,0,No,No,FL,Miami,25.828562098364255,-80.27461972842849
0876-WDUUZ,Female,0,No,No,TX,Dallas,32.88356287366035,-96.68269770260653
5117-ZSMHQ,Female,0,Yes,Yes,TX,Dallas,32.81388449736705,-96.72143758648649
5151-HQRDG,Male,0,Yes,No,TX,Austin,30.260088085774793,-97.79472855960472
0960-HUWBM,Male,0,Yes,Yes,GA,Atlanta,33.81919620594636,-84.29010208923722
6465-GSRCL,Female,0,No,Yes,FL,Orlando,28.61534729272123,-81.23480812007021
0617-FHSGK,Male,0,No,Yes,NY,New York,40.701152068977336,-74.05189260603616
0263-FJTQO,Male,0,Yes,Yes,TX,Dallas,32.69047703876275,-96.9312039329789
7319-ZNRTR,Male,0,Yes,Yes,CA,Los Angeles,34.10063785938665,-118.36892631396583
2858-MOFSQ,Female,0,No,Yes,TX,Dallas,32.892942980410595,-96.65192263484293
7503-EPSZW,Female,0,Yes,Yes,FL,Orlando,28.478685963704798,-81.35860934301402
7089-XXAYG,Male,0,Yes,No,CO,Denver,39.715675372669665,-104.95767281038032
8118-LSUEL,Male,1,No,No,FL,Miami,25.754574536548215,-80.18989495597347
8070-AAWZP,Male,1,Yes,No,TX,Austin,30.318063153537516,-97.59963232660905
1666-JXLKU,Female,0,No,No,CA,Los Angeles,34.163686640235156,-118.18019666073118
7855-DIWPO,Female,0,No,No,TX,Dallas,32.84379155688151,-96.82194019391484
5133-POWUA,Male,0,No,No,TX,Austin,30.19302161420839,-97.7894729140295
5652-MSDEY,Female,0,No,No,WA,Seattle,47.7168158911665,-122.19538019689091
7005-CCBKV,Male,0,No,No,CA,San Diego,32.733956483965706,-117.1962801982278
1810-BOHSY,Male,0,Yes,No,FL,Miami,25.673465463994212,-80.28660692782323
1784-BXEFA,Female,0,No,No,CA,Los Angeles,34.18367520468869,-118.17945827381668
7351-MHQVU,Female,0,No,No,CA,San Francisco,37.68960736314251,-122.30216998215737
9224-VTYID,Male,0,Yes,Yes,TX,Houston,29.79329018304278,-95.24944171808355
9500-IWPXQ,Female,0,Yes,Yes,CA,San Francisco,37.83325117355051,-122.41771444842733
5762-TJXGK,Female,0,No,No,NY,Buffalo,43.02966441132567,-79.02424398354783
4504-YOULA,Female,0,Yes,Yes,CA,San Francisco,37.7455639087249,-122.52603203602506
5569-IDSEY,Male,0,Yes,No,FL,Orlando,28.65209777251703,-81.2866960874812
4250-FDVOU,Female,0,No,No,MA,Boston,42.460171113585965,-71.10053036354279
7284-ZZLOH,Male,0,Yes,No,WA,Seattle,47.509682854069965,-122.22964265121306
5277-ZLOOR,Female,1,No,No,GA,Atlanta,33.76950673389422,-84.33727157046754
2141-RRYGO,Female,0,No,No,CA,San Francisco,37.675246674407944,-122.38454337499901
1777-JYQPJ,Male,0,No,No,TX,Dallas,32.73504403455505,-96.91795717822434
6376-GAHQE,Male,0,No,No,FL,Miami,25.791950923678296,-80.20128251372007
3401-URHDA,Male,0,No,No,MA,Boston,42.31112611385223,-71.11899796706489
1599-EAHXY,Male,0,Yes,Yes,IL,Chicago,41.86349189796173,-87.60390160120369
8631-XVRZL,Male,0,No,No,AZ,Phoenix,33.5584450544929,-112.07838131291018
5052-PNLOS,Male,0,No,No,IL,Chicago,41.99002555340023,-87.61259050253773
3853-LYGAM,Male,0,No,No,WA,Seattle,47.47274905416132,-122.37309181350473
6979-ZNSFF,Female,0,No,No,WA,Seattle,47.507334480206566,-122.32376827523157
5751-USDBL,Male,0,Yes,Yes,MA,Boston,42.310254840372124,-71.09097836677896
5680-LQOGP,Female,0,No,No,CA,San Diego,32.66258074241086,-117.08821708601766
2386-LAHRK,Male,0,No,No,CO,Denver,39.76972636389963,-105.11532931529263
8189-DUKMV,Female,0,Yes,No,CA,Los Angeles,34.17851621262618,-118.10718005576756
6032-IGALN,Female,0,No,No,CO,Denver,39.71314673297196,-105.0348784540249
9931-DCEZH,Male,0,No,Yes,IL,Chicago,41.75443242770564,-87.5323263612226
1898-JSNDC,Female,0,No,No,AZ,Phoenix,33.53297245818841,-112.02203642006515
0315-LVCRK,Male,0,No,No,CA,San Diego,32.59786293526701,-117.23451428124095
3911-RSNHI,Female,0,Yes,No,FL,Miami,25.622572911143077,-80.25023021504654
2410-CIYFZ,Male,0,No,Yes,MA,Boston,42.50622479418402,-71.09052338799805
4248-HCETZ,Male,1,Yes,No,NY,Buffalo,42.753978388412904,-78.82880510055182
5505-OVWQW,Female,0,No,No,CA,Los Angeles,34.03293879861481,-118.21578413499019
7271-AJDTL,Female,0,Yes,No,AZ,Phoenix,33.55282250785583,-112.00011833004491
1867-TJHTS,Female,0,No,No,TX,Houston,29.656811575133236,-95.24375938770795
0516-WJVXC,Female,0,No,No,AZ,Phoenix,33.33265261523129,-112.03490893022706
9174-FKWZE,Female,1,No,No,TX,Houston,29.817319997002766,-95.42558037532584
6860-YRJZP,Male,1,No,No,TX,Dallas,32.696494082877145,-96.9274871313986
4429-WYGFR,Male,0,No,No,IL,Chicago,42.014527391769256,-87.67217161681043
2817-LVCPP,Female,0,No,No,GA,Atlanta,33.88592690857488,-84.43712324207382
5038-ETMLM,Female,0,Yes,No,TX,Austin,30.315395918958643,-97.78290381134218
5056-FIMPT,Female,0,No,Yes,CO,Denver,39.60532021330347,-105.11120039130682
4521-WFJAI,Male,0,No,No,WA,Seattle,47.577839289079606,-122.29337521862173
6569-KTMDU,Female,0,No,No,FL,Orlando,28.418236529202474,-81.45725761443528
8809-RIHDD,Male,0,Yes,Yes,FL,Miami,25.85208354238266,-80.0855063140621
8809-XKHMD,Male,0,Yes,No,IL,Chicago,41.88903972016168,-87.64932709089604
0396-YCHWO,Male,0,Yes,No,GA,Atlanta,33.87714256992753,-84.25173587726225
0867-LDTTC,Male,0,No,No,IL,Chicago,42.00035597607144,-87.53481067906165
4822-NGOCH,Female,0,No,No,FL,Orlando,28.486116462137662,-81.48303364484781
9391-DXGGG,Female,1,No,No,NY,New York,40.74521019437409,-74.02510332284793
9844-FELAJ,Female,1,Yes,Yes,TX,Austin,30.275689761412227,-97.7503927434621
2122-SZZZD,Male,0,No,No,NY,Buffalo,42.82892080538309,-78.79325203204023
5307-DZCVC,Female,1,Yes,No,IL,Chicago,41.82093429011476,-87.67898635584933
3148-AOIQT,Female,0,Yes,No,NY,New York,40.570035675169656,-74.11046986739645
8679-JOEVF,Female,1,No,No,CA,San Diego,32.615285903050804,-117.27101478265571
8395-ETZKQ,Male,1,Yes,Yes,GA,Atlanta,33.85599154649077,-84.45965878182702
6692-YQHXC,Male,0,No,No,MA,Boston,42.227997206342195,-71.12587529816476
3889-VWBID,Male,0,Yes,Yes,CA,San Francisco,37.81126475979139,-122.27853326507842
5222-JCXZT,Male,0,No,No,WA,Seattle,47.60825161814025,-122.43291551749098
9754-CLVZW,Female,0,Yes,Yes,CA,Los Angeles,34.04757900240744,-118.3554704708786
1432-FPAXX,Female,0,No,No,TX,Houston,29.671216265571736,-95.25249702889903
2739-CCZMB,Male,0,No,Yes,CA,San Francisco,37.874529503541055,-122.50338819357437
7080-TNUWP,Male,0,Yes,No,TX,Dallas,32.71064051689443,-96.88711613175894
0496-AHOOK,Male,0,Yes,No,NY,New York,40.68971419381944,-73.92568837988856
8336-TAVKX,Female,1,Yes,No,GA,Atlanta,33.62107433681332,-84.28847024674936
2468-SJFLM,Male,0,No,No,NY,New York,40.782009506809814,-73.92693900849964
3181-VTHOE,Male,0,Yes,No,FL,Miami,25.69231781366365,-80.17987430799597
7168-HDQHG,Female,0,Yes,Yes,AZ,Phoenix,33.46711700603664,-112.00299574712379
4803-AXVYP,Female,1,No,No,TX,Dallas,32.649907041463855,-96.79856278321378
3884-HCSWG,Female,0,No,No,CA,San Diego,32.62705532558931,-117.12075499750868
4567-AKPIA,Female,0,Yes,Yes,NY,New York,40.68154364734349,-74.12415142447266
5077-DXTCG,Female,0,No,No,GA,Atlanta,33.658723356460854,-84.46596521198369
1142-WACZW,Male,0,No,No,FL,Miami,25.8457303235393,-80.14267949348003
7901-HXJVA,Male,0,No,No,TX,Dallas,32.782246986608214,-96.72414131434418
5649-ANRML,Male,1,No,No,TX,Austin,30.258547925739535,-97.83778633643936
4892-VLANZ,Male,0,No,No,NY,New York,40.808998548756804,-74.00715434870347
5924-IFQTT,Male,0,Yes,Yes,TX,Dallas,32.81937556418553,-96.88347015837576
7968-QUXNS,Male,0,No,No,CO,Denver,39.76189192258734,-104.89922161656048
2919-HBCJO,Female,0,No,No,NY,Buffalo,42.91557424069098,-78.90220610572162
4236-XPXAV,Female,0,Yes,Yes,IL,Chicago,41.9009803256147,-87.56183368636631
8903-WMRNW,Female,0,Yes,No,NY,New York,40.62691445337234,-73.91819886399388
2452-SNHFZ,Female,0,No,No,CA,Los Angeles,33.997238343969045,-118.09720191179899
3629-WEAAM,Female,0,No,No,WA,Seattle,47.55196545336931,-122.30710430314426
6029-CSMJE,Male,0,No,No,IL,Chicago,41.98378246171651,-87.4825531160145
7993-NQLJE,Male,0,Yes,Yes,GA,Atlanta,33.66626642961562,-84.53288335626758
9909-DFRJA,Female,0,No,No,NY,New York,40.614717800532695,-74.0345275314203
9099-FTUHS,Female,0,No,No,CA,Los Angeles,34.15291862139449,-118.2559255921723
0581-BXBUB,Female,1,No,No,TX,Dallas,32.71388501028087,-96.76543712994645
4962-CHQPW,Male,0,No,Yes,FL,Orlando,28.60011297144495,-81.50022727391317
9467-ROOLM,Female,0,No,No,CA,San Francisco,37.798785275720185,-122.40756611389344
3030-YZADT,Male,0,No,No,IL,Chicago,41.94625328822249,-87.633996124533
7410-KTVFV,Male,0,Yes,No,TX,Houston,29.78877081845227,-95.39030286294307
5150-ITWWB,Male,1,No,No,NY,New York,40.73045917454163,-74.05589664167485
2253-KPMNB,Female,0,Yes,Yes,WA,Seattle,47.47692425590428,-122.39736134691078
1345-ZUKID,Male,0,No,No,CA,Los Angeles,33.95087783787093,-118.23155818745495
6429-SHBCB,Male,0,No,No,FL,Orlando,28.441550733769127,-81.39678072318908
9281-OFDMF,Male,1,No,No,TX,Dallas,32.85485503041432,-96.90775891584725
2603-HVKCG,Male,0,No,No,WA,Seattle,47.55435168954777,-122.45246164529371
1834-WULEG,Male,0,Yes,Yes,WA,Seattle,47.57870639646105,-122.33267979976713
9097-ZUBYC,Male,0,Yes,No,CA,San Francisco,37.82073076983368,-122.40566636020526
5148-ORICT,Female,0,Yes,No,TX,Dallas,32.74504098432937,-96.7410625518988
4893-GYUJU,Female,0,No,No,NY,New York,40.72892821566385,-73.92039514470838
4578-PHJYZ,Male,0,Yes,Yes,FL,Miami,25.756323789609144,-80.29255813286105
7272-QDCKA,Male,0,No,No,NY,Buffalo,42.9977336116789,-78.96093882382671
8908-SLFCJ,Female,0,No,No,FL,Miami,25.83551573358228,-80.16499726286071
8393-DLHGA,Male,0,No,Yes,TX,Austin,30.32682828327034,-97.76240767345992
9766-HGEDE,Female,0,Yes,No,FL,Miami,25.826318231811914,-80.14250149887795
6968-MHOMU,Male,0,Yes,No,FL,Miami,25.803169738043103,-80.07534721224329
7395-IGJOS,Male,1,Yes,No,NY,Buffalo,42.98940954384401,-78.89498778970862
5044-XDPYX,Female,0,Yes,No,GA,Atlanta,33.681178604640905,-84.4087641065251
1814-WFGVS,Male,0,Yes,Yes,NY,New York,40.667953088660575,-73.92383077643578
2834-SPCJV,Male,0,Yes,No,CA,San Francisco,37.656200376882815,-122.43283448685959
3721-WKIIL,Female,0,No,No,AZ,Phoenix,33.45307974022807,-112.19241263127674
6734-CKRSM,Female,0,No,No,FL,Miami,25.684687613959486,-80.06874928754462
1265-ZFOSD,Female,0,Yes,No,NY,New York,40.818607374644394,-74.06060492972183
6568-POCUI,Female,0,Yes,No,FL,Orlando,28.578281205412726,-81.35495610057573
7890-VYYWG,Male,1,Yes,No,GA,Atlanta,33.741763032250724,-84.37884703790493
5197-LQXXH,Female,0,Yes,No,WA,Seattle,47.50210385756229,-122.28717890771027
9907-SWKKF,Female,1,No,No,FL,Orlando,28.569264237240716,-81.37507937393477
3457-PQBYH,Female,0,Yes,Yes,IL,Chicago,41.909268905720914,-87.48122801657226
7682-AZNDK,Male,0,Yes,Yes,GA,Atlanta,33.77294930539466,-84.2501666814869
0587-DMGBH,Female,0,No,No,IL,Chicago,41.75524725463202,-87.7521688268251
5384-ZTTWP,Female,0,Yes,Yes,WA,Seattle,47.68396446712279,-122.20586100789868
3745-HRPHI,Male,0,Yes,Yes,CO,Denver,39.85637425309865,-105.0257264415668
7636-OWBPG,Male,1,No,No,TX,Austin,30.272255259135157,-97.5935135980219
1231-YNDEK,Male,0,No,No,IL,Chicago,41.867951853872995,-87.50667054930568
1407-DIGZV,Female,0,Yes,Yes,NY,New York,40.611279847978665,-74.04079194026286
6397-JNZZG,Female,1,Yes,No,FL,Orlando,28.46521118367881,-81.42757220500084
0570-BFQHT,Female,0,No,No,TX,Austin,30.133105863327337,-97.76092073535058
4393-OBCRR,Female,0,No,No,TX,Houston,29.646135524739172,-95.50620981016154
3523-QRQLL,Female,0,Yes,Yes,TX,Dallas,32.80729820054391,-96.71149059327884
8564-LDKFL,Male,0,Yes,No,IL,Chicago,41.73220282787333,-87.64475609063786
3696-DFHHB,Female,0,No,No,TX,Austin,30.343553893794308,-97.84368900657789
0895-DQHEW,Male,0,Yes,No,TX,Dallas,32.66746623934051,-96.70821881049561
4717-GHADL,Female,0,No,No,CA,Los Angeles,34.03322712644632,-118.3904475518386
5501-TVMGM,Male,0,No,No,FL,Miami,25.704331502987433,-80.20364000528832
5879-HMFFH,Female,0,Yes,No,CA,Los Angeles,34.07255760646471,-118.22961500414362
6772-WFQRD,Male,0,No,Yes,IL,Chicago,41.99302296669328,-87.64921133953783
3810-DVDQQ,Female,0,Yes,Yes,TX,Dallas,32.83520395004221,-96.90772770492049
6972-SNKKW,Female,0,No,No,NY,New York,40.718212147165794,-74.08585873938225
3694-GLTJM,Female,0,No,No,AZ,Phoenix,33.48946747688273,-112.14613290271294
8550-XSXUQ,Male,0,Yes,No,CA,San Diego,32.850168533165196,-117.0476112327795
8149-RSOUN,Female,0,No,No,TX,Dallas,32.87929333694116,-96.79112775684402
9055-MOJJJ,Female,0,Yes,Yes,CA,San Francisco,37.79146567747604,-122.34355939081371
4359-INNWN,Female,0,No,No,GA,Atlanta,33.82371099137721,-84.39793594892595
0585-EGDDA,Male,0,Yes,No,GA,Atlanta,33.7077485372479,-84.39429937945235
4032-RMHCI,Female,0,Yes,Yes,FL,Orlando,28.547562968984444,-81.25992945860882
0549-CYCQN,Male,1,No,No,CA,San Diego,32.86435507016265,-117.11142046471832
3481-JHUZH,Male,0,Yes,No,MA,Boston,42.261385971104836,-71.19722818989015
7250-EQKIY,Female,0,Yes,Yes,CO,Denver,39.79789832140461,-105.1025447989892
3594-IVHJZ,Female,0,No,No,FL,Orlando,28.499691833890296,-81.41701076983773
6869-FGJJC,Male,0,No,No,CO,Denver,39.81230235057816,-104.93201532045377
3896-ZVNET,Female,0,Yes,Yes,NY,Buffalo,42.81149653386142,-78.90218385418382
8205-VSLRB,Male,0,Yes,No,CA,San Francisco,37.660852311402785,-122.37197553299764
5960-MVTUK,Male,0,No,No,TX,Dallas,32.63647977062369,-96.76557355561806
6817-WTYHE,Male,0,No,No,IL,Chicago,41.89833218852786,-87.76053681703635
3082-VQXNH,Male,0,Yes,No,MA,Boston,42.33524602239439,-70.94880813471727
4013-UBXWQ,Female,0,No,No,TX,Austin,30.12367160944763,-97.87550931404571
4931-TRZWN,Female,0,No,No,MA,Boston,42.480004319913505,-71.20611171005827
0750-EKNGL,Male,0,No,No,GA,Atlanta,33.752170539557255,-84.41632627062648
7669-LCRSD,Male,0,Yes,Yes,CA,San Diego,32.614113021455005,-117.26116467020358
3567-PQTSO,Male,0,Yes,Yes,AZ,Phoenix,33.48141404102257,-112.18922483013947
5519-NPHVG,Female,0,No,No,TX,Austin,30.39874914672105,-97.62734323788257
8043-PNYSD,Male,0,Yes,Yes,WA,Seattle,47.67108945284351,-122.42832251075193
9938-EKRGF,Female,0,No,No,CA,San Francisco,37.87018987820395,-122.38463818315897
2703-AMTUL,Male,0,Yes,Yes,FL,Miami,25.77813935514496,-80.2351755953959
0928-JMXNP,Male,1,Yes,No,WA,Seattle,47.708624994920086,-122.38805456543146
8173-RXAYP,Female,0,Yes,Yes,CA,Los Angeles,33.91438228067469,-118.11113704480518
4825-XJGDM,Female,0,No,No,NY,Buffalo,43.02401015891721,-79.024838400757
5402-HTOTQ,Male,0,No,No,FL,Orlando,28.461960030038423,-81.38281957755267
6734-JDTTV,Male,0,Yes,Yes,IL,Chicago,41.80359904828344,-87.7102180588241
7850-THJMU,Female,0,Yes,Yes,NY,New York,40.725807352846665,-74.11809783582024
3890-RTCMS,Male,0,No,No,NY,Buffalo,42.932183383477884,-78.76140455142531
8849-GYOKR,Female,0,Yes,No,CA,Los Angeles,33.93196036913242,-118.27216246617212
3148-BLQJT,Male,0,No,No,CA,San Diego,32.69309521643619,-117.21763700777113
3717-FDJFU,Male,0,No,Yes,TX,Houston,29.796630708145088,-95.34906434016328
3665-JATSN,Female,0,No,No,TX,Houston,29.79933034172195,-95.50718514632341
7966-YOTQW,Male,0,No,No,GA,Atlanta,33.84598858800103,-84.29674512702486
0461-CVKMU,Female,0,Yes,Yes,IL,Chicago,41.9737976045618,-87.67775892023442
8806-EAGWC,Male,0,No,No,CO,Denver,39.75500610853209,-105.03996843907764
8853-TZDGH,Female,0,No,No,CA,San Francisco,37.802452234928545,-122.34687160133997
7779-LGOVN,Male,1,Yes,No,TX,Dallas,32.6439444349206,-96.70635840910148
4324-BZCKL,Female,0,Yes,Yes,WA,Seattle,47.60824861564004,-122.2391427085662
6924-TDGMT,Male,0,Yes,No,MA,Boston,42.391351797754574,-71.00547264156067
9710-ZUSHQ,Female,1,No,No,CA,San Francisco,37.63263814381322,-122.37602494755448
1536-YHDOE,Male,0,Yes,Yes,TX,Dallas,32.78989957404441,-96.73321382970049
8123-QBNAZ,Female,0,Yes,Yes,CA,Los Angeles,33.99053671592961,-118.12442170932705
3629-ZNKXA,Male,1,No,No,TX,Dallas,32.729031238860586,-96.74351165735229
4827-LTQRJ,Female,1,Yes,Yes,IL,Chicago,41.82308991711404,-87.60077922166309
7711-YIJWC,Male,0,Yes,Yes,MA,Boston,42.40302537463712,-71.12348136279262
5482-VXSXJ,Male,0,No,No,FL,Miami,25.76670564438509,-80.29537549027475
7365-BVCJH,Male,0,No,No,NY,New York,40.75535337609844,-73.92878305541417
9620-ENEJV,Female,0,No,No,IL,Chicago,41.95923639944314,-87.55413868558887
4183-WCSEP,Male,0,No,No,FL,Miami,25.80729503857815,-80.21730738919231
2378-YIZKA,Female,0,Yes,Yes,TX,Houston,29.867147395809486,-95.5119218855883
5498-TXHLF,Female,0,Yes,Yes,FL,Orlando,28.492227792118527,-81.39200859048891
0689-DSXGL,Female,0,Yes,Yes,AZ,Phoenix,33.46201845438343,-111.99920280267021
6818-DJXAA,Female,0,No,Yes,CA,Los Angeles,34.06039005746701,-118.21158223810843
9722-UJOJR,Male,0,Yes,Yes,TX,Houston,29.899680233144515,-95.39899284186849
0464-WJTKO,Female,0,Yes,Yes,AZ,Phoenix,33.560469892824436,-112.22064586254182
8902-ZEOVF,Male,0,Yes,Yes,TX,Houston,29.761253395884093,-95.24024500341145
6778-EICRF,Male,0,Yes,Yes,CA,San Francisco,37.83187885144403,-122.46387047142547
2662-NNTDK,Male,0,No,No,NY,New York,40.73009986790865,-74.09548832143399
4132-KALRO,Female,0,No,No,MA,Boston,42.475517928188786,-71.12094703948107
3902-FOIGH,Male,1,Yes,No,CA,San Francisco,37.834768877994,-122.44904309047467
6772-KSATR,Male,0,No,No,CA,Los Angeles,34.01149825200465,-118.35122929518344
7112-OPOTK,Male,0,No,No,WA,Seattle,47.573875229711994,-122.1918451573043
2874-YXVVA,Female,0,No,No,NY,Buffalo,42.96503614138392,-78.83369068086722
1245-HARPS,Female,0,Yes,No,TX,Houston,29.692122381974997,-95.45146122149744
4210-QFJMF,Female,0,No,No,CA,San Francisco,37.80143736270537,-122.41083037359766
4323-ELYYB,Male,0,Yes,Yes,IL,Chicago,41.97585543096495,-87.68336580531343
4293-ETKAP,Female,0,Yes,Yes,NY,New York,40.858020553244984,-73.94517768960239
6064-PUPMC,Male,0,Yes,Yes,CA,San Francisco,37.84751085344187,-122.37662039315919
6504-VBLFL,Male,0,Yes,No,IL,Chicago,41.76154063959092,-87.76775540198526
6322-PJJDJ,Male,0,Yes,No,IL,Chicago,41.887879779020395,-87.74239108056554
0330-BGYZE,Male,0,Yes,No,TX,Dallas,32.626836401478016,-96.8176558372067
1085-LDWAM,Female,0,Yes,Yes,IL,Chicago,41.99955012791587,-87.60426805954339
7586-ZATGZ,Male,0,No,No,TX,Austin,30.286918081227668,-97.75223817357386
7197-VOJMM,Male,0,Yes,No,TX,Austin,30.33132547747189,-97.67351797427563
3318-OSATS,Male,1,No,No,CA,San Francisco,37.80988762145367,-122.39258111459544
5828-AVIPD,Male,0,Yes,Yes,CA,Los Angeles,33.992935987515835,-118.17503061088647
1843-TLSGD,Female,0,Yes,Yes,WA,Seattle,47.4760208308478,-122.4701973297984
9626-VFRGG,Female,0,No,Yes,GA,Atlanta,33.70235516572907,-84.32053043867396
7075-BNDVQ,Female,0,No,No,CA,San Francisco,37.90610820006502,-122.36516946864154
9143-CANJF,Female,0,Yes,Yes,FL,Miami,25.71374334240379,-80.30137037292721
7284-BUYEC,Female,0,No,No,IL,Chicago,41.86361145450653,-87.68971975123843
2041-JIJCI,Female,0,No,No,MA,Boston,42.44855678770902,-71.15598487516696
1086-LXKFY,Female,0,Yes,Yes,CO,Denver,39.603752292668794,-104.91390944771783
4900-MSOMT,Female,0,Yes,Yes,FL,Orlando,28.45517445509333,-81.40933865181465
2229-VWQJH,Female,0,No,No,TX,Austin,30.384940209316106,-97.86632091141855
9194-GFVOI,Female,0,Yes,No,TX,Houston,29.66580216511604,-95.2558814887231
1336-EZFZY,Female,0,No,No,IL,Chicago,41.878106856431636,-87.69346866196733
4282-MSACW,Male,0,No,No,CO,Denver,39.782595083903615,-104.89382352038295
1403-LKLIK,Female,0,Yes,Yes,TX,Dallas,32.64198081943521,-96.85491050834487
2636-ALXXZ,Female,1,No,No,IL,Chicago,41.90793866404173,-87.67407661160246
7774-OJSXI,Male,0,No,No,CA,San Francisco,37.75836760933945,-122.53637088386085
7786-WBJYI,Female,0,No,No,IL,Chicago,41.95400656575398,-87.63019437883976
0136-IFMYD,Male,1,Yes,No,NY,New York,40.58581185309103,-73.93457519498511
5144-TVGLP,Male,1,No,No,CA,San Diego,32.68806920087625,-117.03613098772205
9643-AVVWI,Female,0,Yes,Yes,AZ,Phoenix,33.59444555377705,-112.1903419091796
0253-ZTEOB,Female,0,Yes,Yes,CA,San Francisco,37.73159156843521,-122.32828572940875
2706-QZIHY,Female,0,Yes,No,CA,Los Angeles,34.06281970452908,-118.31827603942318
6061-PQHMK,Female,0,No,No,NY,New York,40.8011792576992,-73.9585140031626
9885-CSMWE,Female,1,No,No,IL,Chicago,41.866684582780415,-87.65074746833785
6137-MFAJN,Female,0,No,No,FL,Orlando,28.4789830890119,-81.34636938030816
9122-UMROB,Male,0,No,No,TX,Austin,30.18898938988213,-97.87358470127518
4232-JGKIY,Male,0,No,No,CA,San Diego,32.62075833824513,-117.2326463579021
2402-TAIRZ,Female,0,No,No,NY,Buffalo,42.91616617718275,-78.95436535267652
9659-ZTWSM,Male,1,Yes,No,AZ,Phoenix,33.32728790620601,-112.11557018954814
9139-TWBAS,Female,0,Yes,No,MA,Boston,42.476166255079626,-71.10670800422913
6685-GBWJZ,Male,0,Yes,No,NY,New York,40.745048210537064,-74.05718833882419
5016-ETTFF,Male,0,No,No,IL,Chicago,41.787822544789066,-87.74398250628846
3866-MDTUB,Female,0,No,No,WA,Seattle,47.733847384620496,-122.3966909332835
2195-VVRJF,Male,1,Yes,No,TX,Houston,29.775266572015806,-95.22379146610602
3913-RDSJZ,Female,0,Yes,No,NY,New York,40.783027655225325,-74.04065947360152
8058-JMEQO,Female,1,No,No,NY,Buffalo,42.799314302002834,-78.88657235757293
4203-QGNZA,Female,0,No,Yes,IL,Chicago,41.776363798029735,-87.61474684557494
5043-TRZWM,Female,0,No,No,WA,Seattle,47.726126533664015,-122.3043154829014
0697-ZMSWS,Male,0,No,No,IL,Chicago,41.88054354662029,-87.49405748300282
7657-DYEPJ,Male,1,No,No,AZ,Phoenix,33.32790029796843,-111.95668319385913
9494-BDNNC,Male,0,Yes,No,NY,New York,40.75861313879522,-74.10755937725713
1640-PLFMP,Female,0,No,No,GA,Atlanta,33.84015844037147,-84.43835776763567
5366-OBVMR,Female,0,Yes,No,CA,San Francisco,37.889752832656946,-122.46268678868297
8276-MQBYC,Male,1,No,No,CA,San Diego,32.606277299683896,-117.25383272499253
7644-OMVMY,Male,0,Yes,Yes,AZ,Phoenix,33.56501325350853,-112.18783664944617
7593-XFKDI,Male,0,No,No,TX,Austin,30.28144372961307,-97.65782521635933
4573-JKNAE,Male,0,No,Yes,MA,Boston,42.2431131770433,-70.91888806430893
0337-CNPZE,Female,0,No,No,IL,Chicago,41.87345456518853,-87.55336957789557
9817-APLHW,Male,0,No,No,CA,San Francisco,37.721200538478584,-122.49642699534968
8380-MQINP,Female,0,Yes,Yes,CA,Los Angeles,34.076386909758945,-118.12182533923594
0840-DFEZH,Female,0,No,No,CA,San Diego,32.74440824363104,-117.28842275210468
1513-XNPPH,Female,0,No,No,CA,San Diego,32.67798945438897,-117.06671396460082
8690-ZVLCL,Female,0,Yes,Yes,TX,Dallas,32.91185497547273,-96.92178071840766
6015-VVHHE,Female,1,No,No,CA,San Francisco,37.921556044375855,-122.35102304068631
1125-SNVCK,Female,1,No,No,NY,New York,40.741118431660524,-74.11993928195655
0384-LPITE,Male,0,No,No,FL,Miami,25.662317983110977,-80.33306453714783
4616-EWBNJ,Female,0,No,No,IL,Chicago,41.91788092892949,-87.49695443958939
6347-DCUIK,Male,0,No,No,NY,Buffalo,42.94954699286031,-78.99262774752275
1335-HQMKX,Female,0,Yes,No,IL,Chicago,42.02763458574892,-87.6187113468233
2545-EBUPK,Female,1,No,No,AZ,Phoenix,33.55528027987353,-111.98648984147913
6923-AQONU,Male,0,Yes,Yes,FL,Orlando,28.393114378483666,-81.44313239778667
2172-EJXVF,Female,1,No,No,GA,Atlanta,33.83078425676196,-84.35985635571414
0897-FEGMU,Female,0,Yes,No,CA,Los Angeles,34.106299784111265,-118.16424954204678
7663-RGWBC,Male,0,No,No,FL,Miami,25.81427422058604,-80.1786647778348
1120-BMWUB,Female,0,No,No,TX,Dallas,32.67816194773167,-96.81253388460851
9124-LHCJQ,Female,0,No,No,CA,San Francisco,37.655108911863564,-122.40441301225292
4536-PLEQY,Male,0,Yes,No,CA,San Diego,32.831472392483285,-117.06057196644049
7029-IJEJK,Female,0,No,No,MA,Boston,42.46584703194238,-71.04011208499166
8871-JLMHM,Female,0,Yes,No,NY,Buffalo,42.93029508280804,-78.82411605424235
2235-ZGKPT,Female,0,Yes,Yes,WA,Seattle,47.69881240831002,-122.29819139508429
3891-PUQOD,Female,0,No,Yes,FL,Orlando,28.609203989588902,-81.36668084560102
5447-VYTKW,Male,0,No,No,MA,Boston,42.252069983713476,-70.94851538782585
3623-FQBOX,Male,0,No,No,NY,Buffalo,42.8482903277753,-78.93670911556607
0689-NKYLF,Male,0,No,No,TX,Dallas,32.70439943169672,-96.7387713169934
8659-HDIYE,Female,1,No,No,FL,Miami,25.642049793861844,-80.11777471405962
3658-KIBGF,Female,0,No,No,MA,Boston,42.283384564674925,-70.91840070714427
3474-BAFSJ,Male,0,Yes,No,CO,Denver,39.61611322606181,-105.13793263145698
5519-YLDGW,Female,0,Yes,No,IL,Chicago,41.870318769914554,-87.50036185428088
3865-ZFZIB,Male,0,No,No,CA,San Diego,32.58255128715452,-117.24240993219101
1855-AGAWH,Male,0,Yes,No,CA,Los Angeles,34.13525726330104,-118.37136066780411
7109-CQYUZ,Male,0,No,No,CA,Los Angeles,34.17376285272325,-118.24748546108174
1370-GGAWX,Female,0,No,No,CA,San Diego,32.56899573274784,-117.22054318326472
4680-KUTAJ,Female,1,No,No,AZ,Phoenix,33.5631121889758,-111.93240470873177
5307-UVGNB,Female,0,Yes,Yes,WA,Seattle,47.56797472822465,-122.2781864746333
4946-EDSEW,Female,0,Yes,Yes,CA,Los Angeles,34.062782925147985,-118.30034537576778
2883-ILGWO,Male,1,No,No,FL,Orlando,28.50578220467324,-81.47522710982747
2516-VQRRV,Female,1,No,No,NY,Buffalo,42.945986236532235,-78.7359256911783
7580-UGXNC,Female,1,No,No,CO,Denver,39.74292239385108,-105.13893581085829
3642-BYHDO,Female,0,Yes,Yes,TX,Dallas,32.83421280406996,-96.68567867339759
9629-NHXFW,Female,0,Yes,Yes,FL,Orlando,28.421546323971032,-81.32021410681268
2696-RZVZW,Male,0,Yes,No,MA,Boston,42.3520578572676,-71.08948971625193
5766-FTRTS,Male,0,Yes,No,CA,Los Angeles,34.10614982668361,-118.17708118859049
0396-HUJBP,Female,0,No,No,MA,Boston,42.27887394618896,-71.02632575696634
5178-LMXOP,Male,1,Yes,No,WA,Seattle,47.526781798150324,-122.39797003601942
8879-ZKJOF,Female,0,No,No,WA,Seattle,47.69769195848529,-122.30443662194968
6285-FTQBF,Male,0,Yes,Yes,CA,San Francisco,37.735757101695505,-122.43393114242542
8185-UPYBR,Male,0,Yes,No,MA,Boston,42.354583293791784,-70.98944794918783
4585-HETAI,Female,0,Yes,Yes,IL,Chicago,41.95799645789119,-87.5602583036059
7526-BEZQB,Male,0,No,No,CA,Los Angeles,34.0788204823816,-118.31534183231113
1474-JUWSM,Female,0,Yes,No,MA,Boston,42.36603589451575,-71.05912444078999
3530-CRZSB,Female,0,No,No,FL,Miami,25.67584047667485,-80.3369019988249
8498-XXGWA,Female,0,Yes,No,IL,Chicago,41.88074820927362,-87.65659263843435
9617-INGJY,Male,0,No,No,CA,San Diego,32.66260636084069,-117.12694302839526
0621-TSSMU,Male,0,Yes,No,GA,Atlanta,33.802433367842994,-84.53503696425084
7234-KMNRQ,Male,0,No,No,CA,San Diego,32.816836906032336,-117.15019001339375
7636-PEPNS,Female,0,Yes,Yes,TX,Dallas,32.6392767312437,-96.82812930348612
4683-WYDOU,Male,0,Yes,No,MA,Boston,42.3839878951898,-70.95124042544178
9052-DHNKM,Male,0,No,No,FL,Orlando,28.64895114786802,-81.42794650075423
6794-HKIAJ,Male,0,No,No,WA,Seattle,47.559267110631104,-122.3235824611066
5578-NKCXI,Female,0,Yes,Yes,NY,Buffalo,42.963627226299494,-78.80442973818639
1642-HMARX,Female,0,Yes,No,CO,Denver,39.737643201906614,-104.8835635519338
3096-WPXBT,Female,0,Yes,Yes,TX,Houston,29.786360087282507,-95.4819285745091
8434-PNQZX,Female,0,No,No,GA,Atlanta,33.8986710886871,-84.43956578763077
5950-AAAGJ,Male,0,No,No,FL,Miami,25.765051933857524,-80.33900441875106
4299-OPXEJ,Female,0,No,No,AZ,Phoenix,33.43421004702372,-112.17606319648118
4951-UKAAQ,Female,0,No,No,CA,Los Angeles,33.98952398197157,-118.18002070934124
9618-LFJRU,Female,0,No,No,FL,Miami,25.758790537050817,-80.14435255698812
6693-DJWTY,Female,0,No,Yes,AZ,Phoenix,33.337534135050554,-112.15084801323366
0744-GKNGE,Female,0,Yes,Yes,CO,Denver,39.644644289602326,-104.88790029086123
6447-EGDIV,Female,0,No,No,GA,Atlanta,33.82711087120806,-84.39885762916917
1167-OYZJF,Female,1,Yes,No,MA,Boston,42.27900600165237,-71.10652225746121
2108-YKQTY,Female,0,No,No,CA,Los Angeles,33.993741644393616,-118.11235198501473
4806-DXQCE,Female,1,Yes,No,TX,Austin,30.151536630190268,-97.72594783444704
4918-QLLIW,Male,0,No,No,TX,Houston,29.758812487070962,-95.4439844594035
7056-IMHCC,Male,1,Yes,No,GA,Atlanta,33.82410726110579,-84.29343386827024
4854-SSLTN,Male,0,Yes,Yes,TX,Houston,29.822680757074565,-95.22396410807248
5294-DMSFH,Female,0,Yes,Yes,GA,Atlanta,33.746778993382,-84.41312771901389
4837-PZTIC,Female,0,No,No,CA,San Diego,32.618765509958486,-117.10135035026187
1625-JAIIY,Female,0,Yes,Yes,GA,Atlanta,33.87359880424336,-84.31489481127613
0603-OLQDC,Male,0,No,Yes,CA,Los Angeles,34.15261214045929,-118.28214333656669
3272-VUHPV,Female,0,Yes,Yes,GA,Atlanta,33.82780604356602,-84.43156619303461
4176-FXYBO,Male,0,Yes,No,TX,Houston,29.626994082053187,-95.47192160223499
1063-DHQJF,Male,0,Yes,Yes,CA,Los Angeles,34.03526594929612,-118.38093115874533
8663-UPDGF,Female,0,No,No,CA,San Francisco,37.818581391481075,-122.37470006910756
6719-FGEDO,Female,0,Yes,No,CO,Denver,39.69570246660283,-104.93538863886727
1837-YQUCE,Female,0,No,No,NY,New York,40.69650110757342,-74.05262020203915
2947-DOMLJ,Male,0,No,Yes,FL,Orlando,28.612227550808303,-81.49541000469911
4112-LUEIZ,Male,0,No,No,CA,San Diego,32.650094318025424,-117.28908364060155
0369-ZGOVK,Female,0,Yes,Yes,CA,San Francisco,37.86886847444906,-122.3789485900713
4510-HIMLV,Male,0,No,No,FL,Miami,25.867798294562398,-80.09999221105367
9919-KNPOO,Female,0,Yes,No,WA,Seattle,47.49835224755147,-122.45382874695183
8749-JMNKX,Male,1,Yes,No,TX,Dallas,32.90558497769894,-96.83135558243076
7872-BAAZR,Female,0,Yes,Yes,MA,Boston,42.49058086996652,-71.04857261881035
9391-LMANN,Male,0,No,Yes,IL,Chicago,41.82928541508262,-87.61799096290406
2430-USGXP,Male,0,Yes,No,IL,Chicago,41.878792874887516,-87.48868027589434
8174-TBVCF,Female,0,Yes,No,TX,Dallas,32.73836417926242,-96.91837539274675
1698-XFZCI,Male,0,No,No,GA,Atlanta,33.734477635368364,-84.27104683966448
1877-HKBQX,Female,0,No,No,TX,Houston,29.794464714628095,-95.44628463038423
4450-DLLMH,Male,0,No,No,IL,Chicago,41.84806551546184,-87.67156747166882
0428-AXXLJ,Male,0,No,No,TX,Houston,29.732460286076783,-95.51178529640111
2746-DIJLO,Female,0,No,No,AZ,Phoenix,33.33868676290107,-111.9687459425431
5955-ERIHD,Male,0,Yes,No,IL,Chicago,41.97069740296407,-87.55678647492904
0917-EZOLA,Male,1,Yes,No,WA,Seattle,47.61165782371371,-122.24623789545979
3508-VLHCZ,Female,0,Yes,Yes,FL,Miami,25.69447778036037,-80.17421545540967
4086-ATNFV,Female,0,Yes,Yes,CA,San Diego,32.657045845749884,-117.1103597678305
0468-YRPXN,Male,0,No,No,MA,Boston,42.22299187631393,-70.95177096745405
5996-NRVXR,Male,1,Yes,No,FL,Orlando,28.49254476120265,-81.29681091930809
3739-YBWAB,Male,0,Yes,No,AZ,Phoenix,33.3807790210934,-111.99477439240171
7047-FWEYA,Female,0,Yes,No,CA,San Diego,32.760396327928376,-117.08095415866732
2000-MPKCA,Female,0,No,No,WA,Seattle,47.56020801268162,-122.39922162430337
9762-YAQAA,Male,0,No,No,AZ,Phoenix,33.4191909246963,-112.10201259791008
5949-EBSQK,Male,0,Yes,Yes,CO,Denver,39.81971546209641,-105.10877267458456
5473-KHBPS,Female,0,Yes,Yes,TX,Dallas,32.860982805000255,-96.68103632911263
0100-DUVFC,Male,1,Yes,No,WA,Seattle,47.576800683727214,-122.28654187505566
5397-TUPSH,Male,1,Yes,No,FL,Miami,25.81297538770826,-80.25784026825897
8950-MTZNV,Male,0,No,No,TX,Austin,30.19414209094679,-97.60036863463964
0326-VDYXE,Female,0,Yes,No,MA,Boston,42.22081018758117,-70.959088227552
6773-LQTVT,Female,1,Yes,Yes,FL,Orlando,28.412645580538353,-81.29425135689532
7274-RTAPZ,Male,0,No,No,CA,San Diego,32.60715794729323,-117.12224878987314
0436-TWFFZ,Female,0,No,No,NY,New York,40.64110370862705,-73.99979998609459
8566-YPRGL,Female,0,No,No,CA,San Diego,32.654991211793764,-117.03362430561914
0311-UNPFF,Female,0,No,No,TX,Houston,29.67842092139458,-95.26802931532855
6609-MXJHJ,Female,0,Yes,Yes,MA,Boston,42.38012787524923,-71.0480237862426
2669-OIDSD,Female,0,Yes,No,NY,Buffalo,42.889102508295366,-79.00743182040904
8400-WZICQ,Female,0,Yes,Yes,NY,New York,40.6922936441777,-74.01726903111259
3834-XUIFC,Male,0,No,No,NY,New York,40.63614104201975,-73.96917932736595
9576-SYUHJ,Male,0,No,No,CA,San Diego,32.73371886102681,-117.02720174465858
0410-IPFTY,Female,0,Yes,No,NY,Buffalo,42.750931290724495,-78.83208285390113
2831-EBWRN,Male,0,No,No,TX,Austin,30.287660190327927,-97.6696734117135
9430-NKQLY,Male,0,Yes,Yes,WA,Seattle,47.74450125733403,-122.47227600804378
8414-MYSHR,Male,1,No,No,MA,Boston,42.45351748895946,-71.19670865680921
0247-SLUJI,Male,0,Yes,Yes,WA,Seattle,47.63810273820108,-122.22249421411729
9402-ORRAH,Female,1,No,No,AZ,Phoenix,33.395349694547924,-112.19517405388942
6483-OATDN,Male,0,Yes,Yes,NY,Buffalo,43.01559518387145,-78.96004245554576
1293-HHSHJ,Female,0,No,No,TX,Houston,29.876205168792325,-95.36417225090307
4840-ORQXB,Female,1,No,No,NY,New York,40.833156795540106,-73.9884122317786
7599-FKVXZ,Male,0,Yes,No,GA,Atlanta,33.7585436922863,-84.3825454504059
3982-DQLUS,Male,1,Yes,Yes,CO,Denver,39.79074709500291,-105.09765925102568
8610-ZIKJJ,Female,0,Yes,Yes,CA,San Diego,32.748192018137026,-117.28786550517836
3756-VNWDH,Male,1,Yes,No,TX,Dallas,32.87545155376822,-96.73574229795862
7801-KICAO,Female,0,No,No,AZ,Phoenix,33.43168025945067,-112.19816053976493
7673-LPRNY,Female,0,No,No,GA,Atlanta,33.78997392759749,-84.43654342631804
8229-TNIQA,Female,0,No,No,WA,Seattle,47.67011316843367,-122.39846753931944
6060-QBMGV,Male,0,Yes,No,TX,Houston,29.617281557573552,-95.22498869624897
7339-POGZN,Female,0,No,No,GA,Atlanta,33.87186650549192,-84.47113586396566
2828-SLQPF,Male,0,No,No,GA,Atlanta,33.8544925001287,-84.2456012605251
4465-VDKIQ,Female,0,No,No,WA,Seattle,47.7143391030605,-122.39147774062809
2921-XWDJH,Female,1,Yes,No,CA,San Diego,32.63996164498337,-117.02540789619704
6221-AVQYL,Male,0,No,No,NY,New York,40.681212966159976,-73.94281079789188
2558-BUOZZ,Male,0,No,No,GA,Atlanta,33.888327986402444,-84.4161315149997
9257-AZMTZ,Female,0,Yes,Yes,CO,Denver,39.71713431682861,-104.98252692856897
0003-MKNFE,Male,0,No,No,AZ,Phoenix,33.5291472621401,-112.13423009243643
0975-UYDTX,Female,0,Yes,No,GA,Atlanta,33.7729141800904,-84.30496287461912
7743-EXURX,Male,0,Yes,Yes,IL,Chicago,41.989231187859964,-87.71391477812507
4682-BLBUC,Male,0,Yes,No,FL,Orlando,28.66965333751638,-81.30932920184499
0975-VOOVL,Female,0,No,No,CA,San Francisco,37.77223228459731,-122.34083044273737
5968-VXZLG,Male,0,No,No,NY,Buffalo,42.939760196758606,-78.80337998523514
5569-KGJHX,Female,0,Yes,Yes,FL,Orlando,28.51990097879666,-81.23147284419244
4988-IQIGL,Male,1,No,No,MA,Boston,42.45922562550929,-70.9979281125184
5201-FRKKS,Male,0,No,No,AZ,Phoenix,33.50662299824249,-112.12154912381325
9799-CAYJJ,Female,1,Yes,No,GA,Atlanta,33.748490109257624,-84.48627359880808
7730-IUTDZ,Male,0,No,No,AZ,Phoenix,33.4859178546648,-112.12651379888634
0426-TIRNE,Female,0,No,No,FL,Orlando,28.628318219619615,-81.34922925201745
5443-SCMKX,Female,0,Yes,No,NY,New York,40.75816085840128,-74.10816508141296
8295-KMENE,Female,0,Yes,Yes,NY,New York,40.63820533023374,-73.94687758683412
6738-ISCBM,Male,0,No,No,WA,Seattle,47.69331868900625,-122.29181614054795
9821-BESNZ,Male,0,No,No,TX,Dallas,32.68699774467807,-96.88611014676111
3678-MNGZX,Male,0,Yes,Yes,AZ,Phoenix,33.4854254326831,-112.2206039636025
1335-NTIUC,Male,0,No,No,FL,Miami,25.676584614245375,-80.13661095303003
2916-BQZLN,Male,0,No,No,CA,Los Angeles,34.166657988044626,-118.37521985715196
4558-CGYCZ,Male,0,No,No,NY,Buffalo,42.76476443827397,-78.88686613247025
2368-GAKKQ,Female,0,No,No,FL,Orlando,28.498669341467867,-81.51566560734935
8710-YGLWG,Male,0,No,No,CO,Denver,39.78033659335561,-104.8963334146215
3199-XGZCY,Female,0,No,No,GA,Atlanta,33.84793363024036,-84.51494612549513
3785-KTYSH,Male,0,No,No,AZ,Phoenix,33.59505277062423,-111.97567362110925
6814-ZPWFQ,Male,1,No,No,NY,New York,40.80522914513541,-74.02911987968179
4063-EIKNQ,Male,0,Yes,Yes,IL,Chicago,41.77415737228153,-87.71814540328172
6993-YCOBK,Male,0,Yes,Yes,IL,Chicago,42.006474691233215,-87.64496313297003
5206-HPJKM,Male,0,No,No,CA,San Francisco,37.69387505826807,-122.38984783471302
7587-RZNME,Male,0,No,No,TX,Austin,30.145032532676744,-97.75384440406658
0748-RDGGM,Male,0,Yes,No,CA,San Francisco,37.71973380408777,-122.43764241126216
8393-JMVMB,Male,0,No,No,IL,Chicago,41.78464053915947,-87.6628730309849
5019-GQVCR,Male,1,No,No,FL,Miami,25.73399894505972,-80.2694191587124
6036-TTFYU,Female,0,Yes,No,FL,Miami,25.81333844825894,-80.11886093436858
2550-AEVRU,Female,0,Yes,Yes,MA,Boston,42.480211597038995,-71.02864250658493
0969-RGKCU,Male,0,Yes,Yes,TX,Houston,29.789363328050232,-95.37338821509906
0378-CJKPV,Female,0,Yes,No,FL,Miami,25.816310208271776,-80.24820550310027
4706-AXVKM,Female,1,No,No,CA,San Diego,32.65396199300223,-117.09286508081813
5889-JTMUL,Female,1,Yes,No,CA,San Francisco,37.74957371616483,-122.45581276198327
9026-RNUJS,Male,1,No,No,CA,San Diego,32.694901907179734,-117.27233218997115
3746-EUBYR,Male,0,Yes,No,AZ,Phoenix,33.44496715134131,-112.03103716968799
2332-EFBJY,Male,0,No,No,CA,San Diego,32.640413293631774,-117.07433134838075
2880-FPNAE,Male,1,Yes,No,GA,Atlanta,33.62232290928181,-84.40523350956153
1703-MGIAB,Female,0,No,No,WA,Seattle,47.4982221785929,-122.30006207988015
4311-QTTAI,Female,0,No,No,CA,Los Angeles,33.98444207209168,-118.38427154483425
9474-PHLYD,Female,0,No,No,TX,Austin,30.171790026537185,-97.86553471782018
4318-RAJVY,Female,0,No,No,FL,Miami,25.87760851620602,-80.22426143591363
2165-VOEGB,Female,0,No,Yes,IL,Chicago,41.96508199140649,-87.53825142582448
3612-YUNGG,Male,0,Yes,Yes,NY,New York,40.62961569290771,-74.07788877639935
2254-DLXRI,Female,0,No,No,WA,Seattle,47.557778347650334,-122.4094620100738
5062-CJJKH,Male,0,Yes,Yes,NY,Buffalo,42.952083009431995,-79.01203081714318
9028-LIHRP,Male,0,Yes,Yes,IL,Chicago,41.81180831171328,-87.486835361391
2219-MVUSO,Male,0,No,No,TX,Austin,30.148408204586126,-97.7878759943871
1053-MXTTK,Female,0,Yes,Yes,TX,Austin,30.410345255000063,-97.87960190344558
1530-ZTDOZ,Female,0,Yes,No,TX,Dallas,32.71441304799798,-96.73341106597012
1301-LOPVR,Male,0,Yes,Yes,MA,Boston,42.28107423518758,-71.08062075607634
0853-TWRVK,Male,0,Yes,No,CO,Denver,39.83923158478154,-105.03994868603567
8914-RBTSB,Male,0,Yes,No,FL,Miami,25.82691161475064,-80.17590787354935
6212-ATMLK,Female,0,No,No,CA,San Diego,32.86323834149486,-117.17203308584035
8200-LGKSR,Male,0,Yes,No,FL,Miami,25.72356488002278,-80.26237428554525
1568-BEKZM,Male,1,Yes,No,GA,Atlanta,33.69409400491232,-84.46722127497867
0670-ANMUU,Male,0,No,No,MA,Boston,42.312554656833846,-70.945155924233
6897-RWMUB,Male,0,Yes,Yes,CO,Denver,39.64610014316125,-105.11295818319189
0963-ZBDRN,Male,0,No,No,TX,Dallas,32.853701098256174,-96.82405652213951
7594-RQHXR,Female,0,No,Yes,CA,San Diego,32.67999966955869,-117.17846065185017
6999-CHVCF,Male,0,No,No,NY,Buffalo,42.77963861448611,-78.79397063328786
6134-KWTBV,Male,0,No,No,WA,Seattle,47.69881847027255,-122.18750292077232
1077-HUUJM,Female,0,No,Yes,FL,Miami,25.772410471115936,-80.185312733763
6331-EWIEB,Male,0,No,No,IL,Chicago,41.94616719224174,-87.62779421703884
0895-LNKRC,Male,0,Yes,Yes,CO,Denver,39.687011223930604,-105.13889942590906
2045-BMBTJ,Female,1,No,No,FL,Miami,25.703688229874814,-80.18324446313493
8417-GSODA,Male,0,Yes,Yes,NY,New York,40.60917126732001,-73.99175260825531
5171-EPLKN,Male,0,No,No,MA,Boston,42.41128261702623,-70.92968725825418
4452-QIIEB,Male,0,No,No,NY,New York,40.796693100332554,-74.04371990746651
5998-VVEJY,Male,0,No,No,AZ,Phoenix,33.5864626869228,-112.01108466471253
1624-NALOJ,Male,1,No,No,TX,Austin,30.245145370179994,-97.77802891243762
6741-EGCBI,Male,1,No,No,CA,San Francisco,37.88891317817218,-122.3437441554089
7820-ZYGNY,Male,0,No,No,GA,Atlanta,33.68317004120113,-84.23869626146107
4317-VTEOA,Male,0,No,No,FL,Miami,25.745650934622425,-80.29110194885696
9677-AVKED,Female,0,No,Yes,TX,Houston,29.829692731706857,-95.27874746518724
1670-SVOWZ,Female,0,Yes,Yes,IL,Chicago,41.938527037047166,-87.65072838917771
2227-JRSJX,Female,0,No,No,MA,Boston,42.34785539786021,-70.93642550693389
9847-HNVGP,Male,0,No,No,CA,San Diego,32.59843808461994,-117.04904314741587
6696-YDAYZ,Male,0,Yes,Yes,AZ,Phoenix,33.563139385764686,-112.0204565959712
8980-WQFWL,Female,0,No,No,TX,Houston,29.74718865368161,-95.23648145797704
1730-ZMAME,Female,1,No,No,FL,Miami,25.69370677566459,-80.09000499565705
6506-EYCNH,Female,0,Yes,Yes,MA,Boston,42.443690208902886,-71.07573739070224
4634-JLRJT,Female,0,No,No,FL,Miami,25.622894133377788,-80.15459718027198
9501-UKKNL,Male,0,No,No,CO,Denver,39.76988589220623,-104.96922221764817
2560-QTSBS,Female,0,Yes,Yes,CA,Los Angeles,34.05706387639821,-118.28142989169258
7541-YLXCL,Male,0,No,No,FL,Orlando,28.510336567951367,-81.33340903611631
4795-WRNVT,Female,0,No,No,WA,Seattle,47.55595049647547,-122.43035384785418
6080-TCMYC,Male,0,Yes,Yes,TX,Dallas,32.6302298560509,-96.90501350923819
0260-ZDLGK,Female,0,No,Yes,IL,Chicago,41.85477035502532,-87.69344658276137
7860-UXCRM,Male,0,Yes,Yes,TX,Houston,29.863237989555603,-95.22167172113116
6357-JJPQT,Female,0,No,No,NY,Buffalo,42.80191521905091,-78.98267478150426
2292-XQWSV,Male,0,Yes,Yes,IL,Chicago,41.88739543038719,-87.49945034021839
9552-TGUZV,Male,0,Yes,No,AZ,Phoenix,33.393239756040565,-112.09017364532079
5913-INRQV,Male,1,Yes,No,TX,Houston,29.75358558140885,-95.34536678789449
8722-NGNBH,Male,0,No,No,CA,San Diego,32.685685976349525,-117.07484102278073
6210-KBBPI,Male,1,No,No,AZ,Phoenix,33.45245090776471,-112.17364799939297
9643-YBLUR,Male,0,Yes,No,TX,Austin,30.323887929132965,-97.8689640629396
8734-FNWVH,Male,0,Yes,Yes,CA,San Diego,32.59220662093592,-117.24365863662011
9447-YPTBX,Female,0,Yes,No,TX,Dallas,32.773108084052836,-96.78612119964711
0133-BMFZO,Female,0,No,No,FL,Miami,25.88869988724289,-80.14057402959075
6128-CZOMY,Female,0,No,No,NY,New York,40.86170884344431,-73.95998711914453
9540-JYROE,Male,0,No,No,GA,Atlanta,33.656357499364155,-84.48451435137326
9026-LHEVG,Female,0,No,No,FL,Miami,25.665066289601906,-80.09062322207564
2260-USTRB,Female,1,No,No,TX,Houston,29.616449264346432,-95.41856396136482
3656-TKRVZ,Female,0,No,No,CO,Denver,39.88785576466406,-105.043906165382
7011-CVEUC,Male,0,Yes,No,FL,Miami,25.889098632257106,-80.06433421529378
6185-TASNN,Male,1,No,No,CA,San Diego,32.820919748195806,-117.02379711781062
7925-PNRGI,Female,0,Yes,Yes,WA,Seattle,47.71866680524863,-122.18907818349238
8623-TMRBY,Male,1,Yes,Yes,CA,Los Angeles,33.99694899140008,-118.29283124367737
1552-CZCLL,Female,0,Yes,Yes,FL,Orlando,28.54490744038383,-81.44822808115627
3038-PQIUY,Female,0,No,No,FL,Miami,25.855481279821255,-80.27120845114644
1501-SGHBW,Male,0,No,No,CA,San Diego,32.64289121301769,-117.0983524538635
9313-CDOGY,Male,0,Yes,Yes,CO,Denver,39.74336539316702,-105.03773748980154
8148-BPLZQ,Male,0,No,No,WA,Seattle,47.48630481493442,-122.21808018135398
2623-DRYAM,Female,0,Yes,No,CA,San Diego,32.71814736195332,-117.06324590029055
9987-LUTYD,Female,0,No,No,CA,San Diego,32.77191017587266,-117.14360425885828
3208-YPIOE,Male,0,No,No,TX,Austin,30.2012505673717,-97.8322230206709
4488-KQFDT,Female,0,No,No,CA,San Francisco,37.67483440538536,-122.3873065837154
2612-RANWT,Female,0,No,No,IL,Chicago,41.99362620010168,-87.63696550225175
5693-PIPCS,Male,0,No,No,CA,San Francisco,37.794316099933454,-122.42908001884989
0491-KAPQG,Male,0,No,No,TX,Austin,30.326982980258453,-97.63766044834203
1925-LFCZZ,Male,1,No,No,AZ,Phoenix,33.443946870718555,-112.00235558521612
8039-EQPIM,Male,0,Yes,No,MA,Boston,42.24473012049457,-71.06166337815958
6900-PXRMS,Male,1,Yes,Yes,IL,Chicago,41.74463988407171,-87.58495900836473
8707-RMEZH,Female,1,Yes,No,AZ,Phoenix,33.55599552320704,-112.06497851584399
3346-BRMIS,Female,1,Yes,No,FL,Miami,25.772008056298777,-80.09375414940135
3209-ZPKFI,Male,0,Yes,Yes,TX,Houston,29.87069128930627,-95.3657470265073
6479-VDGRK,Female,0,Yes,Yes,CO,Denver,39.85658643753836,-104.98473845816842
9373-WSLOY,Male,1,Yes,No,CA,San Francisco,37.84040666210435,-122.29787484292193
2933-FILNV,Female,0,Yes,Yes,CO,Denver,39.76477325499431,-104.95274194185585
3569-JFODW,Female,0,Yes,Yes,WA,Seattle,47.476809062474814,-122.19982417741372
9819-FBNSV,Male,1,Yes,No,NY,New York,40.75881835783157,-74.01597743425957
9544-PYPSJ,Female,1,Yes,Yes,NY,New York,40.63389537828911,-74.05957929073733
1591-XWLGB,Female,0,Yes,No,CA,San Francisco,37.75139485976208,-122.50953898228373
0396-UKGAI,Male,0,No,Yes,IL,Chicago,41.799491278354495,-87.68500034599506
3243-ZHOHY,Female,0,No,No,CA,San Francisco,37.62583232937878,-122.38242187792285
5186-EJEGL,Male,0,No,No,TX,Dallas,32.70612059782653,-96.81177928538594
7527-QNRUS,Male,0,Yes,Yes,TX,Houston,29.656561340577593,-95.41561765587352
9986-BONCE,Female,0,No,No,TX,Austin,30.194860034137385,-97.66107312651039
2722-JMONI,Female,1,Yes,No,MA,Boston,42.29535882259098,-71.11254932587792
2203-GHNWN,Female,0,Yes,No,TX,Austin,30.302302037662965,-97.88198240119245
3878-AVSOQ,Female,1,No,No,IL,Chicago,41.90158469366875,-87.69772169529708
3258-SYSWS,Male,1,No,No,FL,Miami,25.646654063444338,-80.28196716687106
5296-PSYVW,Female,0,Yes,No,MA,Boston,42.36018951186416,-71.19648252810059
6319-QSUSR,Female,0,No,Yes,IL,Chicago,41.738321354315445,-87.560349564912
4083-EUGRJ,Male,0,No,No,IL,Chicago,41.8131635122656,-87.74661205169895
7579-OOPEC,Female,1,Yes,No,FL,Miami,25.844318012770568,-80.10961154388829
0512-FLFDW,Female,1,Yes,No,IL,Chicago,41.79987685815284,-87.74591208811606
1771-OADNZ,Male,1,Yes,No,IL,Chicago,41.80157204713023,-87.53805212839107
0487-CRLZF,Female,0,No,No,TX,Dallas,32.77051720329157,-96.86752928683266
2107-FBPTK,Female,1,No,No,CA,Los Angeles,34.10658511530755,-118.20172035279047
9451-WLYRI,Female,0,Yes,No,NY,Buffalo,42.85185940008401,-78.86890424005735
8219-VYBVI,Male,0,No,Yes,CA,San Francisco,37.84313855525927,-122.44968201138893
1991-VOPLL,Female,0,No,No,NY,New York,40.75134505354217,-73.96229783097075
9738-QLWTP,Male,0,No,No,IL,Chicago,41.97941613422747,-87.62482170235926
1016-DJTSV,Male,1,No,No,MA,Boston,42.45727183016373,-70.94056470036969
9419-IPPBE,Female,0,Yes,Yes,CA,San Diego,32.61578908906208,-117.13045737985634
0174-QRVVY,Male,0,Yes,Yes,GA,Atlanta,33.72204237900355,-84.47173957974974
5699-BNCAS,Male,1,No,No,TX,Dallas,32.89683495541758,-96.84580715089386
2900-PHPLN,Female,1,Yes,No,CA,San Diego,32.84046260736003,-117.06631705549908
0612-RTZZA,Female,1,No,No,NY,New York,40.63377173755871,-73.9913656687338
8106-GWQOK,Male,0,Yes,No,AZ,Phoenix,33.51289626128657,-112.08979460858816
8751-EDEKA,Female,0,Yes,No,TX,Dallas,32.73632447021877,-96.83437412203773
6878-GGDWG,Female,0,Yes,No,CO,Denver,39.73205990518972,-105.02072802841597
4039-PIMHX,Male,1,Yes,No,TX,Austin,30.135437002860318,-97.84173020413388
8450-LUGUK,Female,0,Yes,Yes,IL,Chicago,41.904788972522425,-87.77466598939405
3604-WLABM,Female,0,No,No,NY,New York,40.76016418044576,-74.09877933710416
0795-GMVQO,Male,0,Yes,No,AZ,Phoenix,33.48758319998792,-112.18361023791317
2259-OUUSZ,Male,0,No,No,TX,Austin,30.358378459386266,-97.79627535275954
1142-IHLOO,Female,0,No,No,GA,Atlanta,33.783808529079415,-84.24760187843583
6410-LEFEN,Female,0,No,No,NY,Buffalo,42.967591673354434,-78.7626148114293
4633-MKHYU,Female,0,No,No,IL,Chicago,41.79017094511753,-87.61836439981396
6257-RJOHI,Male,0,No,No,IL,Chicago,41.77760749348651,-87.5206637058042
1545-JFUML,Male,0,Yes,No,MA,Boston,42.464801392508576,-70.96476806164104
3194-ORPIK,Female,0,Yes,Yes,CA,Los Angeles,34.140600326225204,-118.19032107272436
7826-VVKWT,Female,1,Yes,Yes,MA,Boston,42.2179009448913,-71.19550448152067
1353-GHZOS,Male,0,Yes,No,TX,Houston,29.68773826444626,-95.40314943174657
2587-EKXTS,Male,0,No,No,WA,Seattle,47.51436224480792,-122.30148542538267
5442-BXVND,Female,0,Yes,Yes,AZ,Phoenix,33.52139582144736,-112.00269076239331
8816-VXNZD,Female,0,No,No,NY,New York,40.579516685685796,-73.92262897730872
9378-FXTIZ,Female,0,Yes,No,TX,Dallas,32.68192987173951,-96.71557496839098
1723-HKXJQ,Male,0,No,No,FL,Miami,25.90469246907545,-80.15047725925842
7825-GKXMW,Female,0,No,No,FL,Miami,25.62769179808569,-80.26397378026559
9753-OYLBX,Female,0,No,No,NY,Buffalo,42.76174513514133,-78.79088977972745
2364-UFROM,Male,0,No,No,NY,New York,40.8110447006361,-74.14075146258202
6656-JWRQX,Female,0,No,No,AZ,Phoenix,33.42563897803405,-112.00959392690656
6473-ULUHT,Male,0,Yes,Yes,CA,San Francisco,37.83586635008531,-122.5084591794625
1240-KNSEZ,Male,0,No,No,NY,New York,40.583417790813286,-73.98595321556024
0836-SEYLU,Male,0,Yes,No,FL,Orlando,28.654973871658036,-81.25918884633788
4433-JCGCG,Male,1,Yes,No,TX,Houston,29.791928929326126,-95.43509422689128
3716-BDVDB,Male,0,No,No,FL,Miami,25.787207976553734,-80.26061762688653
7688-AWMDX,Male,0,Yes,No,CA,San Diego,32.855913805371166,-117.26193754661325
2842-BCQGE,Male,0,No,No,GA,Atlanta,33.605105258569985,-84.46187938807485
7244-QWYHG,Male,0,Yes,No,CO,Denver,39.8630550861383,-104.88322061639535
5899-MQZZL,Female,0,No,No,FL,Orlando,28.610836646569094,-81.35939697097788
6849-OYAMU,Male,0,Yes,Yes,CA,San Diego,32.70682277832125,-117.26066525822775
5312-UXESG,Female,0,No,No,NY,New York,40.5799925994212,-73.95562804822639
9488-HGMJH,Female,1,No,No,TX,Dallas,32.83854601402733,-96.92599203899229
6038-GCYEC,Female,0,No,No,CA,Los Angeles,33.993902292154566,-118.34152128263369
2150-WLKUW,Female,0,Yes,No,FL,Orlando,28.39232499828607,-81.28832857318477
7159-FVYPK,Female,0,Yes,Yes,FL,Orlando,28.487349710404093,-81.2641367009535
7032-LMBHI,Female,0,No,No,WA,Seattle,47.51373545598639,-122.47784724943807
1150-WFARN,Female,0,Yes,Yes,CA,San Francisco,37.68265610815081,-122.3386577796839
6088-BXMRG,Female,0,Yes,Yes,TX,Austin,30.254881117942926,-97.62494600296795
3144-AUDBS,Female,0,Yes,No,FL,Miami,25.666921195827513,-80.0840206610632
4821-SJHJV,Female,0,Yes,Yes,TX,Houston,29.72669908791048,-95.35894334673524
7346-MEDWM,Female,0,No,No,NY,Buffalo,42.96743394552936,-79.02297795902804
1137-DGOWI,Female,0,Yes,No,NY,New York,40.782820572862754,-74.12142235987861
5616-PRTNT,Male,0,No,Yes,CO,Denver,39.61284596142361,-105.06753080100827
3812-LRZIR,Female,0,Yes,Yes,NY,New York,40.616693555671205,-73.99294309153429
4818-QIUFN,Female,1,No,No,AZ,Phoenix,33.568322552841366,-112.00581653955234
9483-GCPWE,Male,0,No,Yes,GA,Atlanta,33.85601624392087,-84.53574591811484
4227-OJHAL,Female,0,Yes,Yes,AZ,Phoenix,33.35872887832234,-112.16871989514918
9220-CXRSC,Female,0,Yes,Yes,CA,San Francisco,37.83593122552352,-122.45935109000864
4993-JCRGJ,Male,0,No,No,MA,Boston,42.28453979168923,-71.20436141438655
9537-JALFH,Male,0,Yes,Yes,WA,Seattle,47.75066021152655,-122.26600600313404
6698-OXETB,Male,0,No,No,FL,Miami,25.775584787740677,-80.19720524328491
2103-ZRXFN,Male,0,No,No,FL,Miami,25.678069067402426,-80.1198488883933
3724-BSCVH,Male,0,Yes,Yes,NY,New York,40.71441298123008,-74.13768996911824
4877-TSOFF,Female,0,Yes,Yes,IL,Chicago,41.96225330687648,-87.72602728434504
9209-NWPGU,Male,0,No,No,TX,Austin,30.193852579176593,-97.65719345398782
6961-VCPMC,Male,1,Yes,No,AZ,Phoenix,33.470529617538496,-112.19591062531117
7306-YDSOI,Male,0,Yes,Yes,WA,Seattle,47.6930149746168,-122.45575915715396
5288-AHOUP,Male,1,No,No,GA,Atlanta,33.62343474382168,-84.5143877213297
6688-UZPWD,Female,0,Yes,No,CO,Denver,39.74217541182271,-105.01329426809635
0655-YDGFJ,Male,0,No,No,FL,Miami,25.72998071290986,-80.12469505869228
8468-EHYJA,Female,0,Yes,No,MA,Boston,42.263037517497025,-71.10407829887652
6823-SIDFQ,Male,0,No,No,TX,Austin,30.275705574450402,-97.5995923469091
1097-FSPVW,Female,0,No,No,CA,Los Angeles,33.973089291082815,-118.19933167970348
2839-RFSQE,Female,0,No,No,CA,San Diego,32.79935294090523,-117.18076505368795
8328-SKJNO,Male,0,No,Yes,GA,Atlanta,33.8688872296205,-84.40213705877073
7010-ZMVBF,Female,0,Yes,Yes,AZ,Phoenix,33.380607370619764,-112.01872756721578
5201-CBWYG,Male,0,Yes,Yes,WA,Seattle,47.52335343054461,-122.21691841231575
0968-GSIKN,Female,0,No,No,CO,Denver,39.6456170647736,-105.07934527486464
1965-DDBWU,Male,0,No,No,CA,San Francisco,37.851307901578686,-122.45114633762833
9057-SIHCH,Female,0,No,No,CA,San Diego,32.597770665803964,-117.05479492252945
6352-GIGGQ,Male,0,No,No,FL,Miami,25.889124025969828,-80.20297913782282
3635-QQRQD,Male,0,No,No,FL,Orlando,28.394263296365217,-81.32608429358842
6771-XWBDM,Female,0,Yes,No,WA,Seattle,47.57301012450894,-122.27473368058169
2897-DOVND,Male,0,No,No,IL,Chicago,41.99329162106676,-87.61770258206171
3082-YVEKW,Female,0,Yes,Yes,TX,Dallas,32.77109435546538,-96.8700065046514
0191-EQUUH,Female,0,No,Yes,NY,Buffalo,42.80888427675881,-79.02777602780377
7134-HBPBS,Female,1,No,No,CA,Los Angeles,34.0711332948763,-118.1903328185643
3489-HHPFY,Female,0,Yes,No,FL,Miami,25.746459799108337,-80.19327317368305
2926-JEJJC,Female,0,No,No,CO,Denver,39.6626701982818,-105.07867853075219
8601-QACRS,Female,0,No,No,FL,Miami,25.808078095850647,-80.24836758842459
4950-BDEUX,Male,0,No,No,FL,Orlando,28.607509463410164,-81.29315990976599
5789-LDFXO,Male,0,No,No,TX,Houston,29.680380788745474,-95.48847633390888
0508-OOLTO,Female,0,Yes,Yes,NY,Buffalo,42.98061078247022,-78.7373668960474
2984-TBYKU,Male,0,Yes,Yes,FL,Miami,25.83974634670792,-80.07148594286143
9822-WMWVG,Female,0,No,No,IL,Chicago,41.797801049797584,-87.75825801570747
2391-SOORI,Male,0,No,Yes,AZ,Phoenix,33.37902903065287,-112.07608965221169
9040-KZVWO,Male,0,No,No,FL,Orlando,28.67037576555289,-81.48497163696233
2645-QTLMB,Male,0,No,No,MA,Boston,42.42807171684152,-71.15354054486161
4806-HIPDW,Female,0,Yes,No,IL,Chicago,41.966958110279634,-87.7692277998881
1548-ARAGG,Female,0,Yes,Yes,NY,New York,40.67693522670076,-74.08274156243193
6339-RZCBJ,Male,0,No,No,GA,Atlanta,33.64607288919182,-84.38912110801826
4424-TKOPW,Male,1,No,No,TX,Houston,29.813929123448073,-95.39990168855401
4415-WNGVR,Female,1,Yes,No,WA,Seattle,47.639038585047714,-122.29804277925993
2522-AHJXR,Male,0,Yes,No,FL,Miami,25.81426544682151,-80.11402639569413
0412-UCCNP,Male,0,No,No,NY,Buffalo,42.74859928665309,-78.83569736711725
1816-FLZDK,Male,0,No,No,GA,Atlanta,33.64373670452255,-84.49396328758883
7096-UCLNH,Male,0,No,No,CA,Los Angeles,34.070147729578544,-118.32137771114053
8443-ZRDBZ,Male,0,No,No,TX,Austin,30.19646572949021,-97.80724868523875
9136-ALYBR,Male,0,No,No,FL,Miami,25.764100259582648,-80.13358990964846
4615-PIVVU,Female,0,No,No,FL,Orlando,28.65006979840033,-81.43342219776657
8885-QSQBX,Female,0,No,No,AZ,Phoenix,33.40511792096197,-111.99587967354248
7479-NITWS,Male,0,No,No,IL,Chicago,41.85340972604553,-87.72544921632172
8617-ENBDS,Male,0,No,No,TX,Dallas,32.65232226371355,-96.82975986838743
9385-NXKDA,Female,0,Yes,No,AZ,Phoenix,33.52513227035583,-112.20029179545611
0430-IHCDJ,Male,0,No,No,CA,San Francisco,37.91416570923376,-122.54037865023577
2959-MJHIC,Male,0,Yes,No,TX,Dallas,32.73167556146656,-96.6897418929911
6674-KVJHG,Female,0,No,No,TX,Austin,30.127873883620104,-97.84800730545697
1814-DKOLC,Female,0,No,No,CO,Denver,39.591149960643236,-105.04000488455651
4201-JMNGR,Female,1,No,No,TX,Dallas,32.71253177569409,-96.81070947000627
9351-HXDMR,Male,0,Yes,No,MA,Boston,42.405344443408154,-70.98927603264718
3537-HPKQT,Female,0,Yes,No,AZ,Phoenix,33.58260862593606,-112.0551074054129
2129-ALKBS,Female,0,Yes,Yes,CA,Los Angeles,33.955469165395755,-118.20834400815565
5821-MMEIL,Female,0,Yes,No,NY,New York,40.65978338884811,-73.96039308572789
5960-WPXQM,Male,0,No,No,GA,Atlanta,33.65531558298513,-84.50710672316343
0684-AOSIH,Male,0,Yes,No,TX,Dallas,32.85052913611992,-96.90944779762071
8260-NGFNY,Female,0,No,No,AZ,Phoenix,33.575203146522625,-112.1052404012171
1309-XGFSN,Male,1,Yes,Yes,AZ,Phoenix,33.43384406049269,-112.10347591943334
1866-RZZQS,Male,1,No,No,CA,San Diego,32.81368711020523,-117.11485055120947
6968-URWQU,Male,0,Yes,No,FL,Miami,25.788698590796148,-80.18809517038763
4742-TXUEX,Female,0,Yes,Yes,IL,Chicago,41.819250909631506,-87.77220966055177
9631-XEYKE,Male,0,No,No,TX,Houston,29.745003771663445,-95.36932646225202
8631-NBHFZ,Male,1,Yes,Yes,NY,Buffalo,42.99167586272805,-78.8635698829254
1335-MXCSE,Male,0,Yes,Yes,CA,San Diego,32.59359464433173,-117.09213615259617
8873-TMKGR,Male,0,No,No,TX,Dallas,32.74975932882763,-96.76061485735445
8800-JOOCF,Female,0,No,Yes,MA,Boston,42.290109298038836,-71.13318637579265
1469-LBJQJ,Female,0,Yes,No,WA,Seattle,47.490656531727815,-122.3415429478288
4958-XCBDQ,Male,1,No,No,TX,Austin,30.2667676756122,-97.65218496634317
8337-UPOAQ,Male,1,Yes,No,AZ,Phoenix,33.47227919503153,-111.96516940645117
0064-YIJGF,Male,0,Yes,Yes,CO,Denver,39.77163642788538,-104.9055534605037
2386-OWURY,Female,0,No,No,CA,San Francisco,37.64609525255917,-122.54217542014325
1725-IQNIY,Male,0,Yes,No,CO,Denver,39.688971177420996,-105.09167770473294
0310-VQXAM,Male,0,No,No,TX,Houston,29.897224679046083,-95.37952995138384
6598-RFFVI,Male,0,No,No,TX,Austin,30.12201958450955,-97.69699536880415
3453-RTHJQ,Male,0,No,No,CO,Denver,39.784416999843565,-105.0233200013265
6712-OAWRH,Female,1,No,No,TX,Austin,30.322623062366166,-97.88716862948733
6278-FEPBZ,Female,0,No,No,WA,Seattle,47.53467701988919,-122.24371881366902
4280-DLSHD,Male,0,Yes,No,GA,Atlanta,33.69226523372125,-84.28854778590043
1508-DFXCU,Male,0,No,No,MA,Boston,42.45704022460971,-71.06898213943508
8614-VGMMV,Female,0,No,No,AZ,Phoenix,33.329123687760045,-112.08000223411051
7868-BGSZA,Male,0,Yes,No,CA,San Francisco,37.87566167528941,-122.28703223705963
2800-QQUSO,Male,0,No,No,NY,Buffalo,42.7793994140823,-78.94016440474057
2930-UOTMB,Female,0,No,No,TX,Dallas,32.884407321922154,-96.9227865815078
7973-DZRKH,Female,0,No,Yes,GA,Atlanta,33.65622337090905,-84.3521402366977
5914-DVBWJ,Female,1,No,No,TX,Houston,29.718863699865626,-95.42170842680186
7698-YFGEZ,Male,0,No,No,GA,Atlanta,33.87572246225223,-84.50791936921156
2533-QVMSK,Male,0,Yes,No,WA,Seattle,47.66413694235834,-122.45166578073415
9773-PEQBZ,Male,0,No,No,MA,Boston,42.50836057360036,-70.93183556292534
8644-XLFBW,Male,1,No,No,WA,Seattle,47.75310425568805,-122.2958786663849
0650-BWOZN,Female,1,No,No,MA,Boston,42.408307689645596,-71.15953356686138
8625-AZYZY,Male,0,Yes,No,AZ,Phoenix,33.47371940977426,-112.1993096524356
7785-RDVIG,Female,0,Yes,Yes,TX,Houston,29.89991403364778,-95.4375299674866
9602-WCXPI,Male,0,No,No,TX,Dallas,32.71094304984603,-96.79842583901132
2903-YYTBW,Male,0,Yes,Yes,TX,Austin,30.287738406740004,-97.83989190829067
3620-MWJNE,Male,0,No,No,FL,Miami,25.875978299591992,-80.21376549891654
8573-JGCZW,Male,0,No,No,CA,San Diego,32.74909989874665,-117.14160030237224
6837-HAEVO,Male,0,Yes,Yes,TX,Houston,29.677090744077198,-95.47748747945126
6701-YVNQG,Male,0,Yes,No,MA,Boston,42.38391613901637,-70.9223794778234
9306-CPCBC,Female,0,No,No,AZ,Phoenix,33.308358858289246,-112.12467976009395
4304-XUMGI,Male,1,Yes,Yes,CA,Los Angeles,34.12944622305034,-118.19653849326261
9504-YAZWB,Female,0,No,No,TX,Dallas,32.85946272560984,-96.80077616855901
8819-ZBYNA,Female,0,Yes,No,FL,Orlando,28.496648503375095,-81.24926063911953
6174-NRBTZ,Male,0,No,No,WA,Seattle,47.73923107396335,-122.32941726612881
9481-IEBZY,Male,1,Yes,No,GA,Atlanta,33.658744947383866,-84.42839701429864
1833-VGRUM,Female,1,No,No,FL,Miami,25.7655012490377,-80.1833838571022
6137-NICCO,Female,0,Yes,Yes,CA,Los Angeles,33.919435125549704,-118.29892695703948
9065-ZCPQX,Male,0,Yes,No,MA,Boston,42.50706010978787,-71.129928159129
6402-EJMWF,Male,0,No,No,FL,Orlando,28.60298419059669,-81.33196688872503
3620-EHIMZ,Female,0,Yes,Yes,FL,Miami,25.776676554562915,-80.08646307961827
3213-VVOLG,Male,0,Yes,Yes,CA,Los Angeles,33.96112120745004,-118.38596342772641
6870-ECSHE,Female,0,No,No,GA,Atlanta,33.853571855981684,-84.4181724876195
8747-UDCOI,Female,0,Yes,No,CA,San Diego,32.74055952939605,-117.30492554609971
8374-XGEJJ,Male,1,Yes,No,CO,Denver,39.849060282216215,-104.85469340485169
2656-TABEH,Male,0,Yes,No,CA,San Francisco,37.85319026486054,-122.42512627359636
6946-LMSQS,Male,1,Yes,No,NY,New York,40.804381304422584,-74.04004635654174
4626-OZDTJ,Female,0,Yes,No,WA,Seattle,47.49962146116191,-122.36197913960235
9169-BSVIN,Male,0,No,No,NY,Buffalo,42.97492277326203,-78.84039446878606
2325-ZUSFD,Female,0,Yes,Yes,NY,Buffalo,42.81085417325503,-78.92774017451849
8194-PEEBY,Female,0,Yes,Yes,IL,Chicago,41.82070887306117,-87.60841065338751
6872-HXFNF,Female,0,Yes,No,NY,New York,40.80215118202028,-74.09443947216946
3932-CMDTD,Female,0,No,No,WA,Seattle,47.71383671672976,-122.35746204702554
7714-YXSMB,Female,0,No,No,IL,Chicago,41.93979610245262,-87.65699242629101
8387-UGUSU,Female,0,Yes,Yes,NY,Buffalo,42.77320334177623,-78.98492386940795
1080-BWSYE,Male,1,Yes,No,NY,Buffalo,42.830109970401374,-78.7657844960179
4039-HEUNW,Male,1,Yes,No,AZ,Phoenix,33.48070547306861,-112.22339886919576
1194-HVAIF,Female,0,Yes,No,FL,Miami,25.700441904093328,-80.2752511210487
0812-WUPTB,Male,1,Yes,No,FL,Orlando,28.490472081808598,-81.44701428606295
3594-UVONA,Female,0,No,No,NY,Buffalo,43.03464458550283,-79.01986453610428
0004-TLHLJ,Male,0,No,No,IL,Chicago,41.99619214358272,-87.59473769668394
1767-TGTKO,Female,0,Yes,Yes,CA,Los Angeles,34.11648152318972,-118.3901869817583
8439-LTUGF,Male,0,No,No,IL,Chicago,41.821531499126,-87.65202849413502
8805-JNRAZ,Female,0,No,No,CO,Denver,39.76917343949093,-104.91425082877032
5089-IFSDP,Female,0,Yes,No,CA,San Francisco,37.6756064749813,-122.47056204642568
6418-HNFED,Male,0,Yes,No,CO,Denver,39.82626644403084,-104.93790787396371
0206-OYVOC,Female,0,Yes,Yes,WA,Seattle,47.460717021097764,-122.18316712262629
7291-CDTMJ,Male,0,No,No,TX,Dallas,32.79019376319461,-96.85931075967449
7128-GGCNO,Male,0,No,No,CA,Los Angeles,34.19198851502609,-118.36723575978851
0237-YFUTL,Female,0,Yes,No,TX,Houston,29.760732075113662,-95.35079204553763
7691-KGKGP,Male,0,Yes,Yes,TX,Houston,29.70134932419857,-95.25242321483991
6710-HSJRD,Male,0,Yes,No,TX,Houston,29.78023562528331,-95.34819177336655
3675-EQOZA,Male,0,No,No,FL,Orlando,28.591996392096476,-81.28206286601184
0840-DCNZE,Male,0,No,No,WA,Seattle,47.54945462594657,-122.30751982578758
1732-FEKLD,Female,0,No,No,TX,Austin,30.123923962224776,-97.86679392477045
9862-KJTYK,Male,0,No,Yes,TX,Austin,30.37347807266142,-97.73279034990566
0479-HMSWA,Female,0,No,Yes,AZ,Phoenix,33.4743651957707,-112.02199232639316
5854-KSRBJ,Male,0,Yes,Yes,MA,Boston,42.31818994878828,-70.99253292348162
0365-BZUWY,Male,0,Yes,No,TX,Dallas,32.81777105431947,-96.89637918480801
4817-VYYWS,Female,0,No,No,NY,New York,40.815448905996845,-73.88771668091371
5701-SVCWR,Female,0,No,Yes,AZ,Phoenix,33.36110540124367,-112.15066115172976
3129-AAQOU,Female,0,Yes,Yes,AZ,Phoenix,33.44288386180834,-112.00656390791978
4922-CVPDX,Female,0,Yes,No,TX,Houston,29.809155522186018,-95.37386872482931
1396-QWFBJ,Female,0,Yes,Yes,MA,Boston,42.35197982701129,-71.09556807427197
1357-BIJKI,Male,0,Yes,No,AZ,Phoenix,33.44694551421139,-112.02932924435996
1099-BTKWT,Female,0,Yes,No,AZ,Phoenix,33.35909534445603,-112.02328710066071
5299-SJCZT,Male,0,No,No,FL,Orlando,28.502900354087163,-81.39613747189304
2018-PZKMU,Male,0,Yes,Yes,CA,San Diego,32.582390215661356,-117.20145304109386
7340-KEFQE,Female,0,Yes,Yes,CA,San Francisco,37.70427494055264,-122.40978216730964
4570-QHXHL,Female,0,No,No,FL,Orlando,28.49784731864923,-81.43636861296753
2403-BCASL,Male,1,Yes,Yes,TX,Dallas,32.91470706070271,-96.88326421080792
7392-YYPYJ,Male,0,No,No,IL,Chicago,42.002876011829144,-87.65212525074699
2898-LSJGD,Female,0,Yes,Yes,CA,Los Angeles,34.142563841384415,-118.32373492945653
2223-GDSHL,Male,0,Yes,Yes,WA,Seattle,47.45754599723166,-122.26477639582748
7359-PTSXY,Male,0,No,No,AZ,Phoenix,33.48998539621762,-111.93523555805746
9470-RTWDV,Male,0,Yes,Yes,WA,Seattle,47.72834837710921,-122.1969265451847
2176-OSJUV,Male,0,Yes,No,NY,New York,40.76551652642971,-73.88712213961166
9348-YVOMK,Male,0,No,No,CO,Denver,39.79354900316728,-105.09096016106976
8104-OSKWT,Female,0,No,No,FL,Miami,25.69808678714594,-80.34141530122186
4521-YEEHE,Female,0,Yes,No,IL,Chicago,41.80930470853466,-87.6468729552829
4090-KPJIP,Female,0,No,No,CA,San Francisco,37.89237388891331,-122.32834683671328
3786-WOVKF,Female,1,Yes,No,WA,Seattle,47.497826329245264,-122.33180074172198
4503-BDXBD,Male,0,No,No,CA,San Diego,32.60102936109493,-117.20488175702049
6086-ESGRL,Female,0,No,No,CO,Denver,39.76539683759375,-105.13297732017809
2592-HODOV,Male,0,No,No,CA,San Francisco,37.823638480854264,-122.51029628242017
3886-CERTZ,Female,0,Yes,No,TX,Dallas,32.835546253308266,-96.93933362368234
7995-ZHHNZ,Male,0,Yes,No,FL,Orlando,28.595528054523744,-81.3550724240064
3824-RHKVR,Female,0,No,No,MA,Boston,42.333549594460905,-71.18980676978963
5816-SCGFC,Female,1,No,No,CA,San Francisco,37.68793610683294,-122.29961014524801
5989-AXPUC,Female,0,Yes,No,MA,Boston,42.235872294145885,-71.08846444291443
4979-HPRFL,Male,0,Yes,Yes,WA,Seattle,47.46852256120658,-122.39531588508314
8590-OHDIW,Female,0,Yes,Yes,TX,Dallas,32.89710774760319,-96.68398707847955
8015-IHCGW,Female,0,Yes,Yes,IL,Chicago,41.95006025481868,-87.75102387231128
2332-TODQS,Female,0,No,No,IL,Chicago,41.99068491000011,-87.72584393232798
9278-VZKCD,Female,1,Yes,No,WA,Seattle,47.61810224222438,-122.42858213319792
8008-OTEZX,Female,0,Yes,Yes,NY,New York,40.68393973830142,-74.12721402122389
2773-OVBPK,Male,0,Yes,No,NY,New York,40.61696061222509,-74.09319681758805
5999-LCXAO,Female,0,No,No,CA,Los Angeles,34.096698131560395,-118.12139477293238
5206-XZZQI,Male,0,No,No,FL,Orlando,28.408319228629455,-81.37559095592312
4803-LBYPN,Male,0,Yes,Yes,CA,San Francisco,37.7104194830159,-122.55574823764103
5759-RCVCB,Female,0,No,No,IL,Chicago,41.95564580570581,-87.53007751419479
6372-RFVNS,Female,0,Yes,No,CA,San Diego,32.81624982815409,-117.14406574175663
2139-FQHLM,Male,0,No,No,FL,Miami,25.772919202959386,-80.1725273139516
8261-GWDBQ,Female,1,Yes,No,CO,Denver,39.68443263405519,-104.8525546977652
1093-YSWCA,Male,0,No,No,NY,Buffalo,42.84287199289833,-78.88107575445747
8938-UMKPI,Female,0,No,No,AZ,Phoenix,33.500840751626974,-112.20028228426305
0991-BRRFB,Male,0,No,No,MA,Boston,42.31396430987198,-70.92519906140703
3882-IYOIJ,Female,0,Yes,Yes,CA,Los Angeles,34.08397373136045,-118.10155203248254
8749-TZYEC,Male,0,Yes,No,CO,Denver,39.689576687006884,-105.11453014559889
1755-FZQEC,Male,0,No,No,TX,Dallas,32.642131285805206,-96.65055950611935
3115-JPJDD,Female,0,Yes,No,WA,Seattle,47.67766724948938,-122.22139492667563
5600-KTXFM,Male,0,Yes,Yes,TX,Houston,29.6688687696261,-95.24478414620616
3871-IKPYH,Male,1,No,No,CO,Denver,39.876978765185946,-104.88159207096159
6319-IEJWJ,Male,0,Yes,Yes,TX,Austin,30.164833254314583,-97.88688582092195
9025-AOMKI,Female,0,No,No,TX,Dallas,32.81506601310037,-96.64774382356163
6339-TBELP,Male,0,No,No,GA,Atlanta,33.627491787699554,-84.30734542116369
7964-YESJC,Female,0,Yes,No,NY,Buffalo,42.960938279028476,-78.79885110295922
6173-GOLSU,Male,1,Yes,No,TX,Dallas,32.827621606576095,-96.69015399620055
5275-SQEIZ,Male,0,No,No,CA,Los Angeles,34.100211142656,-118.09842013531592
7716-YTYHG,Female,0,Yes,Yes,NY,Buffalo,42.853825492250216,-78.84032420412521
9938-ZREHM,Female,0,Yes,No,TX,Houston,29.61884168384938,-95.30984985350176
7950-XWOVN,Male,0,No,No,MA,Boston,42.28001347238396,-71.0485545082353
4390-KYULV,Male,0,Yes,No,FL,Miami,25.777783211520035,-80.12119140832661
4647-MUZON,Female,0,Yes,No,MA,Boston,42.456448903937826,-70.9448848142502
9702-AIUJO,Male,0,Yes,Yes,WA,Seattle,47.691578314856756,-122.37685560983155
8849-PRIQJ,Female,0,Yes,Yes,FL,Orlando,28.56105666573579,-81.4332426536468
8851-RAGOV,Female,0,Yes,No,TX,Austin,30.320243907310857,-97.6648794677164
1304-NECVQ,Female,1,No,No,FL,Orlando,28.549059078652327,-81.35321644092515
5396-IZEPB,Male,0,No,No,CA,San Diego,32.771918951810264,-117.19963528291736
1729-VLAZJ,Female,0,No,Yes,TX,Houston,29.69498385805057,-95.23255315764828
8285-ABVLB,Female,0,Yes,No,TX,Houston,29.671739920196604,-95.360644268344
0701-TJSEF,Male,0,No,No,TX,Dallas,32.759143213320755,-96.8693709982149
5712-VBOXD,Female,0,No,No,IL,Chicago,41.82229430484223,-87.66203118900042
6629-LADHQ,Female,0,No,No,FL,Orlando,28.452820806398698,-81.30828871292101
8945-GRKHX,Female,0,No,Yes,NY,Buffalo,43.0314615180896,-78.85371156777082
1559-DTODC,Male,0,No,No,GA,Atlanta,33.84773389128601,-84.31086131969698
4797-MIWUM,Male,0,Yes,Yes,CA,San Francisco,37.872570372097506,-122.54980575641001
6959-UWKHF,Male,0,No,No,FL,Miami,25.829306397400373,-80.19346153903838
8720-RQSBJ,Male,1,No,No,CA,San Francisco,37.708836571254764,-122.52706562069739
4537-CIBHB,Female,0,Yes,Yes,GA,Atlanta,33.69463306516206,-84.45233954566926
3815-SLMEF,Female,0,No,No,NY,New York,40.75851290143914,-73.96748835853482
5154-VEKBL,Female,0,No,No,CA,Los Angeles,34.09775248148401,-118.1766252043756
4324-AHJKS,Female,0,No,No,MA,Boston,42.22842693761506,-70.9626780303118
4355-CVPVS,Female,0,Yes,Yes,CA,Los Angeles,34.138292658183325,-118.1008390949289
4495-LHSSK,Female,0,No,Yes,MA,Boston,42.50358525045885,-71.08113167282836
5655-JSMZM,Male,1,No,No,GA,Atlanta,33.64959731420885,-84.3282299541456
5915-ANOEI,Male,0,Yes,No,CA,Los Angeles,33.935178927652665,-118.28000326695728
9861-PDSZP,Female,0,No,No,FL,Orlando,28.441535813943762,-81.28044153800599
4505-EXZHB,Female,1,No,No,NY,Buffalo,42.7427455051852,-78.98101927662664
7225-CBZPL,Male,1,Yes,No,TX,Houston,29.862903425253982,-95.35620945760996
6704-UTUKK,Male,0,Yes,No,TX,Dallas,32.62881125775983,-96.92837804462847
4587-VVTOX,Female,0,Yes,No,TX,Dallas,32.75963838627425,-96.81386860931049
2019-HDCZY,Male,0,Yes,No,FL,Miami,25.89034182208912,-80.18110179309434
4652-NNHNY,Male,0,Yes,No,TX,Houston,29.647162248166726,-95.2447818742244
8788-DOXSU,Male,0,No,No,IL,Chicago,41.82832659684578,-87.55331271739294
7404-JLKQG,Female,0,No,No,NY,New York,40.71870433772377,-74.14210020125125
7421-ZLUPA,Female,0,No,No,CA,San Francisco,37.67555350722899,-122.45589869482974
8972-HJWNV,Female,1,Yes,No,CA,San Francisco,37.90925410299013,-122.38782341585873
3274-NSDWE,Female,0,No,No,NY,New York,40.7482687822872,-74.10171320059486
2632-IVXVF,Female,0,Yes,Yes,TX,Dallas,32.87128064600342,-96.69085343170266
3692-JHONH,Female,1,Yes,No,FL,Miami,25.90772317519385,-80.18584835604157
8915-NNTRC,Male,0,Yes,Yes,WA,Seattle,47.71376757127246,-122.30347805351434
5914-GXMDA,Female,0,Yes,No,WA,Seattle,47.564660974899354,-122.41760266596759
7463-IFMQU,Female,0,Yes,No,FL,Orlando,28.597080880885926,-81.36737660189239
2920-RNCEZ,Male,0,Yes,Yes,TX,Houston,29.767778069887743,-95.25228341762582
2541-YGPKE,Male,0,Yes,Yes,TX,Houston,29.878383971983403,-95.39977578222455
8515-OCTJS,Female,0,No,No,FL,Orlando,28.43473231436338,-81.4424464618534
5382-TEMLV,Male,0,No,No,TX,Houston,29.767598320518793,-95.39124079023806
3441-CGZJH,Female,0,Yes,Yes,NY,New York,40.815710256460605,-74.10440872965674
9592-ERDKV,Male,0,Yes,No,WA,Seattle,47.63279317393864,-122.1930392611296
2860-RANUS,Female,1,No,No,NY,New York,40.79424347610133,-74.05624796283566
5261-QSHQM,Female,0,No,No,TX,Dallas,32.921943338633625,-96.911802321152
4778-IZARL,Male,0,Yes,No,NY,New York,40.74743238897273,-74.11139532169933
0432-CAJZV,Male,0,No,No,FL,Orlando,28.666065671327882,-81.36250368735442
7008-LZVOZ,Male,0,Yes,Yes,NY,Buffalo,43.016529734689676,-78.98305322671983
8868-WOZGU,Male,0,No,No,MA,Boston,42.45095057342244,-71.0747419179228
1200-TUZHR,Female,1,No,No,FL,Miami,25.738479995275892,-80.06819676450749
9365-CSLBQ,Male,0,No,Yes,CA,Los Angeles,33.93820945212924,-118.3907929068674
1334-FJSVR,Male,0,No,No,AZ,Phoenix,33.31330419366803,-112.2127009861392
5884-FBCTL,Female,0,Yes,Yes,CO,Denver,39.71477265931065,-104.98677817190259
7130-CTCUS,Male,1,Yes,No,NY,Buffalo,43.03544024306844,-78.85145703682501
6242-FEGFD,Male,0,Yes,No,CA,San Francisco,37.7387115359557,-122.36081543286184
7625-XCQRH,Female,0,No,No,MA,Boston,42.252357425930775,-71.15907714194266
6194-HBGQN,Male,0,No,No,CO,Denver,39.61204388883626,-104.99518304677672
7634-WSWDB,Female,0,No,Yes,GA,Atlanta,33.66019022023187,-84.43611547824968
6986-IXNDM,Male,0,No,No,TX,Austin,30.25528847343965,-97.83702488101702
1731-TVIUK,Female,0,No,No,GA,Atlanta,33.68020300946983,-84.4471584210305
2987-BJXIK,Female,0,No,No,NY,Buffalo,42.8710943440066,-79.00258569081544
9769-TSBZE,Female,0,No,Yes,MA,Boston,42.36846311974163,-71.17056610071442
0406-BPDVR,Female,1,Yes,No,NY,Buffalo,42.786408596514114,-78.73264712171762
0618-XWMSS,Male,0,No,Yes,NY,Buffalo,42.881899635679545,-78.73484705352723
1395-WSWXR,Male,0,No,No,CA,Los Angeles,34.05047030476275,-118.21829970504237
6023-GSSXW,Female,0,Yes,No,CA,San Francisco,37.86246625726384,-122.43295962230411
6752-APNJL,Male,0,Yes,Yes,AZ,Phoenix,33.52120655589709,-111.92653880006785
5276-KQWHG,Female,1,No,No,MA,Boston,42.44342708323849,-71.16471404237596
0420-HLGXF,Female,1,No,No,FL,Orlando,28.57542053586762,-81.39960433189944
7446-KQISO,Male,0,Yes,Yes,TX,Dallas,32.67230368576013,-96.69810890071643
9823-EALYC,Male,0,Yes,Yes,CA,San Francisco,37.78654638411682,-122.56560613566934
0582-AVCLN,Female,0,No,No,MA,Boston,42.353963605637034,-70.94037122515552
5803-NQJZO,Male,0,Yes,No,CA,San Francisco,37.84948988899779,-122.33468250965964
2565-JSLRY,Male,0,No,No,GA,Atlanta,33.84958102560139,-84.5257918593455
2607-DHDAK,Male,0,Yes,Yes,WA,Seattle,47.59772585321843,-122.36618616692685
1073-XXCZD,Male,0,Yes,No,FL,Miami,25.793466249518712,-80.2669203310215
0743-HRVFF,Female,0,Yes,Yes,MA,Boston,42.259060723605984,-70.99975199981299
4006-HKYHO,Male,0,No,No,NY,New York,40.77830394242744,-73.9182833849135
3727-JEZTU,Female,0,No,No,GA,Atlanta,33.78714161479131,-84.37243189949803
8143-ETQTI,Female,0,Yes,Yes,MA,Boston,42.469975907652554,-70.93777687928736
6689-KXGBO,Female,0,No,No,NY,New York,40.65635066289763,-74.11639700217151
9667-TKTVZ,Female,0,No,No,NY,Buffalo,42.82936981798487,-78.76190487499223
3657-COGMW,Female,1,No,No,AZ,Phoenix,33.41790043930448,-112.13711630837749
8570-KLJYJ,Female,0,No,No,NY,New York,40.84411024330041,-73.99570861199837
7754-IXRMC,Female,0,No,No,IL,Chicago,42.0116183548785,-87.71091421567263
9473-CBZOP,Female,0,No,No,CO,Denver,39.825973559342174,-104.84815417378553
2969-WGHQO,Female,0,Yes,Yes,WA,Seattle,47.45951066234327,-122.2289864453124
6615-NGGZJ,Male,0,No,No,FL,Orlando,28.449782770921352,-81.25781544207817
4334-HOWRP,Male,1,Yes,No,IL,Chicago,41.90823964909555,-87.49755498288762
4255-DDUOU,Female,0,Yes,Yes,AZ,Phoenix,33.34386777758772,-112.04845496052813
5863-OOKCL,Female,0,No,No,CA,San Francisco,37.85168866494243,-122.44008701643082
1686-STUHN,Male,0,No,No,AZ,Phoenix,33.47293308969705,-112.05293696871107
1329-VHWNP,Female,0,No,No,CA,San Diego,32.78697117947712,-117.05996621424678
2984-MIIZL,Male,0,No,No,NY,New York,40.793319371409396,-74.07478151010578
0266-GMEAO,Male,0,Yes,Yes,TX,Austin,30.361591330150357,-97.67390823307133
5590-YRFJT,Female,0,Yes,No,CO,Denver,39.831593520658615,-105.13289084300287
5574-NXZIU,Male,0,No,No,AZ,Phoenix,33.381047519242024,-112.13257604473496
0019-GFNTW,Female,0,No,No,CO,Denver,39.67181217063921,-104.91456049510998
4256-ZWTZI,Female,0,No,Yes,GA,Atlanta,33.73335828144891,-84.36832435027463
8309-PPCED,Female,0,Yes,No,CA,San Francisco,37.66155666976525,-122.27664423539385
4098-NAUKP,Male,1,Yes,Yes,AZ,Phoenix,33.39427273932352,-111.98736458901598
5196-WPYOW,Male,0,Yes,Yes,CA,Los Angeles,34.118057231611594,-118.25372806494349
4608-LCIMN,Male,0,Yes,Yes,CA,San Francisco,37.70423727807919,-122.38962473221514
1485-YDHMM,Male,0,Yes,Yes,MA,Boston,42.34235217342026,-71.13687945724352
4054-CUMIA,Female,0,Yes,Yes,CA,San Diego,32.84288106609303,-117.1723774976178
0603-TPMIB,Female,0,Yes,Yes,WA,Seattle,47.71012951337113,-122.46199351468597
2525-GVKQU,Female,0,No,No,CA,Los Angeles,34.01932461882034,-118.38272610797958
8161-QYMTT,Male,0,No,No,MA,Boston,42.267030398044575,-70.99056278742822
9581-GVBXT,Male,0,Yes,Yes,CA,San Diego,32.58181562623983,-117.21402907429284
5862-BRIXZ,Male,0,No,No,CA,Los Angeles,34.181762734150524,-118.13011354705479
5404-GGUKR,Male,0,No,No,CA,Los Angeles,34.02079728838203,-118.25857907832847
3308-JSGML,Male,1,Yes,No,TX,Dallas,32.91335105393942,-96.80455411605621
2126-GSEGL,Female,0,Yes,No,AZ,Phoenix,33.550145744402705,-112.19506032214412
3677-TNKIO,Female,0,No,No,CA,Los Angeles,34.10572814322785,-118.31231766733559
0440-QEXBZ,Female,0,No,No,MA,Boston,42.30893161171172,-70.9591237097327
2434-EEVDB,Female,0,Yes,No,CO,Denver,39.77855648565598,-104.88525595120629
6762-QVYJO,Female,0,Yes,Yes,NY,New York,40.66830615304455,-74.02617326613716
6199-IWKGC,Female,1,Yes,No,NY,New York,40.85426847433912,-73.92826731810614
2675-DHUTR,Male,1,Yes,No,WA,Seattle,47.6681795174614,-122.32339038203185
8152-VETUR,Female,0,Yes,No,CA,Los Angeles,33.97380494272451,-118.33806938340004
9667-EQRXU,Female,1,No,No,WA,Seattle,47.719358541284585,-122.35727651789739
7446-YPODE,Male,1,No,No,FL,Orlando,28.572086089370472,-81.24590490795171
9522-BNTHX,Female,1,No,No,MA,Boston,42.267589300571224,-70.95075509138807
4676-WLUHT,Male,0,No,No,MA,Boston,42.38012566546737,-71.11737777353368
3329-WDIOK,Female,0,No,No,FL,Miami,25.840061717142962,-80.11441037239192
7980-MHFLQ,Female,0,Yes,Yes,FL,Miami,25.81208804709491,-80.23556602034195
2873-ZLIWT,Female,0,Yes,Yes,IL,Chicago,41.900959967124194,-87.77078891299331
3415-TAILE,Female,0,Yes,Yes,AZ,Phoenix,33.36423145551607,-112.00811141061945
0757-WCUUZ,Male,0,Yes,Yes,CA,San Francisco,37.69285162569295,-122.32610475681128
1629-DQQVB,Female,0,No,No,MA,Boston,42.41489621920509,-71.03535110439199
1915-IOFGU,Female,0,No,No,CA,Los Angeles,33.951308331141945,-118.22600184732154
3045-XETSH,Female,0,No,No,CA,San Francisco,37.80723430186931,-122.31338904129026
0374-AACSZ,Female,0,No,No,FL,Orlando,28.630723388041748,-81.28387881747695
7239-HZZCX,Male,0,No,No,MA,Boston,42.44272727710385,-70.9305329202243
4872-VXRIL,Male,0,No,No,GA,Atlanta,33.679113998191546,-84.48770190037915
9140-CZQZZ,Female,0,Yes,No,TX,Dallas,32.69149299406127,-96.91621383101929
3423-HHXAO,Female,0,Yes,Yes,AZ,Phoenix,33.320453162612026,-112.13352172744078
9938-TKDGL,Male,0,Yes,Yes,GA,Atlanta,33.70130448865367,-84.3301456269751
0531-ZZJWQ,Male,1,Yes,No,CA,Los Angeles,34.07617152679242,-118.22131570071979
6537-QLGEX,Female,0,No,No,NY,Buffalo,42.79051351793188,-79.00108467852299
2688-BHGOG,Male,1,No,No,IL,Chicago,41.98543255063986,-87.72419357029202
7683-CBDKJ,Male,0,Yes,Yes,GA,Atlanta,33.61790915940565,-84.46079506338656
0946-CLJTI,Male,1,Yes,No,WA,Seattle,47.745795265279355,-122.44749855485418
3160-TYXLT,Male,0,No,No,CA,Los Angeles,34.05689715777041,-118.25203550167781
1325-USMEC,Male,0,Yes,No,TX,Dallas,32.824610373533375,-96.88087655260466
0916-QOFDP,Female,1,Yes,Yes,FL,Orlando,28.682474804005164,-81.39686720219579
0628-CNQRM,Male,0,Yes,Yes,NY,New York,40.569310489761314,-74.08929303077186
5606-AMZBO,Female,0,Yes,No,CA,Los Angeles,34.026570370470225,-118.19351233138535
6199-IPCAO,Female,0,Yes,Yes,CA,San Diego,32.671144005335464,-117.24054398622427
7665-TOALD,Female,0,No,No,TX,Houston,29.76698162562312,-95.28405272401534
0112-QWPNC,Male,0,Yes,No,TX,Dallas,32.802775862132606,-96.6882001633147
0324-BRPCJ,Female,1,Yes,No,AZ,Phoenix,33.300179843327804,-112.04363962463844
2777-PHDEI,Female,0,No,No,MA,Boston,42.30438841657356,-71.20379583983527
5640-CAXOA,Female,0,No,No,CA,Los Angeles,34.0837083234901,-118.27871522340256
2235-EZAIK,Female,0,Yes,No,FL,Miami,25.632053543288748,-80.28375628640538
3847-BAERP,Female,0,No,No,FL,Miami,25.826599474447875,-80.08076619341522
1196-AMORA,Male,0,No,No,FL,Miami,25.723885235183435,-80.12865743602721
4282-YMKNA,Female,0,No,No,GA,Atlanta,33.65652656193649,-84.27836186254568
1453-RZFON,Female,0,No,Yes,CA,San Francisco,37.76333553925384,-122.50150101715163
8263-OKETD,Female,0,No,No,GA,Atlanta,33.75058042582268,-84.31828905805826
0670-KDOMA,Female,0,No,No,CA,Los Angeles,34.07360453156169,-118.38359780267724
2476-YGEFM,Female,0,No,No,MA,Boston,42.474511651680174,-70.92484493052686
8687-BAFGU,Male,0,No,No,GA,Atlanta,33.71408151937673,-84.50806917493067
0641-EVBOJ,Male,0,No,No,TX,Austin,30.14473727726185,-97.79911695384808
0829-XXPLX,Female,0,No,No,CA,San Francisco,37.90716752100547,-122.35140819754494
9974-JFBHQ,Male,0,No,Yes,TX,Dallas,32.819859406170806,-96.78920460440479
5356-RHIPP,Male,0,No,No,GA,Atlanta,33.8147511540371,-84.26788216671004
6624-JDRDS,Female,0,No,No,CO,Denver,39.780675825788244,-104.85880291310647
0608-JDVEC,Male,0,Yes,No,FL,Miami,25.67790871549372,-80.32502268199774
9780-FKVVF,Male,0,No,No,CA,San Francisco,37.78915454235817,-122.27888790194494
1919-RTPQD,Male,0,Yes,Yes,CA,San Francisco,37.739275336171104,-122.41846710796455
5214-NLTIT,Male,0,Yes,Yes,GA,Atlanta,33.77484258799344,-84.41011190766116
3345-PBBFH,Male,0,Yes,No,NY,Buffalo,42.90165355504616,-78.94597511710205
5055-BRMNE,Female,0,Yes,Yes,FL,Orlando,28.656998769030423,-81.42310690367606
9189-JWSHV,Female,1,Yes,No,TX,Dallas,32.73836967221772,-96.74603525250711
2190-PHBHR,Female,0,Yes,No,CO,Denver,39.815924697608516,-105.03313905548706
2650-GYRYL,Male,0,Yes,Yes,WA,Seattle,47.56656912573349,-122.4323591168353
0746-JTRFU,Male,0,No,No,GA,Atlanta,33.63857556691021,-84.34581866034351
5208-FVQKB,Male,0,Yes,No,CO,Denver,39.7894783256975,-105.00291313193067
7184-LRUUR,Female,0,No,No,GA,Atlanta,33.7015635015609,-84.53660850031461
6627-CFOSN,Female,0,No,No,AZ,Phoenix,33.410995770710365,-111.99615549048222
3982-JGSFD,Male,0,No,No,AZ,Phoenix,33.3282146384171,-111.93617214560312
1574-DYCWE,Female,0,Yes,Yes,IL,Chicago,41.87792129000632,-87.58672381987495
7247-XOZPB,Male,0,Yes,No,CA,Los Angeles,34.13629599202622,-118.15560226612745
2466-FCCPT,Female,0,Yes,Yes,CA,Los Angeles,34.17922798747013,-118.23421044666028
6211-WWLTF,Male,0,Yes,No,CO,Denver,39.64973077609301,-104.86000671886937
4826-TZEVA,Female,0,No,No,CA,San Francisco,37.79975637062428,-122.50916787052013
6016-NXBNJ,Male,0,No,No,FL,Miami,25.81122810888884,-80.11576476330461
9138-EFSMO,Male,0,Yes,Yes,AZ,Phoenix,33.49410072938777,-111.98426403188462
0576-WNXXC,Male,1,Yes,No,CO,Denver,39.66297315360303,-104.91054521177952
4632-XJMEX,Male,0,No,Yes,TX,Austin,30.410217893271422,-97.6644803367062
8910-LEDAG,Male,1,Yes,No,TX,Houston,29.892129408779528,-95.34723250321782
3452-GWUIN,Female,1,Yes,No,CA,San Diego,32.59086878471217,-117.04166485312422
2716-GFZOR,Male,0,Yes,No,NY,New York,40.80871980298115,-73.91046914488996
3724-UCSHY,Male,0,Yes,Yes,CA,San Diego,32.85951706860881,-117.14517805779131
8626-XHBIE,Male,0,No,Yes,WA,Seattle,47.55097146195808,-122.28577939027623
4628-CTTLA,Male,0,No,No,NY,Buffalo,42.8073591909207,-78.82332990693558
3192-LNKRK,Male,0,Yes,Yes,CO,Denver,39.720289145705614,-104.89659938533481
4439-YRNVD,Female,0,No,No,FL,Miami,25.894365482538408,-80.21965298457368
2876-VBBBL,Female,0,No,No,CO,Denver,39.662696918685896,-104.9477221844469
6834-NXDCA,Female,0,No,No,CO,Denver,39.75610945066678,-104.91369238550566
2208-UGTGR,Male,0,No,No,TX,Austin,30.340986704622804,-97.68438301752846
3005-TYFRD,Female,0,Yes,No,CA,San Diego,32.744292672920366,-117.16987890945308
8670-MEFCP,Female,0,Yes,Yes,TX,Houston,29.720666048381624,-95.25934395010013
3079-BCHLN,Male,0,Yes,No,IL,Chicago,41.89544362209204,-87.57978860622244
7777-UNYHB,Female,0,Yes,Yes,GA,Atlanta,33.80146032932875,-84.333365064929
5597-GLBUC,Female,0,No,No,MA,Boston,42.46481937838598,-71.00889493775502
7278-CKDNC,Male,1,No,No,FL,Orlando,28.580797903681557,-81.23844311664902
2748-MYRVK,Female,0,No,No,IL,Chicago,41.728453566825905,-87.76224280253969
8450-UYIBU,Female,1,No,No,NY,New York,40.85529241625704,-73.87316294117907
2969-VAPYH,Female,0,No,No,CO,Denver,39.80070571405305,-105.04292384645058
4822-YCXMX,Male,0,No,No,TX,Houston,29.898795132214726,-95.32004204254353
7181-OQCUT,Male,0,No,No,TX,Austin,30.230294887482053,-97.88191773878594
8474-UMLNT,Female,0,No,No,WA,Seattle,47.50576624971608,-122.2360170641502
9821-POOTN,Male,0,Yes,No,FL,Miami,25.779377860452552,-80.28854426242937
3836-FZSDJ,Male,1,Yes,No,NY,New York,40.83480904224216,-74.06772062595076
9142-XMYJH,Female,0,No,No,FL,Orlando,28.572209684343143,-81.27278933416204
6559-ILWKJ,Male,0,Yes,No,FL,Orlando,28.55591366744102,-81.28610727656817
0187-QSXOE,Male,1,Yes,No,NY,Buffalo,42.97988176778162,-78.78974009064017
7733-UDMTP,Female,1,No,No,FL,Orlando,28.63238107918263,-81.44981792798575
2649-HWLYB,Male,0,Yes,No,TX,Dallas,32.77860111291743,-96.79976880443277
5214-CHIWJ,Male,0,No,No,CA,Los Angeles,33.94343413794077,-118.32783669089952
4229-CZMLL,Male,0,No,No,CA,San Francisco,37.7066684755775,-122.45699771461467
6904-JLBGY,Female,1,No,No,CA,Los Angeles,33.95879615169363,-118.10234917597928
2465-BLLEU,Male,0,No,No,NY,Buffalo,42.981603429420545,-78.98884658264033
1685-VAYJF,Male,0,No,No,IL,Chicago,41.956530907517276,-87.54412554298897
8874-EJNSR,Male,0,Yes,Yes,CA,San Francisco,37.73020371799112,-122.45745456246411
6917-YACBP,Female,1,No,No,GA,Atlanta,33.644044670519364,-84.41968709344707
5049-MUBWG,Male,0,No,No,IL,Chicago,41.81599582083126,-87.67823387747342
4223-WOZCM,Male,1,No,No,FL,Miami,25.634098106870322,-80.32838872996662
0769-MURVM,Female,0,Yes,Yes,TX,Houston,29.89733754684569,-95.45711921428904
9253-VIFJQ,Male,0,Yes,No,TX,Houston,29.86767205096702,-95.50437928333868
7030-FZTFM,Male,0,Yes,Yes,TX,Houston,29.610739097146404,-95.34922296432637
9741-YLNTD,Male,0,No,No,AZ,Phoenix,33.34012028578147,-112.13306789192426
5917-RYRMG,Male,1,No,No,CA,San Diego,32.662225491745,-117.1284315475954
5120-ZBLAI,Female,0,Yes,No,TX,Dallas,32.66706408684795,-96.7361332746298
1194-BHJYC,Male,0,Yes,No,TX,Houston,29.868003039547734,-95.2341178659106
3663-MITLP,Female,0,No,No,AZ,Phoenix,33.51721357794802,-112.13319920154007
0906-QVPMS,Male,0,Yes,No,TX,Dallas,32.6981777168375,-96.80730228057692
9025-ZRPVR,Male,0,No,No,TX,Houston,29.80507334196471,-95.39811185606172
1905-OEILC,Female,0,No,No,IL,Chicago,41.7805656620318,-87.52702517100055
7858-GTZSP,Female,0,No,No,NY,Buffalo,42.84030515950987,-78.80612299230067
3285-UCQVC,Female,0,No,No,CA,San Diego,32.73538590898077,-117.15289253469585
6248-BSHKG,Male,0,Yes,Yes,CA,San Francisco,37.72517763294367,-122.56858307949706
4685-TFLLS,Male,0,Yes,Yes,MA,Boston,42.21014380182679,-71.11409454008992
3470-BTGQO,Male,0,No,Yes,NY,New York,40.699314520789414,-74.03209788991451
1209-VFFOC,Male,0,Yes,Yes,IL,Chicago,41.75796312445234,-87.57973544346429
8224-DWCKX,Male,1,No,No,CA,San Diego,32.5976762203471,-117.28022577650839
5482-PLVPE,Female,1,No,No,CA,San Francisco,37.80142766443531,-122.44208662929748
4553-DVPZG,Female,0,Yes,No,WA,Seattle,47.74317892698811,-122.2205456108998
4902-OHLSK,Female,1,No,No,NY,Buffalo,42.895419605313236,-78.81598348775952
6917-IAYHD,Male,0,No,Yes,IL,Chicago,41.7722659860842,-87.75405505164566
0495-ZBNGW,Male,1,Yes,No,CA,San Diego,32.661679780340876,-117.18662045624397
8620-RJPZN,Female,0,No,No,NY,Buffalo,42.75919137970505,-79.00899235151284
7572-KPVKK,Male,0,No,Yes,TX,Dallas,32.857702507983035,-96.78418150496707
2642-MAWLJ,Female,0,Yes,Yes,CA,Los Angeles,34.03463993811685,-118.33571582239672
2357-COQEK,Female,1,No,No,IL,Chicago,41.86951208281729,-87.55039960824458
7103-ZGVNT,Female,0,Yes,Yes,GA,Atlanta,33.69962313917707,-84.48588657278889
3737-GCSPV,Female,0,Yes,No,CA,Los Angeles,34.01362849092254,-118.15052655175889
2027-WKXMW,Female,0,Yes,No,TX,Houston,29.712380856738097,-95.43910600701398
7137-NAXML,Male,0,No,No,NY,Buffalo,42.99388524870012,-78.97932270192526
2428-ZMCTB,Male,0,No,No,FL,Orlando,28.53035554215541,-81.52845928755413
2961-VNFKL,Female,0,Yes,No,TX,Houston,29.62240647304532,-95.2796504780973
1768-HNVGJ,Female,1,No,No,TX,Dallas,32.76578553921791,-96.69914245884641
6963-KQYQB,Female,0,Yes,Yes,CA,San Diego,32.85905620879718,-117.18052295016159
5934-RMPOV,Female,0,No,Yes,MA,Boston,42.50125342228405,-70.9602639785432
1207-BLKSA,Female,0,Yes,Yes,WA,Seattle,47.71540063667274,-122.26945696371891
4088-YLDSU,Male,0,Yes,No,AZ,Phoenix,33.529903867786985,-111.97316404960489
8316-BBQAY,Female,0,No,No,FL,Orlando,28.55869014503579,-81.37285124244103
1166-PQLGG,Female,0,Yes,Yes,FL,Miami,25.836945496339833,-80.1867207753103
3146-JTQHR,Male,0,Yes,No,GA,Atlanta,33.653788210915785,-84.5291474087128
4291-YZODP,Female,0,No,Yes,MA,Boston,42.479290380803846,-71.11540485546341
4395-PZMSN,Male,1,No,No,AZ,Phoenix,33.47769720897558,-111.97521966746447
6427-FEFIG,Female,0,Yes,Yes,WA,Seattle,47.62078701431943,-122.3215055147573
0017-IUDMW,Female,0,Yes,Yes,NY,Buffalo,42.99292727955613,-78.81886161224472
8706-HRADD,Male,0,No,No,CO,Denver,39.698502515963504,-104.90174866726078
9955-QOPOY,Male,0,Yes,No,CA,San Diego,32.67686503938367,-117.21450459508571
4385-ZKVNW,Male,0,Yes,Yes,CA,San Diego,32.63025102374191,-117.14133807623357
5446-DKWYW,Female,1,Yes,Yes,TX,Austin,30.253302268564983,-97.66411257545157
2034-CGRHZ,Male,1,No,No,NY,New York,40.62026169990431,-73.9688070043128
5797-APWZC,Female,0,No,No,TX,Dallas,32.711545344690656,-96.71301672080436
3683-QKIUE,Female,0,No,No,GA,Atlanta,33.84363766523284,-84.43291019130352
4228-ZGYUW,Male,0,No,No,CO,Denver,39.868292046473904,-105.10734692440141
9031-ZVQPT,Male,0,Yes,No,MA,Boston,42.39430756013167,-71.06017856721704
2990-IAJSV,Male,0,No,No,AZ,Phoenix,33.4979937281971,-112.04062002313843
8107-KNCIM,Male,1,Yes,No,CA,Los Angeles,33.95840178662774,-118.37285423231076
9027-YFHQJ,Male,0,No,No,TX,Austin,30.30573439695513,-97.60662533921453
5176-LDKUH,Female,0,No,No,IL,Chicago,41.91306290001567,-87.5040173648926
4644-OBGFZ,Male,0,Yes,Yes,FL,Miami,25.85847812134667,-80.19976647997137
7926-IJOOU,Male,0,No,No,CA,Los Angeles,34.05935269627726,-118.25916324380641
6480-YAGIY,Male,0,No,No,TX,Austin,30.411089794676702,-97.74848666548009
4029-HPFVY,Male,0,No,No,TX,Houston,29.63159849481466,-95.4402204673177
7602-DBTOU,Female,0,Yes,No,FL,Orlando,28.61785098406032,-81.48480159331825
5345-BMKWB,Male,0,Yes,No,FL,Orlando,28.637886412920423,-81.43847845906821
3519-ZKXGG,Female,0,Yes,No,TX,Houston,29.761855460220904,-95.3278497003628
5457-COLHT,Male,0,Yes,Yes,GA,Atlanta,33.84509349162271,-84.3920029570256
6416-TVAIH,Male,0,Yes,Yes,FL,Miami,25.716691688266973,-80.14933202115971
5451-YHYPW,Female,1,Yes,No,WA,Seattle,47.746016330513534,-122.30177278503537
5108-ADXWO,Male,0,No,No,FL,Orlando,28.465421167479516,-81.36634223096239
7998-WNZEM,Male,0,No,No,WA,Seattle,47.59916877894193,-122.24098934138706
3066-RRJIO,Female,0,No,No,CA,San Diego,32.82141709040769,-117.28032551048018
4664-NJCMS,Female,0,Yes,No,WA,Seattle,47.470114981845164,-122.38633711240311
0307-BCOPK,Female,0,No,No,NY,New York,40.835840139412866,-73.91507165103818
7629-WFGLW,Female,1,Yes,No,NY,New York,40.69894719318991,-73.85828690958247
2542-HYGIQ,Female,0,No,No,FL,Miami,25.902015233722206,-80.22889154075683
6715-OFDBP,Male,0,No,No,GA,Atlanta,33.723741132797684,-84.38845987362623
5016-LIPDW,Male,0,Yes,Yes,GA,Atlanta,33.650044038739274,-84.28910302939771
6481-LXPWL,Male,0,Yes,Yes,FL,Miami,25.691144269203598,-80.04473340152505
1567-DSCIC,Male,0,No,No,NY,Buffalo,42.92210255295892,-78.91499130877281
2150-UWTFY,Female,0,Yes,Yes,FL,Miami,25.62845344245344,-80.23409930469815
6124-ACRHJ,Female,0,No,No,AZ,Phoenix,33.32124281296117,-111.99655761643497
9362-MWODR,Female,0,No,Yes,AZ,Phoenix,33.40200764073639,-111.93479359088548
9975-GPKZU,Male,0,Yes,Yes,CA,Los Angeles,33.92011431966162,-118.26529386691402
9625-RZFUK,Male,0,Yes,Yes,CO,Denver,39.756235988792604,-105.07685931127868
5153-LXKDT,Male,0,Yes,Yes,NY,Buffalo,42.90946609096941,-78.9508701669739
5161-UBZXI,Male,0,Yes,Yes,CA,San Diego,32.815149285237645,-117.10181904326781
1020-JPQOW,Female,0,Yes,No,AZ,Phoenix,33.56132519559001,-112.13679264666222
7919-ZODZZ,Female,0,Yes,Yes,TX,Houston,29.860003010556213,-95.23312138744737
0565-JUPYD,Male,0,No,No,WA,Seattle,47.5001582102699,-122.38139077671967
6867-ACCZI,Female,0,Yes,Yes,IL,Chicago,41.820772934528236,-87.6053416219454
5939-XAIXZ,Female,0,No,No,NY,New York,40.66388377642786,-73.97886840722377
9054-FOWNV,Male,0,Yes,Yes,WA,Seattle,47.57283309867829,-122.41901898307276
2683-BPJSO,Male,0,Yes,No,FL,Orlando,28.602212504007994,-81.27074452754202
2157-MXBJS,Male,0,Yes,No,WA,Seattle,47.55214919361221,-122.33939577824657
8207-VVMYB,Female,0,Yes,No,FL,Orlando,28.467041012014654,-81.49997442675082
9732-EQMWY,Female,0,Yes,No,CA,San Diego,32.66965445179257,-117.28815271709853
9360-AHGNL,Female,1,Yes,No,TX,Dallas,32.87733414592025,-96.80217091574703
1087-UDSIH,Female,0,No,No,CA,San Francisco,37.914703252123026,-122.51832823745944
5269-NRGDP,Male,0,Yes,Yes,WA,Seattle,47.684863052459875,-122.40973412735032
6195-MELTI,Male,0,No,No,TX,Houston,29.791773249050223,-95.35918433619173
5485-WUYWF,Male,1,No,No,CA,San Francisco,37.71787891597735,-122.44259824879245
2121-JAFOM,Female,0,Yes,No,TX,Houston,29.871979603724515,-95.38605490232639
8818-DOPVL,Female,1,No,No,CO,Denver,39.72095017868965,-104.98602097448159
2632-UCGVD,Male,1,Yes,No,CO,Denver,39.68712118849966,-104.84469296729824
5445-PZWGX,Male,0,No,No,CA,San Diego,32.763148422867644,-117.0296558101782
1227-UDMZR,Female,0,Yes,No,FL,Miami,25.787060291535777,-80.13805436551979
5198-HQAEN,Male,0,Yes,Yes,CO,Denver,39.78380053260888,-104.989880016656
9170-CCKOU,Male,0,Yes,No,GA,Atlanta,33.66815362163373,-84.39169889929838
2167-FQSTQ,Female,0,Yes,No,GA,Atlanta,33.883704978916064,-84.34710652676475
2819-GWENI,Female,0,Yes,Yes,NY,Buffalo,42.831208793294046,-78.76018415484542
1043-YCUTE,Male,0,Yes,No,FL,Orlando,28.49401958203971,-81.52799119642427
3814-MLAXC,Female,0,No,No,WA,Seattle,47.54261521014628,-122.33919783802105
3572-UUHRS,Male,0,No,No,FL,Miami,25.756107419527094,-80.07775943512698
2692-PFYTJ,Female,0,No,No,CA,San Francisco,37.8469108935601,-122.37162891189558
1226-UDFZR,Female,0,No,No,FL,Miami,25.660786705386492,-80.30709267108537
5955-EPOAZ,Female,0,No,No,CA,Los Angeles,34.05128782060416,-118.13046986933709
6821-JPCDC,Female,0,Yes,No,FL,Miami,25.782934209351097,-80.2125789261113
8815-LMFLX,Male,0,Yes,Yes,TX,Dallas,32.796956889410986,-96.67002185732417
9135-HSWOC,Male,0,Yes,Yes,WA,Seattle,47.48793605670442,-122.35768869127878
8582-KRHPJ,Male,0,No,No,FL,Miami,25.625512028881538,-80.26203957919633
5811-IWXYM,Female,0,Yes,Yes,FL,Miami,25.662476012835164,-80.24687997611156
7044-YAACC,Male,1,Yes,No,IL,Chicago,41.79267133395266,-87.56884664616288
8189-XRIKE,Female,1,No,No,MA,Boston,42.27310228180204,-71.16421474003887
1506-YJTYT,Male,0,Yes,Yes,TX,Houston,29.76557371059591,-95.49943100414626
4123-DVHPH,Male,0,Yes,No,NY,Buffalo,42.88984138615566,-78.90142927512467
6425-YQLLO,Female,1,Yes,No,CO,Denver,39.69488065557614,-105.07724056282837
5442-UTCVD,Male,0,No,Yes,WA,Seattle,47.67088279410429,-122.42902123978674
2228-BZDEE,Female,0,No,No,TX,Austin,30.27764095790916,-97.79071671278403
7734-DBOAI,Female,0,Yes,Yes,CO,Denver,39.67937474475565,-104.91408626317076
2789-CZANW,Female,0,Yes,Yes,TX,Austin,30.299078068295554,-97.83332568867351
2091-RFFBA,Female,1,No,No,MA,Boston,42.268679624416485,-70.94411311672533
2114-MGINA,Female,0,No,No,FL,Miami,25.868171673989117,-80.33252616425249
7596-LDUXP,Female,0,No,No,WA,Seattle,47.45932214071557,-122.287600471188
3740-RLMVT,Male,1,Yes,No,CO,Denver,39.62502017047374,-104.853574906408
4489-SNOJF,Female,0,Yes,Yes,WA,Seattle,47.60079087717414,-122.31598954045948
2192-OZITF,Female,0,No,No,CA,San Francisco,37.6886997906036,-122.53786451077323
5651-CPDND,Male,0,No,No,WA,Seattle,47.74516568463532,-122.41714349152934
2186-QZEYA,Female,1,No,No,IL,Chicago,41.747927530649875,-87.70242547853638
1131-ALZWV,Female,0,No,No,CA,San Diego,32.85163232082689,-117.06492303913015
7729-XBTWX,Male,0,Yes,Yes,CO,Denver,39.78244517386742,-104.94126408706198
9134-WYRVP,Male,0,No,No,CA,San Diego,32.73043573759401,-117.22362130862685
3284-SVCRO,Female,0,Yes,No,GA,Atlanta,33.718416720305235,-84.46995544820315
9732-OUYRN,Female,0,Yes,No,NY,New York,40.750723800280284,-74.09974193660457
0559-CKHUS,Female,0,Yes,No,TX,Dallas,32.922304782445785,-96.66744026478563
2931-SVLTV,Male,0,Yes,Yes,CA,Los Angeles,34.05085427334702,-118.14632559832206
6899-PPEEA,Female,1,No,No,NY,Buffalo,42.94695092890032,-78.92609203460698
7504-UWHNB,Male,0,No,No,TX,Dallas,32.69904046851097,-96.7997496969081
2582-FFFZR,Female,0,No,No,TX,Houston,29.854237911028136,-95.24980914955341
8908-NMQTX,Male,0,No,No,AZ,Phoenix,33.479054663612466,-111.99893761556717
2187-LZGPL,Female,0,No,No,MA,Boston,42.219642908520605,-70.92236939448654
1431-AIDJQ,Male,0,Yes,Yes,TX,Houston,29.718350566749475,-95.29457236280989
6288-LBEAR,Female,0,No,No,CA,San Francisco,37.77680116354317,-122.5371705144928
4597-NUCQV,Male,1,No,No,CA,Los Angeles,34.03106353493582,-118.36162294635858
9019-QVLZD,Female,0,No,No,IL,Chicago,41.739892466607685,-87.4969943444581
8413-YNHNV,Male,0,No,No,TX,Austin,30.219181413992818,-97.80134363846722
5808-TOTXO,Female,0,No,Yes,CA,San Diego,32.578766488421664,-117.19854916797942
4369-NYSCF,Male,0,No,No,GA,Atlanta,33.683930737837336,-84.43989831067302
6333-YDVLT,Male,0,No,No,FL,Miami,25.885089710768753,-80.2080187615887
5324-KTGCG,Male,0,Yes,No,MA,Boston,42.40474207353112,-71.11882906108839
5599-HVLTW,Female,1,No,No,TX,Houston,29.785006065257036,-95.50216719050212
7394-LWLYN,Female,0,No,No,CO,Denver,39.68025760534516,-104.91629240773732
3707-LRWZD,Female,0,No,No,AZ,Phoenix,33.38703233216117,-112.01361535207839
6873-UDNLD,Male,0,No,No,CA,San Francisco,37.781064004878495,-122.46613298694957
2700-LUEVA,Male,0,No,No,GA,Atlanta,33.63273248160621,-84.38250082992815
1455-ESIQH,Male,0,No,No,TX,Houston,29.632816316049446,-95.25363941045774
0958-YHXGP,Female,0,No,No,TX,Houston,29.78882095055857,-95.43894742363132
1101-SSWAG,Female,0,Yes,No,CO,Denver,39.60810606121216,-104.94241378431714
2979-SXESE,Female,0,Yes,Yes,CA,Los Angeles,34.164757897554715,-118.14241818764648
4013-TLDHQ,Male,0,No,No,CO,Denver,39.608617863356415,-105.00224405101596
5743-KHMNA,Male,0,No,No,WA,Seattle,47.64557514289289,-122.277092372755
4194-FJARJ,Female,0,Yes,Yes,NY,Buffalo,42.96795217923539,-78.9554537301065
5325-UWTWJ,Male,0,Yes,No,TX,Houston,29.621283374739825,-95.48499778876979
3969-GYXEL,Female,0,No,No,WA,Seattle,47.532912432597236,-122.430361254238
9208-OLGAQ,Female,1,No,No,CO,Denver,39.68982249590862,-105.10928422720384
3244-CQPHU,Female,1,No,No,WA,Seattle,47.63380789720403,-122.47335418443775
2674-MLXMN,Female,1,No,No,TX,Houston,29.727418458505657,-95.32051418492972
9708-HPXWZ,Male,1,No,No,MA,Boston,42.22339863891695,-71.14747090120164
6992-TKNYO,Male,0,Yes,No,MA,Boston,42.313383277361055,-71.02165725088248
4468-YDOVK,Male,0,No,Yes,MA,Boston,42.2343736940231,-70.92352918522029
3754-DXMRT,Male,1,No,No,NY,New York,40.58985947680355,-74.09254525410358
5792-JALQC,Female,1,No,No,CA,San Francisco,37.824091509853716,-122.45214049205953
7130-VTEWQ,Female,1,No,No,TX,Austin,30.269717560560274,-97.75998580994285
2200-DSAAL,Female,0,No,No,TX,Austin,30.249977318649055,-97.61170216569927
4302-ZYFEL,Male,0,Yes,Yes,AZ,Phoenix,33.43437847068161,-112.09811346405215
9351-LZYGF,Female,0,Yes,No,GA,Atlanta,33.81271517265525,-84.30228834535428
4366-CTOUZ,Female,0,No,No,NY,New York,40.649788673932264,-74.097457606198
6121-VZNQB,Female,0,No,No,CA,San Francisco,37.7681796116832,-122.27186248618892
7903-CMPEY,Male,1,Yes,No,WA,Seattle,47.49257384313681,-122.41067074938911
1518-OMDIK,Male,0,Yes,No,NY,New York,40.633944282432246,-74.0902287172211
6671-NGWON,Female,0,No,No,CA,San Francisco,37.79125737357338,-122.54567383301254
0595-ITUDF,Male,0,Yes,Yes,CA,San Francisco,37.83104773626936,-122.52856804623873
6996-KNSML,Female,0,No,No,CA,Los Angeles,34.075141648934725,-118.31726302352797
1955-IBMMB,Male,0,No,No,FL,Miami,25.691261729224372,-80.27282347280288
0096-BXERS,Female,0,Yes,No,IL,Chicago,41.97788663193732,-87.50298021709861
3806-YAZOV,Female,0,No,No,FL,Miami,25.83421432680192,-80.31699253234477
7998-ZLXWN,Female,0,Yes,No,TX,Dallas,32.88540023262026,-96.67424325469281
6253-WRFHY,Male,0,Yes,Yes,GA,Atlanta,33.791890948143056,-84.25455150179393
9133-AYJZG,Female,0,No,No,NY,New York,40.842848499813655,-73.94912984800888
2675-OTVVJ,Male,1,Yes,No,AZ,Phoenix,33.46425209029378,-112.16614716851984
8680-CGLTP,Male,0,No,No,FL,Orlando,28.65804406324233,-81.34677234229468
8430-TWCBX,Female,0,Yes,No,NY,New York,40.576488473565,-74.03265707461524
5018-GWURO,Female,0,Yes,No,CA,San Diego,32.740982040673664,-117.2465769652601
6741-QRLUP,Female,0,No,No,CA,San Francisco,37.69126702400535,-122.4540410909163
4737-HOBAX,Male,0,Yes,No,IL,Chicago,41.79642184916834,-87.58040275411277
0537-QYZZN,Male,1,Yes,Yes,TX,Houston,29.84603560791135,-95.4307019144353
3340-QBBFM,Male,1,Yes,No,NY,Buffalo,42.98687928660512,-78.87171106595841
1704-NRWYE,Female,1,No,No,GA,Atlanta,33.69986771808074,-84.37562096029492
2592-SEIFQ,Male,0,No,No,CA,Los Angeles,34.143199978510516,-118.32395825182894
8200-KLNYW,Female,0,Yes,No,IL,Chicago,41.97022147111848,-87.69161512857842
3372-CDXFJ,Male,0,Yes,Yes,NY,Buffalo,42.952217759294754,-78.87776539578392
4781-ZXYGU,Male,0,Yes,Yes,MA,Boston,42.29651441260997,-71.17525993888655
7632-YUTXB,Female,0,Yes,Yes,CA,San Francisco,37.85638989871568,-122.43475296204602
2718-YSKCS,Male,0,Yes,Yes,IL,Chicago,41.73379753306464,-87.70847229423009
9896-UYMIE,Male,0,No,No,FL,Orlando,28.559772899267582,-81.52139150113516
0853-NWIFK,Female,0,No,No,CO,Denver,39.829545352509754,-105.05946368758005
8212-CRQXP,Female,0,Yes,No,CO,Denver,39.82962920985637,-104.99034972137116
6980-CDGFC,Female,0,Yes,No,MA,Boston,42.25367008723126,-71.18987108706398
7691-XVTZH,Female,0,Yes,No,GA,Atlanta,33.62226530300659,-84.50742974214234
2520-SGTTA,Female,0,Yes,Yes,NY,Buffalo,42.77388366268099,-78.73147696674843
7481-ATQQS,Female,1,No,No,AZ,Phoenix,33.53002779664705,-112.09517038538085
2277-VWCNI,Female,1,No,No,GA,Atlanta,33.82123340117633,-84.272489926802
1088-CNNKB,Male,0,Yes,No,CA,San Francisco,37.9030935922978,-122.53946055288071
8642-GVWRF,Female,0,Yes,No,NY,New York,40.78958717972793,-73.87831678602738
1930-BZLHI,Male,0,No,No,CO,Denver,39.86930573676037,-104.96686336630549
3400-ESFUW,Male,0,Yes,Yes,CA,San Diego,32.770679839706396,-117.19670836696544
5868-YTYKS,Male,0,No,Yes,AZ,Phoenix,33.39461534638369,-112.10904399264363
3525-DVKFN,Female,0,No,No,IL,Chicago,41.89163236104402,-87.69670307974816
1482-OXZSY,Male,0,No,No,MA,Boston,42.33316220644689,-71.12462526929444
0377-JBKKT,Male,0,Yes,Yes,TX,Austin,30.377580618975795,-97.79113747877922
5778-BVOFB,Female,0,No,No,GA,Atlanta,33.89702122793152,-84.4024909534442
3373-YZZYM,Male,0,Yes,Yes,NY,New York,40.6446907637236,-73.95950413912395
2057-ZBLPD,Female,0,Yes,No,TX,Austin,30.25265026966389,-97.85013487890627
0228-MAUWC,Male,0,No,No,TX,Dallas,32.760640088173695,-96.88228881486026
5502-RLUYV,Female,0,Yes,Yes,FL,Miami,25.76675810786133,-80.16709732035812
0023-HGHWL,Male,1,No,No,FL,Miami,25.61827475219247,-80.31690621947077
7663-YJHSN,Female,0,Yes,No,CA,San Diego,32.769190459298535,-117.15001429789156
4915-BFSXL,Male,0,Yes,Yes,AZ,Phoenix,33.4834610736269,-112.0111336612109
3086-RUCRN,Female,0,No,No,NY,New York,40.61158457238842,-73.86877343941896
5215-LNLDJ,Female,0,Yes,Yes,CA,San Francisco,37.85927043535063,-122.52772499401637
7576-JMYWV,Female,1,Yes,Yes,CA,Los Angeles,34.16034558506427,-118.29856169262571
9039-RBEEE,Male,0,No,No,GA,Atlanta,33.59956102160245,-84.37226897425951
0257-KXZGU,Female,0,Yes,Yes,IL,Chicago,41.94274815475718,-87.61215943389196
1307-ATKGB,Male,0,No,No,CO,Denver,39.62775810852857,-104.87278534436764
8417-FMLZI,Male,0,Yes,Yes,AZ,Phoenix,33.35689628339977,-111.94833817153834
3714-XPXBW,Female,0,No,No,GA,Atlanta,33.72752745609638,-84.4952308123301
1850-AKQEP,Male,0,No,Yes,CO,Denver,39.85412331724569,-105.01844373244174
2824-DXNKN,Female,0,Yes,Yes,FL,Orlando,28.46655106582491,-81.34391482662505
5227-JSCFE,Male,1,Yes,No,TX,Houston,29.79717990245428,-95.50107866903146
0848-ZGQIJ,Female,0,Yes,No,CA,San Diego,32.69819923813802,-117.20747595535866
3621-CHYVB,Female,0,Yes,No,CO,Denver,39.84269900004271,-104.84331942667383
8042-RNLKO,Male,0,No,No,TX,Houston,29.68318524437196,-95.48385094442519
1792-UXAFY,Female,1,No,No,CA,San Diego,32.7280251674063,-117.01824288068387
5372-FBKBN,Female,0,No,Yes,FL,Orlando,28.388960379391936,-81.46455471700827
0420-TXVSG,Male,0,Yes,No,FL,Miami,25.754195544740806,-80.33430868048235
6217-TOWGS,Female,0,Yes,No,TX,Houston,29.74427123814562,-95.45025377444567
0515-YPMCW,Male,0,No,Yes,TX,Houston,29.835559591317274,-95.4352645721974
0378-XSZPU,Male,0,Yes,No,NY,New York,40.58876776105499,-73.8865497097816
1045-LTCYT,Female,0,Yes,Yes,TX,Houston,29.850417586590595,-95.28891767975652
1544-JJMYL,Male,0,No,No,FL,Miami,25.695795617429063,-80.18947002125128
4636-JGAAI,Male,0,Yes,No,FL,Miami,25.869717208984518,-80.19167693463851
6874-SGLHU,Male,0,No,No,FL,Miami,25.81146399506052,-80.09638272321595
5951-AOFIH,Male,0,No,No,MA,Boston,42.25994916535744,-71.10530680666086
4729-XKASR,Male,0,No,Yes,TX,Austin,30.36842146071693,-97.7869176560806
3059-NGMXB,Male,0,Yes,Yes,CO,Denver,39.84522173695124,-104.8641423681947
8652-YHIYU,Female,0,No,Yes,FL,Orlando,28.54441908506287,-81.35053754996856
5278-PNYOX,Female,0,No,No,CO,Denver,39.855304946642974,-104.85629063082213
5449-FIBXJ,Male,0,Yes,Yes,FL,Miami,25.880960185867,-80.24618788092731
3486-HOOGQ,Female,0,Yes,Yes,CA,San Diego,32.77027051586397,-117.02782757562902
5061-PBXFW,Female,0,Yes,Yes,AZ,Phoenix,33.36434267130483,-112.16456087305623
8630-FJLIB,Female,0,No,No,CA,San Francisco,37.778340185495615,-122.35306589773076
3891-NLXJB,Male,0,No,No,AZ,Phoenix,33.324049142390585,-112.08907763413286
4749-OJKQU,Female,0,No,No,CO,Denver,39.63786924360927,-104.95319595148166
0577-WHMEV,Female,0,Yes,No,WA,Seattle,47.62196885386797,-122.19103491182327
5453-AXEPF,Male,0,Yes,No,MA,Boston,42.395363765201296,-71.069375982114
3639-XJHKQ,Female,0,No,Yes,MA,Boston,42.405571946990605,-70.91898783124833
3716-LRGXK,Male,0,Yes,No,FL,Orlando,28.594095455860362,-81.35301333743
2263-SFSQZ,Male,0,Yes,Yes,GA,Atlanta,33.76907237628199,-84.26574136190288
9950-MTGYX,Male,0,Yes,Yes,CA,San Francisco,37.652554764187464,-122.50540281821452
3397-AVTKU,Male,0,No,No,NY,New York,40.694066756885825,-73.96668820314777
4825-FUREZ,Male,0,Yes,No,FL,Orlando,28.4788544314462,-81.35549935514345
9837-BMCLM,Male,0,No,No,GA,Atlanta,33.7908376277616,-84.26210804015176
2672-OJQZP,Female,0,No,No,TX,Dallas,32.72347932314111,-96.75407485677354
0137-UDEUO,Female,0,No,No,TX,Houston,29.785793594734503,-95.42607414996958
3134-DSHVC,Female,0,No,No,WA,Seattle,47.48395797966644,-122.26858266744516
6161-UUUTA,Male,1,No,No,CO,Denver,39.887037894786964,-104.99118832305511
7821-DPRQE,Male,0,Yes,No,CA,San Francisco,37.77366592225004,-122.54512301011334
6543-XRMYR,Female,1,No,No,WA,Seattle,47.679032021250684,-122.18800415750613
2001-EWBQU,Female,0,No,No,CO,Denver,39.714094691302215,-104.9391076289856
4925-LMHOK,Male,0,No,No,TX,Houston,29.795174120085008,-95.26358057267429
1608-GMEWB,Male,1,No,No,GA,Atlanta,33.86433041572317,-84.52760409930059
6695-AMZUF,Female,0,Yes,No,FL,Orlando,28.65616810399159,-81.31010999588749
1455-UGQVH,Male,0,Yes,No,CO,Denver,39.859122647693276,-105.05180815521796
8410-BGQXN,Male,0,No,No,TX,Austin,30.26979621383797,-97.86821473614366
8280-MQRQN,Female,0,No,No,GA,Atlanta,33.76688161436295,-84.2943179496602
1619-YWUBB,Female,0,Yes,No,TX,Austin,30.15866189099837,-97.84011069359424
7611-YKYTC,Male,0,Yes,Yes,NY,Buffalo,42.87738235215566,-78.99521265701814
2037-SGXHH,Male,0,Yes,Yes,TX,Austin,30.41414245360284,-97.68047852298132
3178-FESZO,Female,0,No,No,TX,Dallas,32.81600635301056,-96.70057322698425
0365-GXEZS,Male,0,Yes,No,GA,Atlanta,33.68804985648228,-84.3184431384027
0082-OQIQY,Male,0,No,No,NY,New York,40.70045235572672,-73.91853990553653
6087-MVHJH,Female,0,No,No,CO,Denver,39.75437178102238,-105.09689643012929
4603-JANFB,Male,0,No,No,CA,San Diego,32.66324906313184,-117.10423611279396
3018-TFTSU,Male,0,No,No,MA,Boston,42.39245239040043,-71.04749496863668
3606-SBKRY,Male,0,No,No,TX,Houston,29.7656568605405,-95.26457393454305
4806-KEXQR,Male,0,No,No,TX,Austin,30.252300434239658,-97.82484172995241
0667-NSRGI,Female,0,Yes,No,WA,Seattle,47.59790651496018,-122.24800603881265
7083-YNSKY,Female,0,No,No,FL,Miami,25.68183850754503,-80.16778945328032
6893-ODYYE,Male,0,No,No,TX,Austin,30.3018520773548,-97.6919070446645
8242-JSVBO,Male,0,No,No,TX,Houston,29.641023084936702,-95.46933669534435
2479-BRAMR,Male,1,Yes,No,CO,Denver,39.75640936259875,-104.88607149706581
9541-ZPSEA,Male,0,Yes,Yes,NY,Buffalo,42.79604357999574,-78.93384624789465
2665-NPTGL,Female,1,Yes,No,CO,Denver,39.789684297291686,-105.07795625290215
1139-WUOAH,Male,0,No,No,AZ,Phoenix,33.55003365710353,-111.99615975103508
4693-VWVBO,Female,0,No,No,TX,Dallas,32.63728890896294,-96.7363691262768
7434-SHXLS,Female,0,No,No,TX,Dallas,32.74321909332407,-96.86741765510702
6937-GCDGQ,Male,0,Yes,Yes,NY,Buffalo,43.016571326024824,-78.97254432360263
0988-JRWWP,Female,0,No,No,AZ,Phoenix,33.57518616114465,-111.99837820180493
5075-JSDKI,Female,0,No,No,FL,Miami,25.79624700951129,-80.2409487574902
7908-QCBCA,Female,0,Yes,No,WA,Seattle,47.486678585675676,-122.28924037470074
8644-XYTSV,Male,0,Yes,No,TX,Houston,29.669603352543753,-95.50628124800133
6711-FLDFB,Female,0,No,No,MA,Boston,42.374290642894,-71.02327612387862
3873-WOSBC,Male,0,Yes,No,NY,Buffalo,42.79732276139435,-78.97499533158677
7465-ZZRVX,Male,0,No,No,MA,Boston,42.27050533408821,-70.93742655499553
7975-JMZNT,Male,0,Yes,No,AZ,Phoenix,33.372115135325075,-112.1567196061905
7251-XFOIL,Female,0,No,No,NY,Buffalo,42.83717689882793,-78.87359005968811
4116-IQRFR,Male,0,Yes,Yes,CA,San Diego,32.634217862934356,-117.09169414298078
3714-JTVOV,Female,1,Yes,No,TX,Houston,29.621209825847053,-95.3495678561623
8259-DZLIZ,Female,0,Yes,Yes,IL,Chicago,41.97781256750398,-87.51783759624597
0442-ZXKVS,Female,1,Yes,No,CA,San Francisco,37.68374191215481,-122.42898859102333
7853-WNZSY,Male,0,No,No,TX,Dallas,32.91820804520889,-96.73580322770258
3120-FAZKD,Male,0,Yes,Yes,WA,Seattle,47.46044790842646,-122.39201223247082
8606-OEGQZ,Female,0,No,Yes,MA,Boston,42.48893207657777,-70.918627567088
0225-ZORZP,Male,0,No,No,MA,Boston,42.39964129665756,-71.08126919381327
4702-IOQDC,Female,0,No,No,TX,Austin,30.369597104366594,-97.85533952998632
9489-JMTTN,Female,0,Yes,Yes,IL,Chicago,41.833917580118666,-87.71227314133375
0575-CUQOV,Male,1,Yes,No,WA,Seattle,47.74328171523666,-122.18243389349563
0967-BMLBD,Female,0,Yes,Yes,TX,Austin,30.37994338026426,-97.63171268418307
6178-KFNHS,Female,0,No,Yes,AZ,Phoenix,33.31992049184866,-111.97384648327993
2830-LEWOA,Male,0,Yes,Yes,GA,Atlanta,33.8398138353022,-84.4033927914865
5006-MXVRN,Female,0,No,No,WA,Seattle,47.53902604070957,-122.2352641269872
1264-BYWMS,Male,0,No,No,CA,San Francisco,37.64268022969868,-122.54579153735556
9658-WYUFB,Female,0,No,No,TX,Houston,29.652617387053247,-95.51023877023655
8327-WKMIE,Male,0,No,No,AZ,Phoenix,33.56333445893653,-112.03700855951607
6917-FIJHC,Female,0,Yes,No,CA,San Francisco,37.64497712476843,-122.50903432916178
5329-KRDTM,Male,1,Yes,No,FL,Orlando,28.38938408369134,-81.49214217107694
7797-EJMDP,Female,0,No,No,AZ,Phoenix,33.475823339154495,-112.05750233542607
3530-VWVGU,Female,0,Yes,Yes,GA,Atlanta,33.73060886120282,-84.34300076933374
2013-SGDXK,Female,0,No,No,TX,Dallas,32.756639568747275,-96.94472688280055
6368-NWMCE,Female,0,No,No,FL,Orlando,28.51622639865797,-81.27535826256332
3633-CDBUW,Male,0,No,Yes,IL,Chicago,41.88617956263019,-87.7285899776396
0707-HOVVN,Female,1,No,No,MA,Boston,42.33858098672656,-71.0110933851307
8580-QVLOC,Female,1,Yes,Yes,AZ,Phoenix,33.35398259857265,-112.1513881000147
3956-MGXOG,Female,0,No,No,IL,Chicago,41.74700208364559,-87.7356361111711
9274-UARKJ,Female,0,No,No,CA,San Francisco,37.75111751069965,-122.49031412134792
4077-HWUYD,Male,0,Yes,Yes,FL,Miami,25.729056789650105,-80.24867039715856
2012-NWRPA,Female,1,Yes,No,FL,Orlando,28.399394606344607,-81.27311421539568
8808-ELEHO,Male,1,No,No,CA,Los Angeles,33.925380327671235,-118.12415481566222
0103-CSITQ,Female,0,Yes,No,WA,Seattle,47.504819839039016,-122.26302556835434
3506-LCJDC,Male,0,Yes,Yes,TX,Austin,30.143393750886897,-97.68267733904787
8671-KKKOS,Female,0,Yes,No,FL,Miami,25.767083864202665,-80.04608162338026
7305-ZWMAJ,Male,0,Yes,No,CA,San Diego,32.65225759987511,-117.23735346994252
9518-XXBXE,Male,1,Yes,No,IL,Chicago,41.909240122022894,-87.6535324943542
3934-HXCFZ,Male,0,Yes,No,FL,Orlando,28.65550742032541,-81.31589665845826
6578-KRMAW,Male,0,No,No,FL,Miami,25.828186442241073,-80.28976915321145
4860-IJUDE,Male,0,No,No,CA,San Francisco,37.63979894657929,-122.55375488543908
7666-WKRON,Female,0,No,No,CA,San Francisco,37.65537394574699,-122.44427590122169
9688-YGXVR,Female,0,No,No,FL,Orlando,28.430973592664234,-81.2962396898333
0423-UDIJQ,Male,1,No,No,GA,Atlanta,33.695718076475494,-84.40296650819339
1945-XISKS,Female,0,Yes,No,CA,San Francisco,37.86998052420907,-122.56479122639121
4910-AQFFX,Male,0,Yes,Yes,CA,San Diego,32.646201482835295,-117.01766855630854
2154-KVJFF,Female,0,No,No,TX,Houston,29.820798840478076,-95.5138997440734
5360-LJCNJ,Female,0,Yes,No,AZ,Phoenix,33.583688659491976,-112.09654426941962
2607-FBDFF,Male,0,No,No,CA,San Diego,32.76528827827526,-117.1678321953481
9647-ERGBE,Female,0,Yes,Yes,TX,Austin,30.12740597053366,-97.68447485188949
3428-XZMAZ,Male,0,No,No,TX,Austin,30.16143347751308,-97.68155680452068
1100-DDVRV,Male,0,Yes,No,IL,Chicago,41.73954239214147,-87.7211054272288
0378-TOVMS,Female,0,No,No,IL,Chicago,41.85489450114399,-87.58629110920695
4355-HBJHH,Male,0,Yes,Yes,TX,Dallas,32.870718467510436,-96.71194201577045
6728-WYQBC,Male,0,No,No,CA,San Francisco,37.83114701139453,-122.51444173914389
9058-CBREO,Female,1,No,No,FL,Orlando,28.40635236087251,-81.24510804506141
9029-FEGVJ,Female,1,Yes,No,CO,Denver,39.66706224904094,-104.93078275709429
7216-KAOID,Male,0,Yes,Yes,TX,Houston,29.75392248673967,-95.22256584513964
0318-QUUOB,Male,0,Yes,No,NY,New York,40.67856592786259,-74.07380742976686
6145-NNPNO,Female,0,No,No,NY,Buffalo,42.73976607916536,-78.989451829078
5520-FVEWJ,Female,0,Yes,Yes,IL,Chicago,41.90871367148453,-87.67077983111739
5339-TJFEK,Male,0,Yes,Yes,FL,Miami,25.80864976156371,-80.16560508631706
5572-ZDXHY,Female,0,No,No,CA,San Francisco,37.88055787163838,-122.45039063958974
2074-GUHPQ,Female,0,No,Yes,FL,Miami,25.679117870466133,-80.07873012082504
4625-XMOYM,Female,0,Yes,Yes,IL,Chicago,41.817084965389704,-87.58322809991371
5827-MWCZK,Male,0,Yes,Yes,MA,Boston,42.3581571429234,-71.18196999620282
1385-TQOZW,Female,0,No,No,MA,Boston,42.36653894185118,-71.18156087769411
5914-XRFQB,Male,0,Yes,No,NY,New York,40.706622242646205,-73.95235746398538
4329-YPDDQ,Male,0,No,No,NY,New York,40.818381353136665,-73.9483086285734
4804-NCPET,Male,0,Yes,Yes,CA,Los Angeles,34.00750189478447,-118.1091992412866
3750-CKVKH,Male,0,No,No,FL,Orlando,28.550077955509614,-81.27581868826408
5944-UGLLK,Male,0,No,No,IL,Chicago,41.73839286520233,-87.71410632170847
8063-GBATB,Female,1,No,No,FL,Orlando,28.588954993826086,-81.24203795338164
7787-BNTZM,Male,0,No,No,IL,Chicago,41.768390562698734,-87.6275436726485
2252-ISRNH,Male,0,Yes,Yes,NY,Buffalo,42.773649738532164,-78.88059368240702
9415-TPKRV,Female,0,Yes,Yes,IL,Chicago,41.820956000107884,-87.77950365664206
5322-TEUJK,Female,0,Yes,Yes,WA,Seattle,47.64143588592597,-122.18475376828995
4547-KQRTM,Female,0,No,No,MA,Boston,42.365877592210566,-71.00150797422678
4877-EVATK,Male,0,No,No,CA,San Diego,32.67267033862534,-117.05512804246784
1866-DIOQZ,Female,0,Yes,No,MA,Boston,42.399631212091535,-71.20656445232513
8375-KVTHK,Male,0,Yes,No,TX,Houston,29.88960099725762,-95.37744743547474
2697-NQBPF,Male,0,No,No,IL,Chicago,41.72982311062612,-87.76086610043112
3709-OIJEA,Male,0,No,No,FL,Orlando,28.671021967565007,-81.4528961348612
7639-SUPCW,Female,0,No,No,CO,Denver,39.87331713787243,-105.11098821914847
1386-ZIKUV,Male,0,No,No,IL,Chicago,41.86071517080395,-87.73781554102273
0599-XNYDO,Female,0,Yes,No,TX,Houston,29.863399600408968,-95.43798442041746
6377-WHAOX,Female,0,Yes,No,CA,San Francisco,37.68695902727151,-122.42977477957221
6855-VLGOS,Male,0,Yes,Yes,CA,San Diego,32.68278970105344,-117.21366092775666
8999-XXGNS,Female,1,Yes,No,TX,Dallas,32.69107030623516,-96.70029647795151
8746-OQQRW,Male,0,No,No,MA,Boston,42.46512760159198,-71.05731155632988
3181-MIZBN,Male,0,Yes,Yes,GA,Atlanta,33.827767489313516,-84.35091993041793
0471-ARVMX,Female,1,Yes,No,CA,San Diego,32.80940783173194,-117.25001587837278
7766-CLTIC,Female,0,No,No,TX,Dallas,32.65165673872171,-96.8744328403351
5650-YLIBA,Male,0,No,No,NY,Buffalo,42.7405400064358,-79.0046315203342
0825-CPPQH,Female,0,Yes,No,GA,Atlanta,33.75062939624541,-84.49068356377163
9084-OAYKL,Male,0,No,No,NY,Buffalo,42.99934657700892,-78.90651332115074
6122-LJADA,Male,0,Yes,Yes,FL,Orlando,28.628058579721806,-81.27677263465462
2400-XIWIO,Female,0,Yes,No,CA,San Diego,32.7110659200807,-117.0661337427743
7524-VRLPL,Male,1,No,No,TX,Dallas,32.641425135713725,-96.8175739230948
1069-XAIEM,Female,1,No,No,CA,Los Angeles,34.16278170315956,-118.29729977384929
7569-NMZYQ,Female,0,Yes,Yes,NY,New York,40.833952032668634,-74.10633258585723
5201-USSQZ,Female,0,Yes,No,CA,San Diego,32.792987211482036,-117.09497123569773
2105-PHWON,Female,0,Yes,No,IL,Chicago,41.73217646063268,-87.69026826856809
1494-EJZDW,Female,0,Yes,Yes,NY,New York,40.63707487958987,-74.07808606873323
4884-TVUQF,Female,1,No,No,CO,Denver,39.618362751293034,-105.09145939064565
8003-EWNDZ,Female,0,No,No,CO,Denver,39.61828120014324,-105.06343716903471
1897-RCFUM,Female,0,Yes,Yes,NY,Buffalo,42.85796167122127,-78.99521808149429
9256-JTBNZ,Female,0,No,No,FL,Orlando,28.465894304659095,-81.49453369666116
4658-HCOHW,Female,0,Yes,Yes,NY,New York,40.60857635136367,-73.89210110627643
2211-RMNHO,Female,0,Yes,Yes,TX,Dallas,32.85042780974803,-96.81865977845196
2432-TFSMK,Male,0,No,No,GA,Atlanta,33.80118610098155,-84.47441179704508
3440-JPSCL,Female,0,No,No,AZ,Phoenix,33.36644918582855,-112.0414863732119
4929-ROART,Male,0,No,No,FL,Miami,25.826113794896543,-80.08857459361899
1834-ABKHQ,Female,0,Yes,Yes,CA,Los Angeles,34.03535082125994,-118.11035920508633
1741-WTPON,Male,0,Yes,Yes,AZ,Phoenix,33.46822716817353,-111.92558748367718
3932-IJWDZ,Male,0,No,No,TX,Austin,30.260596099905314,-97.60549774698389
1240-HCBOH,Female,0,No,No,TX,Austin,30.31856034809834,-97.64839227535599
3594-KADLU,Male,0,Yes,No,NY,New York,40.849364895715155,-73.99728614460959
8065-BVEPF,Male,1,No,No,NY,New York,40.64498150415123,-73.9712196285478
3796-ENZGF,Male,0,Yes,No,MA,Boston,42.36538343364075,-70.99845339544973
1734-ZMNTZ,Female,0,Yes,Yes,CA,San Francisco,37.78764620134732,-122.30189045844074
2853-CWQFQ,Male,0,No,Yes,FL,Orlando,28.610384912601315,-81.2999515450516
0813-TAXXS,Male,0,No,No,TX,Dallas,32.72059516195299,-96.72976091958171
2519-TWKFS,Male,0,Yes,Yes,TX,Austin,30.240770555794708,-97.70395230215371
2889-FPWRM,Male,0,Yes,No,CA,San Francisco,37.883698230333145,-122.34302399078531
0626-QXNGV,Female,0,Yes,No,FL,Miami,25.6996804136214,-80.15531141138129
6723-CEGQI,Female,0,No,Yes,TX,Austin,30.23192427809964,-97.8807832789813
6987-XQSJT,Female,1,No,No,TX,Dallas,32.70975929967663,-96.71991086460483
4732-RRJZC,Male,0,Yes,Yes,NY,Buffalo,42.86286922161276,-78.96601028720943
9499-XPZXM,Female,0,Yes,No,NY,Buffalo,42.8082998249982,-79.01235187122937
4338-EYCER,Male,0,Yes,No,AZ,Phoenix,33.30258111718662,-112.21402260632468
3007-FDPEA,Female,0,No,No,WA,Seattle,47.66001922449057,-122.34338354462672
6350-XFYGW,Male,1,No,No,AZ,Phoenix,33.42330523224792,-112.15871362339416
4290-BSXUX,Male,0,Yes,No,CA,Los Angeles,33.96747992586415,-118.16468501117076
8513-OLYGY,Male,0,Yes,No,MA,Boston,42.44138817798862,-71.0992900296999
0311-QYWSS,Female,0,No,No,NY,New York,40.80248612483531,-74.1101373933893
8705-DWKTI,Male,0,No,No,TX,Austin,30.285260612745542,-97.68433891526627
8755-IWJHN,Male,1,Yes,No,CA,San Diego,32.56877418198046,-117.27890984392789
0325-XBFAC,Male,0,No,No,CA,Los Angeles,34.09945323011143,-118.21849449544442
4480-QQRHC,Female,1,No,No,CA,San Francisco,37.67458701105552,-122.40641796114181
0929-PECLO,Female,1,No,No,CO,Denver,39.66891473824704,-104.9132469183516
3680-CTHUH,Male,0,No,No,CA,Los Angeles,34.17432266781665,-118.21390022861367
1202-KKGFU,Female,0,Yes,No,CA,San Diego,32.69481642441187,-117.24805603747187
6112-KTHFQ,Female,0,No,No,AZ,Phoenix,33.38224486606673,-112.07218018667432
1852-XEMDW,Male,0,No,No,TX,Austin,30.175675784952663,-97.71309209271946
2462-XIIJB,Male,0,No,No,GA,Atlanta,33.831400587327295,-84.37813091003856
4760-XOHVN,Female,0,Yes,Yes,CA,San Francisco,37.64388726970591,-122.39343991622731
1820-DJFPH,Female,0,Yes,Yes,TX,Austin,30.256225412716404,-97.71057781782021
9426-SXNHE,Female,0,No,No,IL,Chicago,42.00662416017923,-87.74293242141772
9068-FHQHD,Female,0,Yes,Yes,FL,Orlando,28.639114617842342,-81.3537323585554
1269-FOYWN,Male,0,Yes,Yes,NY,Buffalo,42.91896220773858,-79.0218446354906
9470-YFUYI,Male,1,Yes,No,CA,San Diego,32.66166754868763,-117.17011439205234
7817-BOQPW,Female,0,No,No,CA,San Diego,32.77294760071369,-117.11971719288755
7402-EYFXX,Male,1,No,No,WA,Seattle,47.695908859931166,-122.28842686737929
1853-UDXBW,Male,0,Yes,Yes,CA,Los Angeles,34.03560589685171,-118.28901873442804
9895-VFOXH,Female,0,No,No,CA,San Diego,32.66514495331501,-117.26536650593253
5458-CQJTA,Male,0,Yes,Yes,NY,New York,40.735787838776545,-73.92602621463816
1230-QAJDW,Male,0,No,No,FL,Miami,25.738852336131682,-80.08944196572112
5701-ZIKJE,Male,0,No,No,CO,Denver,39.7360462355806,-104.92201581775029
5219-YIPTK,Female,0,Yes,No,NY,Buffalo,42.75144825047165,-78.75670939572366
5032-MIYKT,Female,0,No,No,IL,Chicago,41.9556403968148,-87.48658154093654
7396-VJUZB,Male,0,Yes,Yes,CA,San Diego,32.814067005734636,-117.03627242432977
9717-QEBGU,Male,0,No,No,TX,Dallas,32.922813684003984,-96.75584750378651
5172-RKOCB,Male,0,Yes,No,CA,Los Angeles,34.18104590954788,-118.34006692353556
6509-TSGWN,Female,0,Yes,Yes,CA,Los Angeles,34.11372288895094,-118.21247222143752
3540-RZJYU,Female,0,No,No,FL,Miami,25.68837868029103,-80.26558766646397
3178-CIFOT,Female,0,No,No,MA,Boston,42.46828178125172,-71.01560062397554
2091-MJTFX,Female,0,Yes,Yes,IL,Chicago,41.94954972646904,-87.67262916338343
4530-NDRKU,Female,0,Yes,Yes,AZ,Phoenix,33.344377028388536,-111.96684533537719
5985-TBABQ,Female,0,No,No,FL,Orlando,28.622292318457802,-81.49056250253746
9800-ONTFE,Female,0,Yes,Yes,AZ,Phoenix,33.44568824456556,-112.14485516905596
6743-HHQPF,Male,0,Yes,No,WA,Seattle,47.741071179797814,-122.23905744350824
8455-HIRAQ,Female,0,No,No,NY,New York,40.62679353674349,-74.08275388238616
6616-AALSR,Female,0,Yes,Yes,TX,Houston,29.838738656052378,-95.35997493239277
0883-EIBTI,Female,0,No,No,TX,Houston,29.714299140636708,-95.51327229334964
9415-ZNBSX,Female,0,Yes,Yes,CA,San Diego,32.85454904230478,-117.24327037238137
4018-KJYUY,Male,0,No,Yes,TX,Dallas,32.77306047023732,-96.72532880661232
0722-TROQR,Female,1,No,No,NY,Buffalo,42.982552330157986,-78.88784847886657
7571-YXDAD,Female,0,No,No,CA,San Diego,32.74215980515213,-117.2756682320064
3884-UEBXB,Female,0,Yes,Yes,TX,Austin,30.230131167605773,-97.6981583320497
8780-RSYYU,Female,0,No,No,TX,Houston,29.634875213954075,-95.47521676720454
5537-UXXVS,Female,0,Yes,No,CA,San Diego,32.73875258243184,-117.30976554183776
1791-PQHBB,Female,0,No,Yes,CA,Los Angeles,34.00257113765852,-118.38919885928024
8701-DGLVH,Male,0,No,No,CO,Denver,39.68538637127018,-105.03068765721933
8741-LQOBK,Female,0,Yes,Yes,MA,Boston,42.468886643767156,-71.18541212950015
3393-FMZPV,Female,0,No,No,NY,Buffalo,42.901276587763995,-78.98932539104123
8082-GHXOP,Male,0,No,Yes,GA,Atlanta,33.732721207745264,-84.34158088729156
6402-ZFPPI,Female,1,No,No,NY,New York,40.847606105552785,-73.91421886751272
0980-FEXWF,Male,0,Yes,Yes,CO,Denver,39.83802207284361,-104.88343888629089
7486-KSRVI,Male,0,No,No,NY,New York,40.62988832855434,-73.98461682803732
3011-WQKSZ,Male,0,No,Yes,NY,Buffalo,42.81524567689836,-78.85623730788176
8443-WVPSS,Male,0,Yes,No,FL,Orlando,28.52339577104085,-81.30751623785366
3006-XIMLN,Female,0,No,Yes,AZ,Phoenix,33.57872030121636,-112.1091322127104
8218-FFJDS,Female,0,Yes,No,FL,Miami,25.629140824053668,-80.11133459923452
1986-PHGZF,Male,1,No,No,MA,Boston,42.24053428080577,-70.93142792067916
9965-YOKZB,Male,1,No,No,WA,Seattle,47.58043120473285,-122.2166733107977
0504-HHAPI,Female,1,No,No,GA,Atlanta,33.639319490342,-84.2753577016888
9360-OMDZZ,Male,0,No,No,FL,Orlando,28.59106916860636,-81.37797133379004
6305-YLBMM,Male,0,No,No,CA,San Diego,32.714635703298704,-117.22060170675778
0345-XMMUG,Female,0,Yes,No,CA,San Francisco,37.721205516726684,-122.32933030597427
8024-XNAFQ,Female,1,No,No,GA,Atlanta,33.71402155921413,-84.33269107522007
3647-GMGDH,Male,0,Yes,No,TX,Houston,29.80308451564191,-95.42958706841742
2988-GBIVW,Female,1,Yes,No,TX,Houston,29.73289874405758,-95.40685250597113
2832-SCUCO,Female,0,No,No,CO,Denver,39.66556016725231,-104.85658393408342
7036-ZZKBD,Male,0,Yes,No,GA,Atlanta,33.602709765686974,-84.35833084712313
3791-LGQCY,Female,1,Yes,No,NY,Buffalo,42.932848634031835,-78.78978545816075
0265-PSUAE,Female,0,Yes,Yes,NY,Buffalo,42.987322294467376,-78.89759121210119
0463-TXOAK,Male,0,No,Yes,NY,New York,40.57562102359633,-73.98471778778192
0594-UFTUL,Male,0,Yes,Yes,TX,Dallas,32.895078306104956,-96.86830587264069
9509-MPYOD,Female,0,No,No,MA,Boston,42.438618451900396,-71.06433822032267
9128-CPXKI,Female,0,No,No,CA,Los Angeles,34.08969945634569,-118.27579683525815
0129-KPTWJ,Male,0,Yes,No,TX,Austin,30.251567061380136,-97.60792504049893
8166-ZZTFS,Female,1,Yes,No,CA,Los Angeles,34.13258778812132,-118.19458838013301
5855-EIBDE,Female,0,Yes,No,CA,San Francisco,37.667318866319896,-122.35424382254595
5365-LLFYV,Female,0,No,No,AZ,Phoenix,33.30796652706288,-111.92949113480525
5956-YHHRX,Male,1,No,No,TX,Austin,30.23451158479462,-97.76325596042318
6008-NAIXK,Male,1,No,No,CA,Los Angeles,33.956512035805936,-118.25267559361953
2956-GGUCQ,Male,1,Yes,No,AZ,Phoenix,33.55997844161099,-112.19235585598592
1928-BXYIV,Male,0,No,No,TX,Austin,30.164182939368683,-97.74625551350039
5760-FXFVO,Male,0,No,No,CO,Denver,39.73329342488945,-104.86394839499357
6595-COKXZ,Female,0,No,No,FL,Miami,25.796393300486795,-80.15888840764218
0961-ZWLVI,Male,0,No,Yes,TX,Austin,30.285371778253438,-97.65558110553722
5181-OABFK,Female,0,Yes,Yes,CA,Los Angeles,33.922915799222416,-118.12517410252845
4007-NHVHI,Female,1,No,No,CO,Denver,39.602500602413066,-105.12657083131762
7816-VGHTO,Female,0,Yes,Yes,GA,Atlanta,33.7531039184663,-84.44752259021267
5871-DGTXZ,Male,0,No,No,FL,Miami,25.760381207338096,-80.21330895257225
7550-WIQVA,Male,0,Yes,Yes,NY,New York,40.57920016110285,-73.9440385409833
7544-ZVIKX,Male,0,Yes,Yes,IL,Chicago,41.992557097107465,-87.66596577815113
0016-QLJIS,Female,0,Yes,Yes,TX,Dallas,32.91121639197415,-96.68814806566854
7508-DQAKK,Female,0,No,No,NY,New York,40.63440477754475,-73.91649968631624
5176-OLSKT,Female,0,Yes,No,TX,Austin,30.345446283312103,-97.77511910752635
9356-AXGMP,Male,0,Yes,No,MA,Boston,42.24290821632965,-71.00290442248277
3556-BVQGL,Female,0,Yes,No,NY,Buffalo,43.00426072380222,-78.84188954906651
0362-ZBZWJ,Male,0,No,No,NY,Buffalo,42.78127444305331,-78.98596231450185
8979-CAMGB,Male,1,No,No,AZ,Phoenix,33.34396535724679,-112.01076539875324
4211-MMAZN,Male,0,No,No,AZ,Phoenix,33.544946050257785,-111.99165399596407
7581-EBBOU,Female,0,No,No,GA,Atlanta,33.8816509325289,-84.41293614875113
4274-OWWYO,Male,0,No,No,IL,Chicago,42.00123918271317,-87.65075332983392
5073-RZGBK,Female,0,Yes,Yes,CO,Denver,39.83922300766301,-104.87346597360202
1541-ETJZO,Male,0,No,No,NY,Buffalo,42.80986508780446,-78.76905009412941
2192-CKRLV,Female,0,Yes,No,GA,Atlanta,33.73635422001174,-84.33751908954594
3154-HMWUU,Male,0,Yes,No,TX,Austin,30.208251478555134,-97.66505821179031
6119-SPUDB,Male,0,No,No,IL,Chicago,41.981997201494885,-87.74024167542726
6522-OIQSX,Female,0,Yes,Yes,CA,San Francisco,37.79900530970458,-122.44218491092093
7813-ZGGAW,Male,1,No,No,AZ,Phoenix,33.50430672147329,-112.05857117973434
8748-HFWBO,Male,0,Yes,Yes,CO,Denver,39.60707801158197,-104.90240517684025
1052-QJIBV,Female,0,Yes,Yes,CA,Los Angeles,34.1700527811264,-118.32897458416211
1319-YLZJG,Male,0,Yes,No,GA,Atlanta,33.70901600384,-84.41493682323218
4106-HADHQ,Male,0,Yes,Yes,WA,Seattle,47.651680625560815,-122.28810543231474
0723-FDLAY,Male,0,No,No,IL,Chicago,41.84376253055083,-87.48085866664557
3050-RLLXC,Female,0,Yes,Yes,CO,Denver,39.76520904532694,-105.08571194140147
9298-WGMRW,Female,0,Yes,No,IL,Chicago,41.7738102395679,-87.57835763875514
2369-UAPKZ,Male,0,No,No,TX,Austin,30.262310814826858,-97.60612712751713
3088-LHEFH,Female,0,No,No,CA,San Francisco,37.6537423605744,-122.48280969387893
2778-OCLGR,Male,1,Yes,No,GA,Atlanta,33.78540612821627,-84.49466318842828
6583-KQJLK,Female,1,Yes,No,IL,Chicago,41.8464873725961,-87.5684739564618
8544-JNBOX,Male,0,No,No,NY,New York,40.67991661573257,-74.15164610078055
6681-ZSEXG,Male,0,Yes,No,FL,Orlando,28.55776076517651,-81.2832229233501
6139-ZZRBQ,Male,1,No,No,CA,San Francisco,37.876694652972915,-122.30873819957134
6116-RFVHN,Female,0,Yes,No,NY,New York,40.58838416008261,-73.99112420938809
0637-KVDLV,Male,0,No,No,CA,Los Angeles,33.96207092527052,-118.32981213247797
8884-FEEWR,Male,0,No,No,IL,Chicago,41.75533931394534,-87.62278698816057
3125-RAHBV,Male,0,No,No,TX,Austin,30.25017906930471,-97.64773656357715
6633-MPWBS,Male,0,No,No,NY,Buffalo,42.95205002636576,-78.81127188489296
0373-AIVNJ,Male,0,No,No,TX,Houston,29.85248096380747,-95.4444087066252
8785-EPNCG,Male,0,No,No,CO,Denver,39.71170551159639,-105.05019424305026
1682-VCOIO,Male,0,No,No,CA,San Francisco,37.76122757122103,-122.52404700139384
5729-KLZAR,Female,0,Yes,Yes,GA,Atlanta,33.62270144556743,-84.48769075265174
2072-ZVJJX,Male,0,Yes,No,FL,Miami,25.847188277726147,-80.27517001165077
8849-AYPTR,Male,0,Yes,No,IL,Chicago,42.001095365465346,-87.74658304762225
9518-IMLHK,Male,0,No,No,GA,Atlanta,33.876358671034716,-84.39627556672241
1582-RAFML,Male,0,No,No,TX,Austin,30.38003260447045,-97.7676781623482
3646-ITDGM,Female,0,No,No,WA,Seattle,47.484543563990776,-122.45186869948175
8740-CRYFY,Male,0,No,No,CA,San Francisco,37.627606736759866,-122.29452755161634
3569-VLDHH,Male,0,Yes,Yes,TX,Dallas,32.683099643944075,-96.87528363742004
8224-KDLKN,Male,0,Yes,Yes,IL,Chicago,41.96480818912044,-87.51808033634885
7594-LZNWR,Male,1,No,No,MA,Boston,42.31443771599561,-71.08378272195618
4001-TSBTV,Female,0,Yes,Yes,IL,Chicago,41.90857456006782,-87.73104736197752
2962-XPMCQ,Male,0,No,No,NY,New York,40.79351808190796,-73.9776113812971
8727-XDPUD,Male,0,No,No,CA,San Diego,32.855666145144234,-117.14312050413237
1043-UXOVO,Female,0,No,No,CA,Los Angeles,34.151956420928876,-118.21554740938467
1064-FBXNK,Male,0,Yes,Yes,FL,Orlando,28.682651049934343,-81.3075518905461
3996-ZNWYK,Male,1,Yes,Yes,TX,Dallas,32.71619587013038,-96.93960323515674
2878-DHMIN,Male,0,Yes,Yes,TX,Dallas,32.877565225450155,-96.87736849364957
7762-ONLJY,Female,0,Yes,Yes,WA,Seattle,47.65274666307498,-122.21175098616125
1678-FYZOW,Female,0,No,No,NY,New York,40.84271328044517,-73.99516398722034
5795-BKOYE,Female,0,Yes,Yes,TX,Austin,30.397599028504978,-97.88697115198151
8627-EHGIP,Male,0,No,No,CA,Los Angeles,34.081463237076434,-118.2896856247919
7402-PWYJJ,Female,0,Yes,No,CA,Los Angeles,34.17002505946005,-118.15796836227265
5480-TBGPH,Female,0,Yes,No,WA,Seattle,47.6297821355838,-122.38963687991051
0018-NYROU,Female,0,Yes,No,GA,Atlanta,33.839935331381454,-84.34222602539236
7501-VTYLJ,Female,0,No,Yes,NY,New York,40.83884577222974,-73.91837295906281
7608-RGIRO,Male,0,No,Yes,CA,San Francisco,37.91225548790811,-122.45582269295598
0480-BIXDE,Female,0,Yes,No,MA,Boston,42.43293925056119,-71.13669729984291
5895-QSXOD,Male,0,No,No,FL,Miami,25.73095273115065,-80.23584391801673
9814-AOUDH,Male,0,No,No,FL,Miami,25.740853813694475,-80.2026564756858
6175-IRFIT,Male,0,No,No,TX,Houston,29.748525631334473,-95.22208753452558
8760-ZRHKE,Female,1,Yes,Yes,CA,San Diego,32.63694103432388,-117.1406919168161
1622-HSHSF,Female,0,No,No,IL,Chicago,41.988853831620176,-87.55621671652202
8854-CCVSQ,Male,0,No,No,CO,Denver,39.6031706101529,-104.85295384756593
6749-UTDVX,Male,0,No,No,GA,Atlanta,33.79119575200071,-84.48718189239004
5542-DHSXL,Female,0,Yes,No,NY,Buffalo,42.756579480928394,-78.87342429471433
9102-OXKFY,Male,0,No,No,TX,Houston,29.79527584422376,-95.38236450287513
0511-JTEOY,Female,0,No,No,CA,San Diego,32.635685525745906,-117.27571690326334
5216-WASFJ,Female,1,Yes,No,CA,San Diego,32.591148114503326,-117.16380667302646
7808-DVWEP,Male,0,Yes,No,AZ,Phoenix,33.59801286503887,-111.93050369085294
7067-KSAZT,Female,1,Yes,No,CA,San Diego,32.676081160719754,-117.18051686029115
2284-VFLKH,Male,0,Yes,No,CA,Los Angeles,34.01870602302337,-118.30736285917338
0366-NQSHS,Male,0,No,No,TX,Dallas,32.64127958615738,-96.8522353391907
6532-YLWSI,Female,0,Yes,No,CA,San Francisco,37.69036000626244,-122.38212520244733
3807-BPOMJ,Female,0,Yes,No,NY,New York,40.72224731771208,-74.00246650918668
3892-NXAZG,Male,0,Yes,Yes,TX,Houston,29.62837748864125,-95.28749450927458
4948-WBBKL,Female,1,No,No,CA,San Francisco,37.876890571472735,-122.39437236297503
4182-BGSIQ,Female,0,Yes,Yes,NY,Buffalo,42.95340981365437,-78.94277767941551
9300-AGZNL,Male,1,No,No,NY,Buffalo,42.86966931099716,-78.82299715892572
0988-AADSA,Female,0,Yes,Yes,CA,Los Angeles,33.96819499603176,-118.32053698242639
9972-NKTFD,Female,0,No,No,IL,Chicago,41.912906899365304,-87.50317046709479
3717-LNXKW,Male,0,Yes,No,TX,Dallas,32.91807023899592,-96.916729672683
5734-EJKXG,Female,0,No,No,FL,Orlando,28.546632293618735,-81.49776170461614
2207-RYYRL,Male,0,Yes,Yes,CA,San Francisco,37.67262752076392,-122.36652839970762
6729-FZWSY,Male,0,No,No,FL,Miami,25.91057509769491,-80.04900864300977
9695-IDRZR,Female,0,No,Yes,IL,Chicago,41.86246440792305,-87.5565948851163
8144-DGHXP,Female,0,No,No,CA,San Francisco,37.83483811168894,-122.28058523040008
7814-LEEVE,Female,0,Yes,No,NY,New York,40.63484574673743,-74.04706964332031
1112-CUNAO,Female,1,No,No,CA,San Francisco,37.68203625956832,-122.33522870184811
5175-AOBHI,Female,0,No,No,CA,San Francisco,37.88038960569403,-122.55961930716094
5174-RNGBH,Female,0,No,No,CA,Los Angeles,34.05460512663947,-118.16039452954284
8631-WUXGY,Female,0,No,Yes,WA,Seattle,47.516762587732195,-122.37715635859765
7270-BDIOA,Female,0,No,No,IL,Chicago,41.8012681339739,-87.55218324536712
9565-JSNFM,Male,0,No,No,CO,Denver,39.71259318330216,-104.92889117879818
5906-DVAPM,Female,0,Yes,Yes,CA,Los Angeles,34.0399558280949,-118.3632064446428
6654-QGBZZ,Female,0,No,No,FL,Miami,25.821407165953776,-80.26637323332513
8348-JLBUG,Male,1,Yes,No,CA,San Francisco,37.89857609235913,-122.36009778474298
0607-DAAHE,Male,0,No,Yes,CA,San Diego,32.665821839092025,-117.24118298337785
5641-DMBFJ,Female,0,Yes,No,GA,Atlanta,33.841846080995204,-84.45508239971169
9200-NLNPD,Male,0,Yes,No,CO,Denver,39.744667081304186,-105.05198106110423
2664-XJZNO,Male,0,Yes,Yes,IL,Chicago,41.788155330157295,-87.55520377635872
9732-KPKBW,Male,0,No,No,FL,Miami,25.683037989734043,-80.34028830657249
3339-EAQNV,Male,1,Yes,No,TX,Austin,30.25729946816567,-97.7831122020031
0921-OHLVP,Male,0,No,No,TX,Austin,30.16134968159085,-97.71669255547157
3389-YGYAI,Female,1,No,No,FL,Miami,25.70677334860277,-80.29380092937399
9560-ARGQJ,Female,0,No,Yes,NY,New York,40.75710695047791,-73.98551925174412
8350-NYMVI,Female,0,No,No,CA,San Diego,32.57221007282433,-117.19374297167698
1600-DILPE,Female,0,No,No,FL,Miami,25.658310562307797,-80.12876049800266
0536-ESJEP,Male,0,Yes,No,AZ,Phoenix,33.56960812108585,-112.0794454547832
4654-GGUII,Female,0,No,No,TX,Houston,29.742291356098242,-95.42777518861418
6478-HRRCZ,Male,0,Yes,No,FL,Orlando,28.54398491846986,-81.27162196275879
8510-BBWMU,Female,0,No,No,CA,San Diego,32.63483214762714,-117.2663732670416
6857-TKDJV,Male,0,Yes,Yes,FL,Miami,25.897818584747725,-80.24625057419509
2360-RDGRO,Male,0,Yes,No,CA,San Diego,32.756833396370595,-117.29361488239864
0584-BJQGZ,Female,0,No,No,GA,Atlanta,33.759530633434544,-84.30957532556879
5134-IKDAY,Female,0,Yes,Yes,CA,Los Angeles,33.95280349439907,-118.3632575414026
1360-XFJMR,Female,0,Yes,No,CO,Denver,39.888696655542766,-105.10330096204665
3070-DVEYC,Male,1,No,No,FL,Orlando,28.53041532009302,-81.30577134898448
5730-RIITO,Female,1,No,No,IL,Chicago,41.96381274323912,-87.49808489793186
9058-MJLZC,Female,0,No,No,CA,San Diego,32.662251442836336,-117.24603692910617
5707-ORNDZ,Male,1,No,No,CA,San Diego,32.58292208711285,-117.28989774977384
0902-XKXPN,Male,0,Yes,Yes,IL,Chicago,41.783055849685,-87.51667714356675
5177-RVZNU,Female,0,No,Yes,MA,Boston,42.29210939812532,-70.96185800662438
0056-EPFBG,Male,0,Yes,Yes,TX,Dallas,32.67363402481689,-96.84811368637214
8993-IZEUX,Male,0,No,No,FL,Miami,25.860536285777314,-80.29622085790974
8696-JKZNU,Female,1,No,No,NY,New York,40.58343080113392,-73.88802452542083
5380-AFSSK,Female,0,No,No,GA,Atlanta,33.60568303036153,-84.32908939061123
8190-ZTQFB,Male,0,No,No,CA,San Diego,32.72976266820374,-117.09397306717068
0931-MHTEM,Female,0,No,No,GA,Atlanta,33.78020381149186,-84.37361891153374
2055-PDADH,Female,1,No,No,WA,Seattle,47.7312303444876,-122.42961279780185
7515-LODFU,Male,1,No,No,CA,San Diego,32.67228838377712,-117.19062531567789
0440-UEDAI,Female,0,No,No,TX,Houston,29.67515592743098,-95.38599327851095
1337-BOZWO,Male,0,Yes,Yes,NY,New York,40.64682333142335,-73.97109980520983
0868-VJRDR,Male,0,Yes,No,GA,Atlanta,33.80280015902519,-84.31623543564915
8714-EUHJO,Female,0,Yes,Yes,TX,Houston,29.64461030275152,-95.40098247204064
6344-SFJVH,Female,0,No,No,FL,Miami,25.8919404766376,-80.27295527188542
3950-VPYJB,Male,0,Yes,Yes,CA,San Diego,32.655055307852244,-117.20683857698361
8041-TMEID,Male,1,Yes,No,NY,New York,40.799794461777516,-74.13287967500453
7321-ZNSLA,Male,0,Yes,Yes,FL,Orlando,28.477382161445263,-81.37772156255673
6941-KXRRV,Female,1,Yes,No,FL,Miami,25.69703655319284,-80.19898650029879
3721-CNEYS,Female,0,No,No,TX,Dallas,32.92548425654203,-96.73925573166113
8727-JQFHV,Male,0,Yes,Yes,TX,Houston,29.799478421230503,-95.45475771797624
9475-NNDGC,Male,0,Yes,No,MA,Boston,42.22573492261846,-71.1279197820903
1355-KUSBG,Female,0,Yes,Yes,IL,Chicago,41.87966990562658,-87.5671721003786
3688-FTHLT,Female,0,No,No,WA,Seattle,47.639366912060694,-122.4206314949611
0899-LIIBW,Male,0,Yes,No,MA,Boston,42.232054113964956,-71.1327540390436
2568-OIADY,Female,0,Yes,No,MA,Boston,42.419415922108875,-71.06678016501543
1384-RCUXW,Male,0,No,No,MA,Boston,42.234208373748714,-70.98431114614019
5825-XJOCM,Male,0,No,Yes,CA,San Francisco,37.7302386874523,-122.36465530933913
6848-YLDFR,Male,0,Yes,Yes,TX,Dallas,32.76532677014078,-96.92697665823516
8125-QPFJD,Female,0,Yes,No,CA,San Diego,32.86111360159488,-117.14416456212408
2320-YKQBO,Female,0,No,No,CA,San Diego,32.72924208030265,-117.08948729439076
1193-RTSLK,Female,0,No,No,FL,Orlando,28.520089402411955,-81.45705866972976
2302-ANTDP,Female,1,Yes,No,NY,New York,40.80645969483081,-73.85872108482152
5923-GXUOC,Male,0,No,No,WA,Seattle,47.563623825121866,-122.20630678564041
4973-RLZVI,Female,0,No,No,TX,Austin,30.223486566289402,-97.72990928290189
7869-ZYDST,Male,0,Yes,No,MA,Boston,42.222386051393656,-70.93255753166277
4501-UYKBC,Female,1,No,No,CA,San Diego,32.62799272234743,-117.14438987573955
1215-EXRMO,Male,0,Yes,No,FL,Miami,25.833143878435628,-80.07410888418696
2305-MRGLV,Male,0,Yes,No,NY,New York,40.67082852631141,-73.8799959678868
8404-VIOMB,Female,0,No,No,NY,Buffalo,42.80217615027202,-78.75750614111062
5233-GEEAX,Male,1,No,No,TX,Houston,29.786318288542176,-95.40411250432219
2359-KLTEK,Female,0,Yes,Yes,NY,New York,40.59435964532726,-74.15104662183077
5304-EFJLP,Male,1,Yes,No,FL,Miami,25.837254279612306,-80.17510201472136
2673-ZALNP,Female,0,No,No,NY,Buffalo,42.95321482155485,-78.77073945208254
9184-GALIL,Female,0,Yes,Yes,NY,New York,40.70245823190327,-73.92143059828706
4393-RYCRE,Male,0,No,No,TX,Dallas,32.69807219326124,-96.77222701308501
9746-MDMBK,Male,0,Yes,Yes,AZ,Phoenix,33.344604041804565,-112.18278094778003
3162-ZJZFU,Male,0,Yes,Yes,GA,Atlanta,33.889090838455466,-84.46987657912835
8404-GFGCZ,Male,0,Yes,No,NY,Buffalo,42.79156207992045,-78.93963694316126
8875-AKBYH,Male,1,No,No,CO,Denver,39.73713137007125,-104.97790369570339
4432-ADRLB,Male,0,No,No,NY,Buffalo,42.862845970595245,-78.81795169240483
0533-UCAAU,Male,1,Yes,No,TX,Houston,29.653243774143323,-95.3067233585987
1394-SUIUH,Female,1,Yes,No,WA,Seattle,47.68811057609742,-122.39168923112373
3521-MNKLV,Male,0,No,No,FL,Miami,25.67330640100251,-80.1515098325217
2533-TIBIX,Male,0,Yes,Yes,CA,Los Angeles,34.15399656132306,-118.28190886712403
8993-PHFWD,Female,0,No,No,FL,Miami,25.735628727335246,-80.21163798353506
1565-RHDJD,Female,0,No,Yes,AZ,Phoenix,33.51443112148424,-112.10670523134486
7137-RYLPP,Male,1,Yes,No,CA,Los Angeles,34.18008872403914,-118.17277779249734
3765-JXVKY,Female,0,No,No,AZ,Phoenix,33.52330946289058,-112.04142504183108
5092-STPKP,Female,0,No,No,TX,Dallas,32.92577782617026,-96.87600556239968
7330-WZLNC,Female,0,No,No,TX,Austin,30.243843519388196,-97.88151105292407
0114-PEGZZ,Female,0,No,No,FL,Orlando,28.624557037289698,-81.3260206023461
3359-DSRKA,Female,0,Yes,Yes,CO,Denver,39.80503405908599,-104.84869300887095
8639-NHQEI,Female,0,Yes,Yes,IL,Chicago,41.77179649831143,-87.71861747870051
7161-DFHUF,Female,0,Yes,No,CO,Denver,39.61275299304277,-104.92049632136273
3957-LXOLK,Female,1,No,No,CO,Denver,39.59033383335514,-104.86836598181085
3720-DBRWL,Male,0,Yes,No,TX,Dallas,32.71008646415359,-96.9070845944399
6635-MYYYZ,Female,0,No,No,CO,Denver,39.62853666158669,-104.951373680983
8565-WUXZU,Male,1,Yes,No,TX,Houston,29.85122701946791,-95.38697783001167
5281-BUZGT,Male,1,No,No,TX,Dallas,32.8757514382246,-96.72880130595436
4994-OBRSZ,Male,0,No,Yes,IL,Chicago,41.87660169360693,-87.67954353050341
0562-FGDCR,Female,0,Yes,Yes,WA,Seattle,47.699211293352036,-122.43831642439336
2436-QBZFP,Female,0,Yes,Yes,NY,New York,40.732205897834774,-74.02375332528928
3420-YJLQT,Female,0,No,No,WA,Seattle,47.75319988943201,-122.36087663684042
6040-CGACY,Female,0,No,No,WA,Seattle,47.52175174838967,-122.44512573139122
6582-PLFUU,Male,0,Yes,Yes,IL,Chicago,41.90999621119438,-87.55889369362121
8242-PDSGJ,Male,0,Yes,No,WA,Seattle,47.63130171033701,-122.31488598109554
0264-CNITK,Female,0,Yes,Yes,CO,Denver,39.59777548090517,-104.9855966685549
0089-IIQKO,Female,0,Yes,Yes,CA,San Francisco,37.884656077167215,-122.56414778173254
7839-NUIAA,Female,0,Yes,Yes,IL,Chicago,41.95622088615806,-87.47996344129709
6075-QMNRR,Female,0,No,No,NY,New York,40.861534569345736,-73.8799574613052
5378-IKEEG,Female,0,No,No,CO,Denver,39.855638398013795,-104.97468380355275
5966-EMAZU,Male,0,Yes,No,FL,Miami,25.754847534160128,-80.32653028700611
0440-EKDCF,Male,0,Yes,No,NY,New York,40.76682309697457,-74.10787473479473
4774-HHGGS,Male,0,Yes,No,TX,Houston,29.750207855217138,-95.3871334338883
2718-GAXQD,Female,1,Yes,Yes,NY,Buffalo,42.88032626182632,-78.82209367110342
2055-BFOCC,Male,1,Yes,No,AZ,Phoenix,33.399003595201464,-112.04052458558947
8180-AKMJV,Female,0,No,No,FL,Orlando,28.55034634848176,-81.43718281669699
4298-OYIFC,Male,0,Yes,No,NY,Buffalo,43.03161735540877,-79.02178342011126
5566-SOEZD,Male,0,Yes,Yes,FL,Miami,25.788710851499673,-80.10457909942866
9842-EFSYY,Female,0,No,Yes,TX,Austin,30.256526289196493,-97.72467468860569
2272-WUSPA,Female,0,Yes,No,CA,Los Angeles,33.910956641883814,-118.2309767050502
4584-LBNMK,Male,1,Yes,No,FL,Miami,25.793417531270986,-80.26280854241959
3898-GUYTS,Female,1,No,No,FL,Miami,25.775586958065944,-80.28765985011721
0930-EHUZA,Female,0,No,No,CA,Los Angeles,34.0379430979102,-118.21238679722327
6413-XKKPU,Male,0,Yes,Yes,FL,Miami,25.655653904374944,-80.23283069039469
9975-SKRNR,Male,0,No,No,GA,Atlanta,33.74284402289849,-84.37158700259293
3703-KBKZP,Male,1,No,No,CA,Los Angeles,33.9370585732159,-118.1563276096067
1449-XQEMT,Male,0,No,No,WA,Seattle,47.751197950257364,-122.18619412156951
2626-URJFX,Male,0,Yes,Yes,CA,San Francisco,37.915226605923884,-122.46070451909178
4973-MGTON,Female,0,Yes,No,TX,Austin,30.24455727788714,-97.63029491564618
3682-YEUWS,Male,0,Yes,Yes,NY,New York,40.8554159100656,-74.0108194564174
1223-UNPKS,Male,0,Yes,Yes,NY,New York,40.673999251759604,-74.00434021250496
2612-RRIDN,Male,0,No,No,MA,Boston,42.437594961819144,-71.0335167800119
4735-ASGMA,Male,0,No,No,TX,Austin,30.168427593805443,-97.66372145120633
3446-QDSZF,Female,0,No,No,NY,Buffalo,42.8793173203445,-78.76991865967479
3669-LVWZB,Male,0,No,No,NY,Buffalo,42.953984118617406,-78.77492000498157
6892-EZDTG,Female,0,Yes,No,CA,Los Angeles,33.946637224127564,-118.28519688405879
5117-IFGPS,Male,1,Yes,No,FL,Miami,25.738312519164396,-80.24393672885958
7379-FNIUJ,Male,0,No,No,TX,Houston,29.89364660622116,-95.35832937092533
1627-AFWVJ,Female,0,No,No,TX,Houston,29.784974793724835,-95.26934094695224
9725-SCPZG,Male,0,No,Yes,GA,Atlanta,33.82408314720967,-84.36790958976692
5884-GCYMI,Male,0,No,No,MA,Boston,42.455895722759635,-71.10292552034177
3217-FZDMN,Female,1,No,No,WA,Seattle,47.74403187847106,-122.38809276774911
4486-EFAEB,Male,0,No,No,FL,Miami,25.887084989488137,-80.16154506419319
0060-FUALY,Female,0,Yes,No,GA,Atlanta,33.83989298876147,-84.4517099450018
7853-GVUDZ,Female,0,Yes,Yes,MA,Boston,42.484342995644425,-70.94794168671882
7480-QNVZJ,Male,1,No,No,FL,Orlando,28.56962556503913,-81.43797710799473
6954-OOYZZ,Male,0,Yes,No,WA,Seattle,47.529377313086144,-122.31993894041891
7088-FBAWU,Female,0,Yes,Yes,CA,San Francisco,37.89452868109784,-122.56669383810048
8313-AFGBW,Male,0,Yes,No,WA,Seattle,47.73238018588373,-122.36524602469176
3943-KDREE,Female,0,No,No,IL,Chicago,41.884864338640185,-87.67467542226963
9239-ZBZZV,Female,0,No,No,TX,Austin,30.196701794194272,-97.7411059435197
3097-IDVPU,Male,0,Yes,Yes,CA,San Francisco,37.84924532895392,-122.29246316136374
4398-HSCJH,Female,0,No,No,FL,Miami,25.72712511964766,-80.20154541855365
2197-OMWGI,Female,1,Yes,Yes,WA,Seattle,47.472463895319315,-122.37521425849795
2303-PJYHN,Female,0,Yes,No,IL,Chicago,41.76494615912932,-87.6472606685736
9795-VOWON,Male,0,No,No,WA,Seattle,47.66636607780121,-122.2744161161592
1237-WIYYZ,Female,0,No,No,GA,Atlanta,33.87350727292508,-84.51235338865962
1987-AUELQ,Female,0,Yes,No,CO,Denver,39.636539879383555,-104.8558542756814
7852-LECYP,Male,1,Yes,No,AZ,Phoenix,33.4509314767807,-111.96570302519507
4430-UZIPO,Male,0,No,No,MA,Boston,42.41298875831979,-71.13029418027517
4822-LPTYJ,Male,0,Yes,No,CA,San Diego,32.82522907620756,-117.16194577708553
8165-CBKXO,Male,0,Yes,Yes,AZ,Phoenix,33.31723789512165,-111.92818630244753
6527-PZFPV,Male,0,Yes,Yes,AZ,Phoenix,33.56094705009191,-111.98685612509973
4855-SNKMY,Female,0,No,No,IL,Chicago,41.74457277824314,-87.6238978592744
9593-CVZKR,Female,0,Yes,Yes,TX,Austin,30.25157196194995,-97.65812233686489
8595-SIZNC,Female,1,Yes,No,CA,San Diego,32.57369713163051,-117.29429184250111
8008-HAWED,Male,0,No,No,TX,Dallas,32.87005550728826,-96.70935248884106
7124-UGSUR,Female,1,Yes,No,CA,San Diego,32.84172513073901,-117.02795974952922
1862-SKORY,Female,1,Yes,No,GA,Atlanta,33.79970092773763,-84.41055776608832
5236-XMZJY,Female,0,No,No,WA,Seattle,47.744176357040246,-122.36375100482064
4827-DPADN,Female,0,Yes,Yes,CO,Denver,39.838179150782686,-105.10382857649931
2694-CIUMO,Female,0,No,No,NY,Buffalo,42.7915679874469,-78.91843833384456
5846-ABOBJ,Male,0,Yes,No,AZ,Phoenix,33.56334677609614,-112.13726481523786
1439-LCGVL,Female,0,Yes,No,TX,Houston,29.62844307890597,-95.4718693659797
0909-SDHNU,Female,0,No,Yes,CO,Denver,39.728212429521946,-104.94480012679483
4647-XXZAM,Female,0,Yes,Yes,CA,San Diego,32.67310264940697,-117.03061446185947
1502-XFCVR,Female,0,No,No,CO,Denver,39.69875167849777,-104.94723190062493
7740-KKCXF,Male,0,Yes,No,NY,Buffalo,42.765262784726104,-78.74306696359197
5360-XGYAZ,Male,0,Yes,Yes,NY,New York,40.847428325191466,-73.96300667633349
9692-TUSXH,Female,0,No,No,CA,Los Angeles,34.14357964039457,-118.31724610070843
7912-SYRQT,Female,0,No,No,CA,San Diego,32.611297131917986,-117.19977691542806
3557-HTYWR,Female,0,No,No,CA,San Diego,32.64491542195267,-117.14472641831226
4816-JBHOV,Male,1,No,No,TX,Houston,29.819217602869283,-95.41678308504882
8920-NAVAY,Male,1,No,No,CA,Los Angeles,34.01391899672897,-118.31584631864489
1699-TLDLZ,Female,0,Yes,Yes,AZ,Phoenix,33.36149988669912,-111.98076470500057
5600-PDUJF,Male,0,No,No,FL,Orlando,28.62336769706246,-81.27927524990663
8292-TYSPY,Male,0,No,No,IL,Chicago,41.83358015354097,-87.670493624764
0567-XRHCU,Female,0,Yes,Yes,IL,Chicago,41.88126437224988,-87.71757740577277
1867-BDVFH,Male,0,Yes,Yes,FL,Miami,25.85911872949278,-80.24761080726181
2067-QYTCF,Female,0,Yes,No,CA,San Francisco,37.769680408521324,-122.49187528169433
2359-QWQUL,Female,0,Yes,No,NY,New York,40.59292009646313,-74.0391472268053
9103-TCIHJ,Female,0,No,No,CA,San Francisco,37.673948761347,-122.3460748588434
7407-SUJIZ,Male,0,No,No,GA,Atlanta,33.897515954755576,-84.37382667351851
9150-KPBJQ,Female,0,No,No,NY,Buffalo,42.91272442554898,-78.96439029142444
0052-DCKON,Male,0,Yes,No,CA,San Diego,32.79716377783132,-117.25899970809908
3654-ARMGP,Female,0,No,No,TX,Austin,30.277605395211026,-97.76822240619896
9699-UBQFS,Female,1,Yes,No,CO,Denver,39.845257014619904,-104.89247607180285
9367-TCUYN,Female,0,No,No,NY,Buffalo,42.88720389659265,-78.81501962336391
1261-FWTTE,Male,1,No,No,GA,Atlanta,33.697767782617184,-84.36039667894735
3528-HFRIQ,Male,1,Yes,No,TX,Dallas,32.732398443826625,-96.78403316055275
0708-SJDIS,Female,0,No,No,NY,New York,40.83780255160392,-74.07442448936467
4140-WJAWW,Female,0,No,No,WA,Seattle,47.59022598928507,-122.48110689342379
2073-QBVBI,Female,0,Yes,No,GA,Atlanta,33.69338183525514,-84.39787176194817
6928-ONTRW,Female,0,Yes,Yes,GA,Atlanta,33.87562667335883,-84.51423951841592
3320-VEOYC,Male,1,No,No,WA,Seattle,47.58669443755504,-122.1969432024008
5231-FIQPA,Female,0,No,No,FL,Miami,25.83221546907193,-80.22775808979665
6617-WLBQC,Female,0,Yes,Yes,AZ,Phoenix,33.387582353582744,-111.96888440820686
2599-CIPQE,Male,0,Yes,Yes,MA,Boston,42.31375327779184,-70.9599705618003
6653-CBBOM,Female,0,No,No,TX,Dallas,32.71152889123284,-96.68310768813002
8774-GSBUN,Male,0,Yes,No,WA,Seattle,47.462366143467555,-122.45711513096461
7326-RIGQZ,Male,0,Yes,Yes,IL,Chicago,41.76580791839579,-87.59945774694681
1401-FTHFQ,Male,0,Yes,Yes,GA,Atlanta,33.64922742195804,-84.3928921280411
3247-ZVOUO,Male,1,Yes,No,FL,Orlando,28.417873423538985,-81.29002345820118
0254-FNMCI,Female,0,No,No,NY,New York,40.58575399244779,-74.11129516375183
1848-LBZHY,Female,0,Yes,No,NY,Buffalo,42.91573661485705,-78.73368033808521
6101-IMRMM,Male,0,No,Yes,IL,Chicago,42.01289201019572,-87.54521222638878
8118-TJAFG,Male,0,Yes,Yes,FL,Orlando,28.401384540633927,-81.3813192001753
5429-LWCMV,Female,0,No,No,TX,Houston,29.87320506478609,-95.2766858240548
7298-IZWLY,Female,0,No,No,AZ,Phoenix,33.54335834912173,-111.93757755835972
9758-MFWGD,Female,1,Yes,Yes,NY,Buffalo,42.953313734602396,-78.90181977154477
3955-JBZZM,Male,0,No,No,NY,Buffalo,42.810718051058906,-78.77777650629876
1268-ASBGA,Female,1,Yes,No,MA,Boston,42.48849608365546,-70.94809609687032
8943-URTMR,Female,0,No,No,CA,Los Angeles,33.98803346123838,-118.25146588718503
4815-TUMEQ,Female,0,No,No,NY,New York,40.67972466725931,-73.8948594562705
4713-LZDRV,Female,1,No,No,TX,Austin,30.2299902640282,-97.79654388787011
9909-IDLEK,Male,0,Yes,Yes,FL,Miami,25.842455408903618,-80.18033559675555
4092-OFQZS,Male,0,Yes,No,FL,Orlando,28.59718224133343,-81.33017151262031
1561-BWHIN,Male,0,Yes,Yes,NY,Buffalo,42.81806652120803,-78.94808640912613
4325-NFSKC,Male,1,No,No,TX,Houston,29.90050515180308,-95.24714236548027
9927-DSWDF,Male,0,Yes,No,CA,San Francisco,37.919963577873304,-122.39207498103904
9500-LTVBP,Female,0,No,No,CA,San Diego,32.677749546848915,-117.15848467013222
7252-NTGSS,Female,0,No,No,NY,New York,40.752778265685706,-73.87343169126817
8149-AIQCG,Male,0,No,No,FL,Miami,25.623951606557398,-80.1715707175426
1360-JYXKQ,Female,1,Yes,No,WA,Seattle,47.700167428366484,-122.3348698913679
2955-PSXOE,Female,0,No,No,CA,San Diego,32.62408056298783,-117.10861377874488
7762-URZQH,Male,0,Yes,No,NY,New York,40.66243681513855,-74.08576962284616
0899-WZRSD,Male,0,No,No,FL,Orlando,28.468268133757732,-81.26536834252558
3255-GRXMG,Male,0,No,Yes,CA,Los Angeles,33.97518917118856,-118.22062540080866
4828-FAZPK,Female,0,Yes,Yes,AZ,Phoenix,33.59578349419565,-112.04114344051267
6094-ZIVKX,Female,0,No,No,WA,Seattle,47.54434709516973,-122.37446670422966
6925-BAYGL,Female,1,Yes,No,CA,San Diego,32.842342883849476,-117.15008560918152
3262-EIDHV,Female,0,Yes,Yes,CA,San Francisco,37.87951679160172,-122.41596295683522
7354-OIJLX,Male,0,No,No,TX,Austin,30.28550339856882,-97.88035299000406
1376-HHBDV,Female,0,No,No,FL,Miami,25.830390443482756,-80.23298993351725
6907-NZZIJ,Female,0,No,No,CO,Denver,39.72209141629813,-105.01096137746197
6133-OZILE,Female,0,No,No,CA,San Diego,32.61673661730711,-117.08049518581937
4135-FRWKJ,Female,1,Yes,Yes,AZ,Phoenix,33.5089013612686,-111.93247042300543
2911-UREFD,Female,0,Yes,No,CO,Denver,39.73427938340946,-104.97291292308958
3744-ZRRDZ,Male,0,No,No,MA,Boston,42.303625135722115,-70.94538251860882
5673-TIYIB,Male,0,No,No,NY,Buffalo,42.877929993134195,-78.85831271076451
6551-ZCOTS,Male,1,No,No,GA,Atlanta,33.74789809913655,-84.30497527008046
7191-ADRGF,Male,0,Yes,No,FL,Miami,25.656484909518323,-80.10365007543271
5018-LXQQG,Female,0,Yes,Yes,NY,Buffalo,42.923816358963194,-78.95534284672641
6892-BOGQE,Female,0,Yes,No,FL,Miami,25.645624113338243,-80.18771581893253
1602-IJQQE,Female,0,No,No,FL,Miami,25.882695853827748,-80.12775250901915
4628-WQCQQ,Male,0,No,Yes,CA,San Diego,32.82491849652544,-117.04993887595141
1746-TGTWV,Male,0,Yes,No,FL,Miami,25.66933759850339,-80.08864093311914
5995-SNNEW,Male,1,Yes,No,WA,Seattle,47.62837727029364,-122.20743424502876
8050-WYBND,Female,0,No,Yes,CA,Los Angeles,33.908582749205934,-118.14319800432303
2821-WARNZ,Female,0,No,Yes,TX,Houston,29.70175152936657,-95.2318968821959
4879-GZLFH,Female,0,Yes,Yes,CO,Denver,39.75641493832255,-105.08915888494518
1644-IRKSF,Female,0,Yes,Yes,WA,Seattle,47.52482922790204,-122.41393238717878
8314-HTWVE,Female,0,Yes,Yes,FL,Orlando,28.610672881055148,-81.3253963590862
9402-ROUMJ,Female,0,Yes,Yes,CA,Los Angeles,34.017191339198746,-118.17468212740975
2507-QZPQS,Male,0,No,No,CA,San Francisco,37.740856188141656,-122.34833306054055
7159-NOKYQ,Male,0,Yes,No,TX,Houston,29.636402724238167,-95.28459632833857
5707-ZMDJP,Male,0,Yes,Yes,MA,Boston,42.27669146865582,-71.07941645269398
8779-YIQQA,Male,0,Yes,Yes,FL,Orlando,28.627590181033156,-81.46113223963332
7136-IHZJA,Female,0,Yes,Yes,MA,Boston,42.37679183003919,-71.12819198476784
8966-OIQHG,Female,0,Yes,Yes,NY,Buffalo,42.96122400869645,-78.92744531206705
7074-STDCN,Male,0,No,No,FL,Orlando,28.632007787094604,-81.35783690466401
3705-PSNGL,Male,0,No,No,IL,Chicago,41.827163409787765,-87.52215658042212
8739-QOTTN,Female,0,Yes,No,GA,Atlanta,33.64524574390885,-84.45319346890727
1399-OUPJN,Female,0,Yes,Yes,TX,Austin,30.193113525073837,-97.85801166273701
0277-BKSQP,Male,0,Yes,Yes,IL,Chicago,41.94669210671028,-87.70590623159035
6502-HCJTI,Male,1,Yes,No,TX,Houston,29.891288546415026,-95.2602779942674
2606-RMDHZ,Male,0,No,No,TX,Houston,29.640626710885176,-95.24423404736164
5774-XZTQC,Female,0,Yes,Yes,TX,Austin,30.297085412395095,-97.77969711184757
2676-SSLTO,Male,0,No,No,CA,Los Angeles,34.09924097486462,-118.18607594709691
6266-QHOJZ,Female,0,No,No,TX,Dallas,32.65464150583136,-96.73637166998179
7269-JISCY,Female,0,No,No,TX,Houston,29.65685692996203,-95.47443251301561
0363-SVHYR,Male,0,Yes,Yes,NY,Buffalo,42.916571835828336,-78.85389498630776
8547-NSBBO,Male,0,No,No,FL,Orlando,28.615879217849177,-81.34076058884185
8258-GSTJK,Male,1,No,No,GA,Atlanta,33.85909145186176,-84.47127226086617
6861-OKBCE,Female,0,No,Yes,WA,Seattle,47.50386010224505,-122.32740204849033
9940-RHLFB,Female,0,No,No,FL,Miami,25.703223577281964,-80.16883532995074
6591-QGOYB,Male,0,No,No,FL,Orlando,28.474671904238367,-81.23633060138208
9070-BCKQP,Female,0,Yes,No,CA,San Francisco,37.64857919298883,-122.32418602803715
6421-SZVEM,Female,0,Yes,Yes,CA,San Francisco,37.67444398337536,-122.43496396561139
1328-EUZHC,Female,0,Yes,No,WA,Seattle,47.56243304613451,-122.18733991634525
2995-UPRYS,Female,1,Yes,No,NY,Buffalo,42.86132070651712,-78.99261420307688
8878-RYUKI,Female,0,No,No,TX,Austin,30.313620709247115,-97.7063466205992
9633-DENPU,Female,0,Yes,No,WA,Seattle,47.51692919991307,-122.18399479084374
7811-JIVPF,Female,0,No,No,NY,Buffalo,42.95436552630407,-78.77355312896951
7113-HIPFI,Male,0,Yes,Yes,GA,Atlanta,33.61706032624718,-84.3694612591453
8541-QVFKM,Female,0,No,No,CA,Los Angeles,34.161155044241724,-118.1691826138152
6686-YPGHK,Male,1,No,No,CA,San Diego,32.6285365003182,-117.06442693252464
1383-EZRWL,Female,0,No,No,AZ,Phoenix,33.37524391779998,-112.01840313753844
9258-CNWAC,Female,0,Yes,Yes,NY,New York,40.819872005152696,-73.9495045312039
5371-VYLSX,Female,1,No,No,MA,Boston,42.45516622063221,-71.02019372413402
6374-AFWOX,Male,0,Yes,No,NY,New York,40.83574788649994,-74.12800802481495
4759-TRPLW,Male,0,No,No,TX,Dallas,32.919557274649044,-96.84772583404381
5317-FLPJF,Female,0,No,No,FL,Miami,25.879260021914877,-80.20190495717335
7621-VPNET,Female,0,Yes,No,MA,Boston,42.49137874453507,-71.10425318298738
6034-YMTOB,Female,0,No,No,CO,Denver,39.638705015858164,-104.90340821617279
8563-IIOXK,Male,0,Yes,Yes,CA,San Francisco,37.91694461294587,-122.558910128621
4903-CNOZC,Male,0,No,No,CA,Los Angeles,34.18043555808179,-118.10707170887547
4353-HYOJD,Female,0,Yes,Yes,CA,San Diego,32.58178029792049,-117.08764226463408
8020-BWHYL,Female,1,No,No,MA,Boston,42.29800086494211,-71.16482935205481
7267-FRMJW,Female,0,Yes,Yes,NY,New York,40.630042506238006,-74.0796942802681
2982-VPSGI,Female,0,Yes,No,NY,Buffalo,42.955548688892186,-78.81318970427346
4188-FRABG,Male,0,Yes,No,NY,Buffalo,42.99263669121918,-78.72866721600036
8199-ZLLSA,Male,0,No,No,WA,Seattle,47.534889551854526,-122.3814909155878
4128-ETESU,Female,1,Yes,No,CA,San Francisco,37.830135473773595,-122.45440303851177
0620-DLSLK,Female,0,No,No,TX,Austin,30.389632090185643,-97.798988872018
4625-EWPTF,Male,0,No,No,TX,Dallas,32.67879705973246,-96.6826531584593
5980-NOPLP,Female,0,Yes,No,CA,San Francisco,37.686066821277045,-122.41881117668743
3850-OKINF,Male,0,Yes,Yes,FL,Orlando,28.610649948982058,-81.51649083428111
6892-XPFPU,Male,1,Yes,No,CA,Los Angeles,34.138080801079624,-118.27102905612854
8010-EZLOU,Male,1,No,No,TX,Houston,29.65919825688844,-95.47024371233219
1156-ZFYDO,Female,0,No,No,TX,Austin,30.275697401693648,-97.83317884233338
3295-YVUSR,Male,1,No,No,FL,Miami,25.834119330178925,-80.33995200978204
8016-NCFVO,Male,1,No,No,WA,Seattle,47.66044160321722,-122.40044865525168
4119-ZYPZY,Male,1,No,No,FL,Miami,25.699974951596413,-80.18623988311079
5549-ZGHFB,Male,0,Yes,Yes,WA,Seattle,47.53864478454915,-122.4602472160939
7577-SWIFR,Male,0,No,No,CA,San Diego,32.66786513998268,-117.27164673017973
0303-WMMRN,Male,0,No,No,WA,Seattle,47.65964392320801,-122.1945428649471
6408-OTUBZ,Female,0,No,No,IL,Chicago,41.816900306274604,-87.7452499366862
5204-HMGYF,Female,0,Yes,Yes,FL,Miami,25.88188637196138,-80.12549656807735
1078-TDCRN,Female,1,Yes,No,WA,Seattle,47.52129697281425,-122.42767735395293
3727-OVPRY,Male,0,Yes,Yes,TX,Austin,30.198949010226844,-97.85409617715693
3797-FKOGQ,Male,0,No,Yes,IL,Chicago,41.95940675893383,-87.75846035247724
7622-NXQZR,Male,0,No,No,CO,Denver,39.61381059943902,-104.89464971692463
6196-HBOBZ,Male,0,Yes,No,NY,Buffalo,42.974428486313144,-79.0164029084695
3970-XGJDU,Female,0,No,No,NY,Buffalo,43.02871257936847,-78.7494963431861
7017-VFULY,Female,0,Yes,No,MA,Boston,42.4645494536043,-71.01801593805588
5562-YJQGT,Female,0,No,No,CA,San Diego,32.85111814563263,-117.19316298621892
8807-OPMBM,Female,0,Yes,Yes,CA,San Diego,32.70986953065742,-117.06754714834875
5439-WIKXB,Male,1,Yes,No,GA,Atlanta,33.84155812163509,-84.34592344421158
9874-QLCLH,Female,0,Yes,Yes,FL,Miami,25.726152693633008,-80.06969242906666
8294-UIMBA,Female,0,No,No,FL,Orlando,28.440021218246446,-81.24705966440519
8109-YUOHE,Male,0,No,No,CA,San Diego,32.811514997169674,-117.13060097767998
5840-NVDCG,Female,0,Yes,Yes,TX,Houston,29.74163081687126,-95.24355977140863
8092-NLTGF,Male,0,No,No,GA,Atlanta,33.687780876349805,-84.25982174001945
5928-QLDHB,Male,0,No,No,NY,New York,40.6333243614007,-73.9490054750451
9840-EFJQB,Female,0,No,No,FL,Miami,25.736774502756333,-80.13180642661607
0696-UKTOX,Male,0,No,Yes,WA,Seattle,47.71676226445522,-122.25217991528338
4801-KFYKL,Male,0,No,Yes,CA,San Diego,32.59732974637745,-117.22119522641317
3472-OAOOR,Male,0,Yes,Yes,CA,Los Angeles,34.189152184253516,-118.16069367538913
6135-OZQVA,Female,0,No,No,CA,San Francisco,37.88214619961241,-122.51398005268379
8062-YBDOE,Male,1,No,No,FL,Orlando,28.61109258553966,-81.26568378110618
2252-JHJGE,Male,0,No,No,AZ,Phoenix,33.40652412705971,-112.17644308530781
4188-PCPIG,Female,0,Yes,No,TX,Houston,29.7698288775444,-95.32600304179869
6000-APYLU,Male,0,No,No,NY,New York,40.78130136553079,-73.87338642172594
7105-BENQF,Male,0,No,Yes,CA,Los Angeles,34.16847626062534,-118.30416826991633
7721-DVEKZ,Female,0,No,No,AZ,Phoenix,33.497029145483474,-112.20601558655176
3566-VVORZ,Female,0,Yes,No,TX,Houston,29.875303093027455,-95.49411787230844
9507-HSMMZ,Male,0,No,No,GA,Atlanta,33.703114506618206,-84.48390507550032
2480-SQIOB,Male,0,Yes,Yes,CA,San Francisco,37.8571247041875,-122.28009699789317
0947-IDHRQ,Female,0,No,No,NY,New York,40.65073153076151,-73.88533514361929
7813-TKCVO,Female,0,Yes,No,MA,Boston,42.22307150482882,-70.9430021555366
0128-MKWSG,Female,0,No,Yes,NY,New York,40.6962611440225,-73.89487161549425
3672-YITQD,Male,1,Yes,No,NY,New York,40.8588170818371,-73.88288215062047
4350-ZTLPI,Female,0,Yes,No,WA,Seattle,47.652457994415194,-122.43542947321859
9048-JVYVF,Male,0,No,No,TX,Austin,30.379034155726956,-97.72561713542622
0361-HJRDX,Female,0,No,No,TX,Dallas,32.6872936082607,-96.88371465073264
5727-MYATE,Male,0,Yes,Yes,CA,San Diego,32.8317720784557,-117.1357662822229
3823-KYNQY,Male,0,No,No,NY,Buffalo,42.980917946110125,-78.80940279878207
8988-ECPJR,Female,1,Yes,Yes,NY,New York,40.77153697282734,-74.0726270430901
7570-WELNY,Female,0,Yes,No,CA,San Francisco,37.64225981171897,-122.5107817866306
3021-VLNRJ,Female,0,No,Yes,TX,Dallas,32.636583147039175,-96.75139457375616
3776-EKTKM,Female,1,No,No,CA,San Francisco,37.76626602578547,-122.56776650014324
2080-CAZNM,Female,1,No,No,CA,San Diego,32.565854747368,-117.04314052522412
1028-FFNJK,Male,1,Yes,No,NY,New York,40.7645801328616,-74.03781254152027
6907-FLBER,Male,0,No,No,AZ,Phoenix,33.344012163155654,-112.20207683602112
3001-UNBTL,Male,1,Yes,Yes,FL,Orlando,28.555933875257452,-81.48384372846235
5982-PSMKW,Female,0,Yes,Yes,MA,Boston,42.471343958176625,-70.92671106323992
3507-GASNP,Male,0,No,Yes,CA,San Francisco,37.919584482038395,-122.38830255002188
7096-ZNBZI,Female,0,Yes,No,CA,Los Angeles,34.128511469806966,-118.25309314663437
1902-XBTFB,Male,0,No,Yes,GA,Atlanta,33.8091438222618,-84.48854130984577
1676-MQAOA,Male,0,No,No,TX,Austin,30.281081793435998,-97.79849405239253
0786-IVLAW,Female,1,No,No,TX,Dallas,32.91393718788663,-96.9107908754867
7566-DSRLQ,Female,0,Yes,No,NY,New York,40.805923427151605,-73.95628033780454
0643-OKLRP,Female,1,Yes,No,TX,Houston,29.891637289541865,-95.40519158515201
7245-JMTTQ,Female,0,No,No,MA,Boston,42.480048599838916,-71.10307432458656
6050-IJRHS,Female,0,Yes,Yes,CA,San Francisco,37.62490019928753,-122.501929232646
6202-JVYEU,Male,0,No,No,AZ,Phoenix,33.56435210992456,-111.97667604305633
8591-TKMZH,Male,0,Yes,Yes,IL,Chicago,41.83693043609982,-87.52284799295327
0734-OXWBT,Male,0,No,Yes,NY,New York,40.622967323521884,-73.9032747537319
4282-ACRXS,Male,1,Yes,No,CA,San Francisco,37.66807518711677,-122.51441759325336
0365-TRTPY,Female,0,No,No,CA,San Diego,32.59502920390223,-117.1549286577548
7349-ALMUX,Male,0,No,No,TX,Dallas,32.89665753657098,-96.7380121984823
9381-NDKME,Female,1,Yes,No,TX,Houston,29.64546301782009,-95.3713418254341
6502-KUGLL,Female,0,Yes,Yes,FL,Orlando,28.66434036773683,-81.30190645257089
1841-YSJGV,Male,0,Yes,No,WA,Seattle,47.62401182286224,-122.41939521538909
2794-XIMMO,Male,0,Yes,No,TX,Houston,29.63438268349339,-95.44880473987556
8382-SHQEH,Female,0,Yes,No,IL,Chicago,41.79595377765393,-87.75948876121468
3511-BFTJW,Male,0,Yes,Yes,CA,San Francisco,37.886021842486485,-122.551562615452
7668-XCFYV,Female,1,Yes,No,FL,Miami,25.893558699486142,-80.324074643282
2983-ZANRP,Female,0,Yes,Yes,CA,San Francisco,37.88377283936044,-122.3330505098391
7845-URHJN,Female,0,Yes,No,FL,Miami,25.645953034809263,-80.05856215713582
3034-ZBEQN,Female,0,Yes,No,FL,Miami,25.7206031914609,-80.05196142690215
5018-HEKFO,Female,0,No,No,TX,Dallas,32.71979690127329,-96.86399330229672
2923-ARZLG,Male,0,Yes,Yes,MA,Boston,42.33553264556876,-71.07239406296448
3976-NLDEZ,Male,0,No,No,NY,Buffalo,42.971333699841736,-78.90217926279995
2282-YGNOR,Female,0,No,No,TX,Dallas,32.69265230952508,-96.77666852461729
5336-UFNZP,Female,1,Yes,Yes,FL,Miami,25.88696444572509,-80.27868167694281
6854-EXGSF,Female,0,No,No,TX,Austin,30.25043494485137,-97.65178092225237
1241-EZFMJ,Male,0,Yes,No,NY,Buffalo,42.93121849418555,-79.00412055930572
9233-PSYHO,Female,1,No,No,FL,Orlando,28.687504602430458,-81.26162226546974
5376-PCKNB,Male,0,Yes,Yes,NY,New York,40.67732728534152,-73.9122431141453
8044-BGWPI,Male,0,Yes,Yes,TX,Dallas,32.70047654058167,-96.6667367560461
4060-LDNLU,Male,0,No,No,GA,Atlanta,33.78973393311365,-84.41041813268639
3589-PPVKW,Male,0,No,No,CO,Denver,39.606838538580575,-105.0518248474744
8327-LZKAS,Female,1,Yes,No,TX,Dallas,32.85271095505307,-96.88320750546539
5887-IKKYO,Male,0,Yes,Yes,NY,New York,40.679488800686954,-74.09469526724627
1075-BGWOH,Male,1,Yes,No,TX,Austin,30.121826302635057,-97.72117946358455
1755-RMCXH,Male,0,Yes,Yes,CA,San Diego,32.66656292445539,-117.21573382488417
0302-JOIVN,Female,0,Yes,No,GA,Atlanta,33.770001803253834,-84.2767430263011
3858-XHYJO,Female,0,Yes,No,FL,Miami,25.806295948283744,-80.06700264444942
4299-SIMNS,Male,0,No,No,FL,Orlando,28.595722185005602,-81.32937411845339
7025-IWFHT,Male,0,No,No,TX,Austin,30.213798464240945,-97.79567873643713
6261-LHRTG,Female,0,No,No,CO,Denver,39.61755214957922,-104.86627879951139
7841-FCRQD,Female,0,Yes,No,MA,Boston,42.35140963170235,-71.02984686760325
2056-EVGZL,Male,0,Yes,Yes,NY,New York,40.800493053113684,-74.09423063408795
8777-MBMTS,Female,1,Yes,No,GA,Atlanta,33.64708238468822,-84.39627677397783
7753-USQYQ,Male,0,No,No,IL,Chicago,42.01918010928851,-87.73659370445979
5366-IJEQJ,Male,0,No,No,NY,New York,40.68459109373,-74.10601013138192
7661-CPURM,Male,0,No,No,CA,San Francisco,37.83845915057364,-122.52504338033005
6233-HXJMX,Female,0,No,No,CA,San Francisco,37.88755105507951,-122.45059834479918
5902-WBLSE,Female,0,Yes,Yes,AZ,Phoenix,33.32064820555151,-112.03080637131707
1981-INRFU,Female,0,No,No,CA,San Francisco,37.87659301809662,-122.37128927538264
4971-PUYQO,Female,0,No,No,MA,Boston,42.27340805986392,-71.0120309352225
3239-TPHPZ,Female,0,Yes,No,FL,Orlando,28.641083288887213,-81.26078854678113
5115-GZDEL,Male,0,No,Yes,FL,Orlando,28.433023796642583,-81.41156419896564
3338-CVVEH,Male,0,No,No,NY,New York,40.71983156216512,-73.86092041339595
8485-GJCDN,Female,1,No,No,TX,Dallas,32.64387067710078,-96.81264288028977
2615-YVMYX,Male,1,Yes,No,MA,Boston,42.309337384157416,-71.04465824751449
2851-STERV,Male,1,No,No,IL,Chicago,41.89944315151288,-87.65272359455675
4393-GEADV,Male,0,Yes,Yes,MA,Boston,42.32718470176972,-71.18379790014556
8486-AYEQH,Female,0,No,No,GA,Atlanta,33.652913335354135,-84.40669899423375
1527-SXDPN,Male,0,Yes,Yes,FL,Orlando,28.632835183392952,-81.5208063103374
6029-WTIPC,Male,1,No,No,CA,San Francisco,37.885383164348006,-122.48497939930064
8634-CILSZ,Male,0,No,No,CA,Los Angeles,34.1195856784689,-118.35738180048244
5419-JKZNQ,Male,1,Yes,No,TX,Houston,29.873689445001503,-95.40576691158778
2495-KZNFB,Female,0,No,No,CA,San Francisco,37.67110324149038,-122.4629840636212
1409-PHXTF,Male,1,Yes,No,IL,Chicago,41.94900975295464,-87.77276296611905
4560-WQAQW,Female,0,No,No,CA,Los Angeles,34.16081700819634,-118.34909863317921
9591-YVTEB,Male,1,No,No,FL,Orlando,28.544305310375194,-81.33573389903681
9309-BZGNT,Male,1,Yes,No,WA,Seattle,47.64353613513756,-122.28587248184884
4274-DRSQT,Female,0,No,No,MA,Boston,42.27785995545385,-71.18219594929728
2027-DNKIV,Male,0,Yes,Yes,AZ,Phoenix,33.50413823088646,-112.12988917389914
8075-GXIUB,Male,1,Yes,No,TX,Houston,29.74864558108846,-95.2689739098703
2885-HIJDH,Male,0,Yes,Yes,NY,Buffalo,42.74816633936325,-78.80865949468122
5424-RLQLC,Male,0,No,No,WA,Seattle,47.52878138843719,-122.46031885701895
6682-QJDGB,Male,0,No,Yes,CA,Los Angeles,34.12275879064841,-118.10106952491093
6507-DTJZV,Male,0,No,Yes,NY,New York,40.8131933259585,-74.12014044667933
8780-IXSTS,Female,0,No,No,TX,Austin,30.15887549461791,-97.83832341962876
7673-BQGKU,Female,0,Yes,Yes,MA,Boston,42.33557270754708,-71.08835606453667
6723-WSNTY,Female,1,Yes,No,CA,Los Angeles,34.189182992201054,-118.13400028398799
9530-EHPOH,Male,0,No,No,GA,Atlanta,33.881155416469014,-84.42227267235732
2725-IWWBA,Male,0,Yes,Yes,AZ,Phoenix,33.38568150690308,-112.01860176273046
0345-HKJVM,Female,0,No,No,CA,San Diego,32.58922714786815,-117.26838448956234
1061-PNTHC,Female,0,Yes,Yes,FL,Miami,25.749908429358257,-80.1210343878601
0394-YONDK,Male,0,Yes,Yes,NY,New York,40.76477215966519,-74.00945815110659
6574-MCOEH,Female,0,Yes,Yes,CA,San Diego,32.7513947935582,-117.25048185842039
7399-QHBJS,Female,0,Yes,Yes,WA,Seattle,47.53172127920934,-122.27430021394409
3049-SOLAY,Female,0,Yes,No,TX,Dallas,32.702327998702756,-96.82853958127805
0997-YTLNY,Female,0,No,Yes,WA,Seattle,47.5893521383983,-122.19729556996818
3317-HRTNN,Female,1,No,No,FL,Miami,25.74321141191011,-80.17338681819349
9479-HYNYL,Female,0,Yes,No,GA,Atlanta,33.880622037104736,-84.47545637844775
3235-ETOOB,Male,0,Yes,No,FL,Orlando,28.681225526160596,-81.32859308894119
9708-KFDBY,Male,0,No,No,FL,Miami,25.72001383646732,-80.1257382137595
8058-INTPH,Female,0,No,No,CA,San Diego,32.80145710483196,-117.03690665679495
3642-GKTCT,Female,0,No,No,TX,Dallas,32.64297675056386,-96.82243124440565
0774-RMNUW,Female,0,Yes,Yes,TX,Austin,30.148131174469246,-97.68740401946667
1334-PDUKM,Female,0,Yes,No,CA,Los Angeles,33.97805931389761,-118.35341050342204
0756-MPZRL,Male,0,No,No,NY,New York,40.682434426054186,-73.97712261137274
2242-MFOTG,Male,0,No,No,MA,Boston,42.29700784443018,-71.16072460612564
2927-CVULT,Female,0,Yes,Yes,MA,Boston,42.2156296062693,-71.16997669005009
2144-BFDSO,Female,1,Yes,No,FL,Miami,25.76960215477372,-80.17055542656873
8745-PVESG,Female,0,No,No,TX,Austin,30.37974403987182,-97.80624759978188
7647-GYYKX,Female,0,Yes,Yes,TX,Austin,30.267821036407817,-97.76180199855438
5647-FXOTP,Female,1,Yes,No,NY,Buffalo,42.83953660296918,-78.92854866244336
5569-OUICF,Female,1,Yes,No,CA,San Francisco,37.88267688234713,-122.29218013954018
8821-XNHVZ,Female,0,Yes,Yes,WA,Seattle,47.470701176762155,-122.43384528945394
2082-OJVTK,Male,0,Yes,Yes,IL,Chicago,41.77630322726567,-87.67325854233
9700-ISPUP,Female,0,Yes,Yes,IL,Chicago,41.85435630443232,-87.70508218572228
9839-ETQOE,Male,0,No,Yes,IL,Chicago,41.95624900290069,-87.65675946673521
6078-VESFR,Male,1,Yes,No,WA,Seattle,47.74097885642628,-122.26745427580154
9027-TMATR,Female,0,Yes,No,GA,Atlanta,33.724842773110495,-84.28312520384517
5940-NFXKV,Male,0,Yes,Yes,CA,Los Angeles,34.0018340581911,-118.39179820961293
1941-HOSAM,Male,0,Yes,Yes,MA,Boston,42.33188391508167,-71.15589650983505
9110-HSGTV,Female,0,No,No,TX,Dallas,32.76138171278001,-96.69605399722191
0704-VCUMB,Female,0,Yes,No,NY,Buffalo,42.9064253631067,-78.91079046605456
6171-ZTVYB,Male,0,Yes,No,TX,Dallas,32.703431130342075,-96.82158203703544
8053-WWDRO,Female,0,Yes,No,GA,Atlanta,33.806527169830886,-84.44537251226924
9564-KCLHR,Male,0,No,No,NY,New York,40.719448244062754,-74.10620652877597
1935-IMVBB,Male,0,Yes,No,TX,Austin,30.182116318748363,-97.84678600702998
2535-PBCGC,Female,0,Yes,No,MA,Boston,42.29780949650426,-71.0957542210021
2082-CEFLT,Male,0,No,No,GA,Atlanta,33.63885040352933,-84.35589023007611
1470-PSXNM,Male,0,Yes,Yes,GA,Atlanta,33.85305918012655,-84.29191020525788
1213-NGCUN,Female,0,No,No,AZ,Phoenix,33.46826634705191,-112.21515623907699
2498-XLDZR,Female,0,Yes,Yes,CA,San Francisco,37.79192754081792,-122.56893352668682
9866-OCCKE,Female,1,Yes,No,TX,Austin,30.35544371346373,-97.61651756761015
5338-YHWYT,Male,0,No,Yes,CA,San Diego,32.74003904869839,-117.300946670566
7718-UPSKJ,Female,0,Yes,No,CA,Los Angeles,34.04492386814374,-118.17779344988244
8731-WBBMB,Female,0,Yes,No,CA,San Francisco,37.743231945012205,-122.55377393734312
1448-CYWKC,Female,0,Yes,Yes,NY,Buffalo,42.8949353071142,-78.80586303812316
7901-IIDQV,Male,0,No,No,NY,New York,40.56620716373368,-74.1475635863063
2690-DVRVK,Male,0,Yes,Yes,AZ,Phoenix,33.485778485884175,-112.02530158981381
5688-KZTSN,Male,0,Yes,Yes,TX,Houston,29.7515270312657,-95.5044600901624
1270-XKUCC,Female,0,Yes,Yes,MA,Boston,42.3746380381463,-70.93179378232072
0334-ZFJSR,Female,0,Yes,No,NY,Buffalo,43.0240266181311,-78.88763602012794
2894-QOJRX,Female,0,Yes,No,TX,Houston,29.906907416021195,-95.42212765425585
5747-PMBSQ,Male,1,Yes,No,TX,Austin,30.3851033071545,-97.70937135043394
5583-EJXRD,Male,0,Yes,Yes,FL,Orlando,28.533369424098435,-81.41823040408869
4565-EVZMJ,Female,0,No,No,FL,Orlando,28.4969798552215,-81.24112759777398
3143-JQEGI,Female,0,Yes,Yes,TX,Austin,30.164542036213216,-97.83653066286193
6386-SZZKH,Female,0,Yes,Yes,WA,Seattle,47.57163691766234,-122.409054078631
3327-YBAKM,Female,0,Yes,No,TX,Austin,30.279442350149974,-97.8341256324996
9441-QHEVC,Male,0,No,No,TX,Dallas,32.925799468661005,-96.78782526356736
6705-LNMDD,Male,0,No,No,TX,Dallas,32.92236933913916,-96.81500524171128
2580-ASVVY,Female,0,Yes,No,NY,Buffalo,42.764945234113064,-78.93958200022006
3370-GQEAL,Male,0,Yes,Yes,CA,San Diego,32.6651312505777,-117.2486076276467
5032-USPKF,Female,0,No,No,CO,Denver,39.82647221000646,-104.88530042971443
2982-IHMFT,Female,1,No,No,WA,Seattle,47.56903292186985,-122.31805269225244
3521-SYVOR,Female,0,No,No,CA,San Diego,32.854296207509776,-117.0747740940552
4254-QPEDE,Female,0,Yes,No,FL,Orlando,28.483241038133446,-81.35764477083988
6283-GITPX,Male,0,No,Yes,IL,Chicago,41.80319939359606,-87.55838296004961
9526-JAWYF,Male,0,No,No,IL,Chicago,41.968981166499844,-87.75026689115379
0771-CHWSK,Male,0,No,No,TX,Dallas,32.91043628250479,-96.7104874285207
9788-HNGUT,Male,0,Yes,No,GA,Atlanta,33.876958934912096,-84.43251342903868
9495-REDIY,Male,0,No,Yes,TX,Houston,29.707680133499643,-95.41847987786825
5375-XLDOF,Male,0,Yes,Yes,MA,Boston,42.41492124531601,-71.05922726891997
1172-VIYBP,Male,0,Yes,Yes,NY,Buffalo,42.883940619145164,-78.7667214614584
5649-VUKMC,Female,0,No,No,NY,Buffalo,42.88363692526088,-78.77505208737718
6559-PDZLR,Male,0,No,No,TX,Austin,30.156435347328404,-97.8820417101329
8992-OBVDG,Male,0,No,No,FL,Miami,25.79954448408748,-80.17000872288112
4273-MBHYA,Female,0,No,Yes,NY,Buffalo,42.977344599510346,-78.9689727105
4724-WXVWF,Male,0,No,No,FL,Orlando,28.432015248722536,-81.36800368463642
5701-GUXDC,Female,0,Yes,No,TX,Houston,29.653519121711238,-95.48576977784188
1460-UZPRJ,Male,0,Yes,No,AZ,Phoenix,33.31394502367788,-112.16549708833546
6082-GLJIX,Male,0,No,No,CA,San Diego,32.75155252775214,-117.24121833122976
5143-EGQFK,Female,1,No,No,CO,Denver,39.5937804032411,-105.03114104686806
4919-IKATY,Male,0,Yes,Yes,IL,Chicago,41.86073127472411,-87.76990631301946
2495-TTHBQ,Female,0,No,Yes,IL,Chicago,42.025739868124475,-87.54945982155644
0485-ZBSLN,Male,0,Yes,Yes,CO,Denver,39.82069166226767,-104.9846834252897
3810-PJUHR,Male,0,Yes,Yes,AZ,Phoenix,33.59216941235168,-111.9266453631983
9050-QLROH,Male,0,No,No,MA,Boston,42.5100979965637,-71.11602459977927
0847-HGRML,Male,0,No,Yes,CA,San Diego,32.80508037874241,-117.08334901804733
8232-CTLKO,Female,0,Yes,Yes,GA,Atlanta,33.681565743055195,-84.35694591064603
9227-YBAXE,Female,0,Yes,Yes,AZ,Phoenix,33.41945229696392,-112.06520847511675
6168-WFVVF,Female,1,No,No,AZ,Phoenix,33.43611484737444,-112.19762538514568
9860-LISIZ,Female,0,No,No,NY,New York,40.59409031320031,-74.03726087507054
0112-QAWRZ,Male,0,Yes,Yes,NY,Buffalo,43.03604949469685,-78.9814148741199
0877-SDMBN,Female,0,No,No,CO,Denver,39.84459071976166,-104.97336990926479
2786-GCDPI,Female,1,No,No,GA,Atlanta,33.72297529748923,-84.35293650370215
4043-MKDTV,Male,0,Yes,No,GA,Atlanta,33.81068558497301,-84.50161937434775
8065-YKXKD,Female,0,No,No,AZ,Phoenix,33.531287336217396,-111.97911733205207
9637-EIHEQ,Female,0,No,No,CA,Los Angeles,34.11677611969867,-118.13788868154563
9229-RQABD,Male,0,No,No,CA,San Francisco,37.68370063669992,-122.52887970746805
8313-KTIHG,Male,0,No,No,MA,Boston,42.474496779044124,-71.14522379970447
5320-BRKGK,Female,0,Yes,Yes,CA,San Diego,32.68939389794744,-117.25453194829012
6284-KMNUF,Female,0,Yes,No,FL,Orlando,28.390399859479448,-81.38851203202942
9689-PTNPG,Male,0,No,No,FL,Orlando,28.492810733101834,-81.27061523114672
9465-RWMXL,Male,0,Yes,No,CA,Los Angeles,33.975582545638936,-118.31385740757554
6229-UOLQL,Male,0,Yes,Yes,CA,San Francisco,37.79902659672279,-122.44631902921817
2362-IBOOY,Male,0,No,No,WA,Seattle,47.64228525505092,-122.42494689022742
3137-LUPIX,Female,0,No,No,FL,Miami,25.69447622990957,-80.19663955669805
0843-WTBXE,Male,0,No,No,TX,Dallas,32.86900882848223,-96.85694406618917
6143-JQKEA,Male,0,No,No,TX,Dallas,32.80925034757116,-96.7688143468609
8676-OOQEJ,Male,0,No,No,IL,Chicago,41.77554112442027,-87.6470049930102
5515-IDEJJ,Male,0,Yes,Yes,GA,Atlanta,33.76250121754811,-84.28077046683387
9701-CDXHR,Female,0,Yes,No,NY,New York,40.620991127764604,-74.12602481989614
7450-NWRTR,Male,1,No,No,WA,Seattle,47.61946153506843,-122.48076758997027
8124-NZVGJ,Female,0,No,No,FL,Miami,25.90693339187044,-80.1529817998936
2162-FRZAA,Male,0,Yes,Yes,NY,Buffalo,42.97893509130576,-78.78523832871171
5376-DEQCP,Female,0,No,No,WA,Seattle,47.686954682209155,-122.24924046057758
5118-MUEYH,Female,0,Yes,No,TX,Austin,30.291695654303286,-97.81494881700436
9095-HFAFX,Female,0,No,No,CA,Los Angeles,34.06881943023126,-118.38303869313968
5627-TVBPP,Female,0,No,Yes,CO,Denver,39.7686541760458,-105.07468166878486
2379-ENZGV,Male,0,No,No,FL,Orlando,28.534970982096223,-81.35985150883685
3936-QQFLL,Male,0,No,No,WA,Seattle,47.50976612769236,-122.30509252942177
2589-AYCRP,Female,0,No,No,CA,San Diego,32.76735995463266,-117.04636375199125
4067-HLYQI,Female,0,No,No,TX,Houston,29.64102628400568,-95.33389208306843
5124-EOGYE,Male,0,No,No,NY,Buffalo,42.896459215734424,-78.73845394331322
5057-RKGLH,Female,0,Yes,Yes,NY,New York,40.77196131788578,-74.00194885185896
0292-WEGCH,Female,0,Yes,Yes,FL,Miami,25.804857692459905,-80.13334648448762
8910-ICHIU,Female,0,No,No,MA,Boston,42.310536847729445,-71.0301158061039
4097-YODCF,Male,0,No,Yes,NY,Buffalo,42.77454232443268,-78.92469340648503
9715-WZCLW,Male,0,Yes,Yes,TX,Dallas,32.708776155007946,-96.81744676986558
9786-YWNHU,Female,0,Yes,Yes,AZ,Phoenix,33.49718364840469,-111.96589370068469
6407-GSJNL,Female,0,No,No,IL,Chicago,41.8287668707203,-87.50271639954052
6005-OBZPH,Female,1,No,No,IL,Chicago,41.8634097884043,-87.51107926811042
4049-ZPALD,Female,0,Yes,No,IL,Chicago,41.85381093626389,-87.74539959866776
7932-WPTDS,Female,1,Yes,No,WA,Seattle,47.74897571326413,-122.20944950555707
3733-UOCWF,Male,1,Yes,No,AZ,Phoenix,33.347031454949146,-112.05614263451419
6833-JMZYP,Female,0,No,No,TX,Houston,29.7139928040145,-95.46540974434338
2722-VOJQL,Male,0,No,No,NY,Buffalo,42.76095118883219,-78.96925460195322
1310-QRITU,Female,0,No,No,FL,Miami,25.84416402751417,-80.05832949040321
8961-QDZZJ,Female,0,Yes,Yes,FL,Orlando,28.442691146956257,-81.25140209512786
9715-SBVSU,Male,0,Yes,Yes,CA,San Diego,32.759436111916365,-117.26867306807719
8490-BXHEO,Male,1,No,No,IL,Chicago,41.89434815333554,-87.6686614367671
7173-TETGO,Female,1,Yes,No,FL,Orlando,28.399860976352585,-81.3140651120906
7929-SKFGK,Male,0,Yes,No,CO,Denver,39.683777627017975,-104.98479420232346
2300-RQGOI,Female,0,No,No,GA,Atlanta,33.70945142075508,-84.5309530111478
3563-SVYLG,Male,0,Yes,Yes,WA,Seattle,47.735112592440935,-122.46873104605325
5228-EXCET,Male,0,No,No,IL,Chicago,41.771655595203725,-87.74378016073165
6435-VWCCY,Male,1,Yes,No,AZ,Phoenix,33.55188655057931,-111.92480330616269
4998-IKFSE,Female,0,No,No,AZ,Phoenix,33.34629235772198,-112.17534463184495
8630-QSGXK,Male,0,Yes,No,FL,Miami,25.782120991644884,-80.1246872972102
2455-USLMV,Female,0,No,No,TX,Houston,29.865399195045566,-95.23673970052849
7394-FKDNK,Female,0,Yes,No,GA,Atlanta,33.7127412147617,-84.46128164322118
9488-FVZCC,Female,0,Yes,Yes,IL,Chicago,41.86783255034181,-87.71734179750463
6331-LWDTQ,Male,0,No,No,FL,Orlando,28.44082883557157,-81.42800605070076
5995-WWKKG,Female,0,No,No,NY,Buffalo,42.905140244269695,-78.86970884670751
1597-FZREH,Female,0,No,No,TX,Austin,30.14647580833698,-97.67773740137449
7879-CGSFV,Male,0,No,No,TX,Austin,30.278417197580755,-97.64731695013556
9921-EZKBY,Male,0,No,Yes,AZ,Phoenix,33.47132579514553,-111.99785366681563
7432-FFVAR,Female,0,Yes,Yes,CA,Los Angeles,34.194758833548214,-118.19177464639877
7246-ZGQDF,Female,0,No,Yes,CA,Los Angeles,34.17766289766479,-118.19395420142692
7000-WCEVQ,Female,1,No,No,TX,Houston,29.821232328700056,-95.45884612026734
0727-IWKVK,Male,0,Yes,No,CA,San Diego,32.76369949898692,-117.25679216492698
5959-BELXA,Male,1,No,No,IL,Chicago,41.84785347435333,-87.72941440645377
4456-RHSNB,Female,0,Yes,Yes,FL,Miami,25.765900598611545,-80.33439239416727
3512-IZIKN,Female,0,Yes,No,CA,San Francisco,37.68530108963847,-122.33180482266542
2481-SBOYW,Female,0,No,Yes,IL,Chicago,41.85328008093001,-87.51592575620911
7109-MFBYV,Male,0,No,No,NY,Buffalo,43.01633318752357,-79.0064976037691
1833-TCXKK,Male,0,Yes,No,FL,Orlando,28.687232858868793,-81.28948858864976
1832-PEUTS,Male,0,Yes,Yes,FL,Orlando,28.60507090394149,-81.42665511736269
6141-OOXUQ,Male,0,No,No,GA,Atlanta,33.614886302686536,-84.34330437939639
8660-BUETV,Female,0,No,No,AZ,Phoenix,33.31953064894033,-112.03287605932829
0580-PIQHM,Female,0,Yes,Yes,IL,Chicago,41.998873055623505,-87.58488546686745
5696-CEIQJ,Male,0,Yes,Yes,GA,Atlanta,33.88653464945971,-84.46507484104329
7503-ZGUZJ,Male,0,No,No,FL,Orlando,28.397122768349327,-81.30945827344635
1696-HXOWK,Female,0,Yes,No,NY,New York,40.743234308129814,-74.00436929292103
3026-ATZYV,Female,0,Yes,Yes,NY,Buffalo,42.98709265662692,-78.77781158405345
4012-YCFAI,Male,0,Yes,No,WA,Seattle,47.677582931734236,-122.46794089665394
2506-TNFCO,Female,1,Yes,No,NY,New York,40.7104597071721,-74.09544607150228
9970-QBCDA,Female,0,No,No,CA,San Diego,32.85013921369565,-117.08640948848624
8718-PTMEZ,Female,0,No,No,CA,San Diego,32.721892416731876,-117.06359003939193
9496-IVVRP,Female,0,Yes,Yes,GA,Atlanta,33.839815866039466,-84.4564379703559
2207-OBZNX,Male,0,No,No,GA,Atlanta,33.617918695969806,-84.4516893671659
2657-VPXTA,Female,0,Yes,Yes,CO,Denver,39.87879463336874,-105.11800076740876
6551-VLJMV,Male,0,Yes,No,MA,Boston,42.48464516534624,-70.98920205755145
1221-GHZEP,Female,0,No,No,CA,San Diego,32.826509481198386,-117.22193723551754
9289-LBQVU,Male,0,Yes,No,NY,New York,40.6375220811026,-74.11744989973496
6142-VSJQO,Female,0,Yes,Yes,CA,Los Angeles,34.15794777662515,-118.11605847901117
3458-IDMFK,Male,0,No,No,NY,Buffalo,42.74450669217993,-78.91794297417964
6933-FHBZC,Female,0,No,No,NY,New York,40.85556448849396,-74.12023811314802
0221-NAUXK,Male,0,No,Yes,MA,Boston,42.40695814812864,-71.1907911000097
9770-KXGQU,Female,0,No,No,NY,New York,40.65114167459688,-74.12066649012242
6437-UKHMV,Female,0,No,No,NY,Buffalo,42.90723062126184,-78.94977214971935
6538-POCHL,Male,0,No,No,AZ,Phoenix,33.50670804133,-112.12593751526774
6726-NNFWD,Female,1,Yes,No,CA,Los Angeles,33.91997900765185,-118.30485116745163
3002-WQZWT,Female,0,No,No,CA,San Francisco,37.914256335215484,-122.2958833286148
4277-UDIEF,Male,0,Yes,Yes,AZ,Phoenix,33.57312490253378,-112.08135398882453
1208-NBVFH,Male,0,Yes,Yes,CA,San Diego,32.715657161129265,-117.02404313264209
4912-PIGUY,Female,0,No,No,IL,Chicago,41.785752215576636,-87.75528325852736
1114-CENIM,Male,0,No,Yes,WA,Seattle,47.53991939531791,-122.42517212706422
6060-DRTNL,Female,1,No,No,GA,Atlanta,33.70742169788104,-84.35750958851897
2725-TTRIQ,Female,0,Yes,Yes,TX,Houston,29.67120815815406,-95.42806224034132
3374-TTZTK,Male,0,Yes,No,CA,San Diego,32.65882756200705,-117.12573593257991
8990-ZXLSU,Female,0,No,No,TX,Dallas,32.72942215234118,-96.85361595639026
2275-RBYQS,Female,0,No,No,AZ,Phoenix,33.484985177551884,-112.1827642968293
8473-VUVJN,Male,1,No,No,CA,San Francisco,37.92240182378559,-122.47323457192016
6289-CPNLD,Male,0,Yes,Yes,NY,New York,40.75568088455857,-73.93601723159338
5536-SLHPM,Female,0,Yes,No,NY,New York,40.65154074819478,-74.0829111145169
4419-UJMUS,Male,0,Yes,Yes,AZ,Phoenix,33.356338466242335,-111.94949025037889
7794-JASDG,Male,0,No,No,GA,Atlanta,33.76050006442765,-84.34131538753793
7609-YBPXG,Male,0,No,No,NY,New York,40.84606542642788,-74.13550934993347
5519-TEEUH,Male,0,No,Yes,NY,Buffalo,42.82510187286483,-78.91197371552157
7856-GANIL,Male,1,Yes,No,CA,Los Angeles,34.104113914928114,-118.36635976583042
0804-XBFBV,Female,0,No,Yes,MA,Boston,42.25167558783872,-70.91208827742003
2676-OXPPQ,Male,0,No,No,AZ,Phoenix,33.554081759280635,-112.14464907078388
3703-TTEPD,Male,0,No,No,WA,Seattle,47.48021640180551,-122.3948142290495
2799-TSLAG,Female,0,Yes,Yes,NY,New York,40.663611045287766,-74.15400497098466
0196-VULGZ,Female,1,Yes,No,WA,Seattle,47.6315624789976,-122.22554521497615
8837-VVWLQ,Female,0,No,No,CA,San Francisco,37.90041888791441,-122.36269451920161
2696-NARTR,Male,0,No,No,FL,Miami,25.80351679072465,-80.31028029967376
2208-NKVVH,Male,0,Yes,Yes,FL,Orlando,28.64365796419876,-81.33272072685436
7614-QVWQL,Male,0,Yes,Yes,GA,Atlanta,33.82024153560471,-84.50716802066106
1976-CFOCS,Female,1,Yes,No,MA,Boston,42.46785422928609,-71.18268678277835
4631-OACRM,Male,1,No,No,GA,Atlanta,33.65394971428584,-84.45569148880456
7139-JZFVG,Male,0,Yes,Yes,NY,Buffalo,42.86249332979478,-78.74032051502664
4987-GQWPO,Male,0,No,No,NY,New York,40.75839723482262,-74.13954098059695
3755-JBMNH,Male,1,Yes,No,CA,Los Angeles,34.17735191322692,-118.25974104071821
1757-TCATG,Male,0,Yes,Yes,CA,Los Angeles,33.98420941785802,-118.38141569769351
6345-ULYRW,Male,1,Yes,No,CA,Los Angeles,33.93574966974526,-118.38572750066628
4776-XSKYQ,Female,0,Yes,Yes,CA,San Diego,32.65619228816903,-117.0882101332587
8048-DSDFQ,Male,0,No,No,NY,New York,40.74369032458735,-74.08411005668529
5753-QQWPW,Female,0,No,No,FL,Miami,25.75797192098688,-80.10697697546908
6010-DDPPW,Male,0,Yes,No,IL,Chicago,41.92290277778382,-87.71505564654039
1809-DMJHQ,Female,0,No,Yes,FL,Miami,25.719809241971973,-80.05866944630216
6693-FRIRW,Male,0,No,No,TX,Dallas,32.62762337803158,-96.75666112418625
6586-MYGKD,Male,0,Yes,No,TX,Houston,29.694888852424466,-95.32179071802786
3173-NVMPX,Female,0,Yes,Yes,CO,Denver,39.88477394179497,-105.11591935356765
0248-PGHBZ,Female,1,No,No,TX,Austin,30.399706772043256,-97.85665886788189
0623-GDISB,Female,0,No,No,FL,Miami,25.721539597685265,-80.11351207800278
2892-GESUL,Female,0,Yes,Yes,NY,New York,40.70051751428987,-74.01669085748266
6923-EFPNL,Male,0,No,No,IL,Chicago,41.91157846423493,-87.70092998365391
7472-EQOAV,Male,1,Yes,Yes,FL,Orlando,28.670760336705335,-81.52492212118561
9574-RKJIF,Male,0,Yes,Yes,GA,Atlanta,33.894963242721815,-84.45474330174581
2043-WVTQJ,Male,0,Yes,No,AZ,Phoenix,33.39717670617462,-112.0915536915582
8034-RYTVV,Female,0,No,No,IL,Chicago,42.001801912809555,-87.66229892933565
3863-QSTYI,Male,0,No,No,CA,Los Angeles,34.016524572199884,-118.28931050431508
2619-WFQWU,Female,0,No,No,CO,Denver,39.602801437428944,-105.04782918031815
5044-LRQAQ,Female,0,Yes,No,CA,San Diego,32.78822464228177,-117.14379618385782
1716-LSAMB,Male,0,Yes,Yes,NY,Buffalo,42.916337675839486,-78.98452834230075
1333-PBMXB,Female,0,Yes,Yes,TX,Dallas,32.654158429132686,-96.79864737457599
6546-OPBBH,Male,0,Yes,Yes,IL,Chicago,41.93279158704544,-87.6174625106947
5985-BEHZK,Female,1,Yes,No,FL,Orlando,28.571986649573887,-81.24790418760057
9127-QRZMH,Male,0,Yes,No,CA,Los Angeles,34.134733634109345,-118.2401314844634
5919-VCZYM,Male,0,No,No,NY,Buffalo,42.92432831293722,-78.83690915351862
9644-KVCNC,Female,0,No,No,GA,Atlanta,33.644164402782444,-84.34557199185281
2137-DQMEV,Male,0,Yes,Yes,TX,Houston,29.743277181214395,-95.2398345189381
8174-LNWMW,Female,0,No,No,WA,Seattle,47.46601815935269,-122.43734221286418
9279-CJEOJ,Female,1,No,No,TX,Austin,30.139712704775402,-97.86430987156429
7964-VEXDG,Male,0,No,Yes,NY,Buffalo,42.77252715380758,-78.79729847494241
2404-JIBFC,Female,0,Yes,Yes,CA,Los Angeles,33.93965257744118,-118.32318581602449
0778-NELLA,Male,0,No,No,CA,Los Angeles,34.136049492562435,-118.37663472199809
8029-XYPWT,Male,1,Yes,No,NY,New York,40.83275331729967,-74.04603774851776
4614-NUVZD,Female,0,No,No,IL,Chicago,41.87316638610523,-87.55731261177687
4632-PAOYU,Male,0,Yes,Yes,CO,Denver,39.63745666442925,-105.08059541989087
3803-KMQFW,Female,0,Yes,Yes,GA,Atlanta,33.60117926271734,-84.45639958461639
6804-GDMOI,Female,0,No,No,GA,Atlanta,33.75297217194697,-84.35562220394912
2990-OGYTD,Female,0,Yes,No,FL,Miami,25.762142328665494,-80.25007736224079
6646-JPPHA,Female,1,No,No,TX,Dallas,32.712259167167005,-96.77833383138486
9572-MTILT,Male,0,Yes,No,WA,Seattle,47.64938522594709,-122.20441084427785
7658-UYUQS,Male,1,Yes,No,GA,Atlanta,33.818939773488545,-84.35629053760805
7880-XSOJX,Male,0,No,No,AZ,Phoenix,33.51530132972313,-112.20920790335764
9611-CTWIH,Female,0,No,No,AZ,Phoenix,33.3781748150748,-112.03097985141513
4589-IUAJB,Male,0,Yes,No,WA,Seattle,47.511374421175994,-122.44262767030341
0329-GTIAJ,Female,0,No,No,FL,Miami,25.70942197273868,-80.23731269980428
8746-BFOAJ,Male,1,No,No,IL,Chicago,41.90475008269898,-87.66968095540874
8457-XIGKN,Male,0,No,No,CA,Los Angeles,34.073706437248,-118.37543086518991
6072-NUQCB,Male,0,Yes,Yes,FL,Orlando,28.673143184233293,-81.35406998493177
6629-CZTTH,Male,0,No,No,CO,Denver,39.88541977199697,-105.08967464233014
8838-GPHZP,Female,0,No,No,IL,Chicago,42.00154023499218,-87.4935512010309
8750-QWZAJ,Female,0,Yes,Yes,NY,Buffalo,42.89057530203425,-78.95947128700175
5364-EVNIB,Male,0,No,No,AZ,Phoenix,33.35730266763719,-112.17963914134113
6918-UMQCG,Female,0,No,No,NY,Buffalo,42.836097601340754,-78.85716833009431
0675-NCDYU,Female,0,Yes,Yes,CA,San Diego,32.6602561068316,-117.12381102801793
6339-DKLMK,Female,0,No,No,CA,San Diego,32.65311602097974,-117.18395908915093
1346-PJWTK,Male,0,Yes,No,CA,San Diego,32.61356001566635,-117.08326577479514
5088-QZLRL,Male,0,No,No,IL,Chicago,41.83858461988515,-87.67436093245918
8023-QHAIO,Female,1,Yes,No,FL,Orlando,28.493193398572274,-81.30159489093907
4397-FRLTA,Female,0,No,No,AZ,Phoenix,33.48873552546192,-112.00302985265644
3057-VJJQE,Male,0,No,No,CA,San Diego,32.65558422179759,-117.16703692076516
5087-SUURX,Female,0,Yes,No,TX,Houston,29.82026915112593,-95.49162393925022
2302-OUZXB,Male,0,Yes,No,WA,Seattle,47.54421739426472,-122.19703021984488
8133-ANHHJ,Female,1,No,No,CO,Denver,39.83777527544104,-105.04248637597811
2270-CHBFN,Female,0,Yes,No,FL,Miami,25.66570811720465,-80.24548783330184
0013-EXCHZ,Female,1,Yes,No,CO,Denver,39.877085664186836,-104.95469976325292
5982-FPVQN,Female,0,Yes,Yes,NY,New York,40.747091993175765,-73.98323574308287
9107-UKCKY,Male,0,Yes,No,WA,Seattle,47.74117566782804,-122.30539053173065
4654-ULTTN,Male,0,Yes,No,CA,San Francisco,37.65605341005696,-122.49558949518843
5550-VFRLC,Female,1,No,No,AZ,Phoenix,33.43482537433743,-112.1599361614776
5546-BYZSM,Female,0,No,No,CA,Los Angeles,34.11889709563269,-118.30632951284922
1492-KGETH,Male,0,Yes,Yes,FL,Orlando,28.45615640822159,-81.42590763089734
4929-BSTRX,Female,0,No,No,FL,Orlando,28.656456372956082,-81.50144164656948
4163-HFTUK,Male,0,No,No,CA,Los Angeles,34.137750368976526,-118.24184071131997
8215-NGSPE,Female,0,Yes,Yes,WA,Seattle,47.60644822690316,-122.34894532742868
2225-ZRGSG,Female,0,Yes,Yes,AZ,Phoenix,33.411216720232645,-111.9745997462945
8859-YSTWS,Male,0,No,No,MA,Boston,42.37758486557674,-71.01368227334392
5271-YNWVR,Male,0,Yes,Yes,MA,Boston,42.458992998261856,-71.18123614591345
7601-DHFWZ,Female,0,No,No,AZ,Phoenix,33.35635016703201,-112.21800122649809
2657-ALMWY,Female,1,Yes,No,CA,San Diego,32.586082215011004,-117.18304795553684
6330-JKLPC,Male,0,Yes,No,GA,Atlanta,33.82707867651408,-84.27004139198351
4667-OHGKG,Male,0,No,No,AZ,Phoenix,33.39446138254548,-111.96509561854846
1998-VHJHK,Female,0,No,No,NY,Buffalo,42.936417402564395,-78.77355494429189
1707-HABPF,Female,1,No,No,CO,Denver,39.70612801243877,-104.99781129550837
1660-HSOOQ,Male,0,No,No,TX,Houston,29.900739721985214,-95.4121910864927
7253-UVNDW,Female,0,No,No,CA,San Francisco,37.76445483006637,-122.41475358112454
0487-VVUVK,Male,0,Yes,Yes,TX,Houston,29.633007847553873,-95.33161434441533
7228-OMTPN,Male,0,No,No,WA,Seattle,47.62169374869324,-122.4094275674997
5063-IUOKK,Male,0,No,No,AZ,Phoenix,33.32414730998851,-112.18178054045427
4508-OEBEY,Male,0,Yes,No,TX,Dallas,32.925491309319376,-96.7182508571351
0027-KWYKW,Female,0,Yes,Yes,NY,New York,40.63357856421315,-74.15451978305187
2308-STERM,Female,0,No,No,WA,Seattle,47.52476134605341,-122.24210307908538
5982-XMDEX,Female,0,No,No,CA,San Francisco,37.76469031165872,-122.42262143822198
6284-AHOOQ,Male,1,No,No,NY,New York,40.728073667232444,-74.12700410755762
6051-PTVNS,Female,0,Yes,Yes,CA,San Diego,32.74401654167092,-117.02106929343131
2344-JMOGN,Male,0,Yes,No,GA,Atlanta,33.82999503428401,-84.47791456000667
3799-ISUZQ,Male,0,Yes,Yes,MA,Boston,42.39341559195287,-71.00624286481023
2877-VDUER,Female,0,Yes,Yes,CO,Denver,39.7400350324363,-105.09418327177657
9152-AMKAK,Male,0,No,No,MA,Boston,42.32352416579092,-71.17881113178449
1794-HBQTJ,Female,0,No,No,AZ,Phoenix,33.31699054691875,-112.08171840282446
9432-VOFYX,Male,0,No,No,FL,Miami,25.89983319669787,-80.1859938730141
8049-WJCLQ,Male,0,Yes,Yes,AZ,Phoenix,33.329821893465706,-112.16935659812246
6586-PSJOX,Male,0,No,Yes,CA,Los Angeles,33.92211062013976,-118.37314635521389
2460-FPSYH,Female,1,No,No,GA,Atlanta,33.65084132407987,-84.27906350076712
9705-ZJBCG,Female,0,Yes,Yes,NY,Buffalo,42.842543943051446,-78.96030888716643
4818-DRBQT,Male,0,Yes,No,TX,Houston,29.728532879618246,-95.42495065357984
1320-HTRDR,Female,0,No,No,WA,Seattle,47.611653544243545,-122.42807617192881
6847-KJLTS,Female,1,Yes,No,WA,Seattle,47.754229249013896,-122.24669111137582
9670-BPNXF,Female,0,No,No,GA,Atlanta,33.86154953978944,-84.39634654443014
3913-FCUUW,Female,0,Yes,Yes,CO,Denver,39.77659325768025,-105.08962868395604
3301-VKTGC,Male,0,Yes,Yes,TX,Houston,29.699730715053544,-95.3790508902182
1493-AMTIE,Male,0,No,No,GA,Atlanta,33.59912505441272,-84.37364746713354
9555-SAHUZ,Female,0,Yes,Yes,WA,Seattle,47.566955092982624,-122.32979150638734
0816-TSPHQ,Male,0,No,No,CA,Los Angeles,34.0280249661481,-118.31291864115518
9932-WBWIK,Male,0,No,No,AZ,Phoenix,33.369098164947935,-112.03507260645279
4619-EVPHY,Female,1,Yes,No,FL,Miami,25.797875669339497,-80.19535500432131
5286-YHCVC,Male,0,Yes,No,MA,Boston,42.31660081236834,-70.99235310297375
6424-ELEYH,Female,0,Yes,No,TX,Austin,30.343437679799713,-97.6377122524325
4391-RESHN,Male,0,No,No,TX,Dallas,32.80607610988338,-96.83996670368677
9115-YQHGA,Male,0,No,No,TX,Dallas,32.78015306373764,-96.87270270269012
4462-CYWMH,Male,1,Yes,No,IL,Chicago,41.76588497410588,-87.77623838829851
8963-MQVYN,Female,0,No,Yes,TX,Houston,29.908137589496743,-95.40632699522237
2458-EOMRE,Female,0,No,No,IL,Chicago,41.74640705982402,-87.66080057896383
9334-GWGOW,Male,1,Yes,No,TX,Austin,30.200604671092805,-97.79189359602807
6821-BUXUX,Female,0,No,No,FL,Miami,25.81614097821581,-80.20809569708389
5028-HTLJB,Male,1,No,No,CA,San Diego,32.652846447305414,-117.15130659144286
9801-GDWGV,Female,0,No,No,TX,Dallas,32.67055342371342,-96.7184281165687
6542-LWGXJ,Male,0,Yes,No,CA,Los Angeles,33.983465399742194,-118.27450003426637
5567-GZKQY,Male,0,No,No,CA,Los Angeles,34.193779063814205,-118.3391649710048
1222-LRYKO,Male,0,No,Yes,FL,Orlando,28.61949456432602,-81.31912164948479
2320-JRSDE,Female,0,Yes,Yes,FL,Miami,25.81430422616716,-80.29389861311867
2087-QAREY,Female,0,Yes,No,MA,Boston,42.43616806609056,-70.95738990297241
0601-WZHJF,Male,0,Yes,No,CA,San Diego,32.80115162702056,-117.22262559333386
4423-JWZJN,Male,0,Yes,Yes,CA,San Francisco,37.894683444051566,-122.34909370812133
5143-WMWOG,Male,0,No,No,FL,Miami,25.899081801265783,-80.2494765898945
6490-FGZAT,Male,0,No,No,NY,Buffalo,42.73694569086163,-78.78127104231652
5393-RXQSZ,Male,0,No,No,MA,Boston,42.448009068682346,-71.1939864760378
7452-FOLON,Male,0,No,Yes,CA,San Diego,32.58060048563149,-117.01665462263591
2320-TZRRH,Female,0,No,No,WA,Seattle,47.57169197015862,-122.23005846434204
0231-LXVAP,Male,0,No,No,CO,Denver,39.74229717646246,-104.89968871992176
9444-JTXHZ,Male,0,Yes,No,WA,Seattle,47.65337414317415,-122.46086337794074
4942-VZZOM,Male,0,Yes,No,MA,Boston,42.35343725611834,-70.93876243477074
5510-BOIUJ,Male,0,No,Yes,FL,Orlando,28.566501513895652,-81.47175952056078
7502-BNYGS,Female,0,Yes,No,AZ,Phoenix,33.398715721161,-112.04990085773596
4291-HYEBC,Female,1,Yes,Yes,MA,Boston,42.26812811342406,-71.2081551405713
6147-CBCRA,Female,0,Yes,No,IL,Chicago,41.91872417691904,-87.74632544408793
6047-SUHPR,Male,0,Yes,Yes,MA,Boston,42.288355991491905,-71.03618484271341
4471-KXAUH,Female,0,Yes,No,FL,Miami,25.690483552598792,-80.14572623645903
9752-ZNQUT,Female,0,No,No,FL,Orlando,28.65216699720808,-81.36183123327038
7638-QVMVY,Female,0,No,No,TX,Dallas,32.761851349098315,-96.79889228173498
1576-PFZIW,Male,1,Yes,No,CA,San Diego,32.571273759648484,-117.22069455472939
5666-MBJPT,Male,0,No,No,IL,Chicago,41.99639517159534,-87.62411679963908
7312-XSBAT,Male,0,No,No,TX,Austin,30.216357265814775,-97.73975993431944
3096-GKWEB,Male,0,Yes,No,NY,Buffalo,42.768503832604665,-78.87063079148407
2371-JQHZZ,Male,0,Yes,No,TX,Dallas,32.70460671075808,-96.74181905601029
0674-GCDXG,Male,0,No,No,TX,Dallas,32.92105456170532,-96.88085993603309
1121-QSIVB,Female,0,No,Yes,AZ,Phoenix,33.49045395366794,-112.09788388698388
4396-KLSEH,Male,0,No,No,TX,Houston,29.64760674416171,-95.2426208260115
3244-DCJWY,Female,0,No,No,FL,Miami,25.816630353530005,-80.10724417371199
2824-MYYBN,Female,0,Yes,Yes,FL,Miami,25.810957794973547,-80.13241942396246
0875-CABNR,Female,1,No,No,CA,San Francisco,37.76530844888695,-122.33590980451653
6345-HOVES,Male,0,No,No,CA,Los Angeles,34.13812515104073,-118.34541689669044
8318-LCNBW,Male,0,Yes,No,AZ,Phoenix,33.53549739163567,-112.02326545804924
6469-QJKZW,Female,0,Yes,No,IL,Chicago,41.81330918779111,-87.53936301855617
0147-ESWWR,Female,1,Yes,No,NY,New York,40.58521311129321,-74.11438646970494
1217-VASWC,Male,1,Yes,No,FL,Miami,25.64989396777795,-80.14777070369182
7812-FZHPE,Female,0,Yes,Yes,CA,Los Angeles,33.94539758682405,-118.15155186446488
6370-ZVHDV,Female,0,Yes,No,GA,Atlanta,33.78498911866657,-84.31002801189203
5915-DGNVC,Female,0,Yes,No,FL,Miami,25.67654642760886,-80.33523820343748
6260-XLACS,Male,0,No,No,NY,Buffalo,42.869775410097716,-78.73969215878303
3566-CAAYU,Female,0,Yes,Yes,CA,San Francisco,37.86653801003104,-122.27947745951315
4983-CCWMC,Male,0,No,No,MA,Boston,42.30720561057677,-71.10105255518219
9103-CXVOK,Male,0,Yes,Yes,MA,Boston,42.31463189012343,-70.93960607678086
2896-TBNBE,Male,0,Yes,No,CA,San Diego,32.66669107584581,-117.21238643582306
4797-AXPXK,Female,0,No,Yes,TX,Dallas,32.87082092580392,-96.90875560340243
5229-PRWKT,Male,0,No,No,CO,Denver,39.75761938368398,-104.90993776657052
6982-UQZLY,Female,1,Yes,No,IL,Chicago,41.8238548702955,-87.72971387029297
2522-WLNSF,Female,1,Yes,No,TX,Houston,29.729220153801332,-95.37747069218449
3841-CONLJ,Female,0,Yes,No,CA,Los Angeles,33.974962566764695,-118.2551895049056
5057-LCOUI,Female,0,No,No,TX,Houston,29.833851921686414,-95.49390420453004
0193-ESZXP,Female,1,Yes,No,FL,Miami,25.791892642559635,-80.17166772745071
4475-NVTLU,Male,0,Yes,Yes,NY,New York,40.811502520090905,-74.13028259491395
4369-HTUIF,Male,1,No,No,WA,Seattle,47.49049988941466,-122.2719626481968
9386-LDCZR,Male,0,No,No,IL,Chicago,41.89746788929007,-87.60283464138436
9585-KKMFD,Male,0,Yes,Yes,CA,San Francisco,37.709694295941,-122.47758102916339
5399-ZIMKF,Male,0,No,No,FL,Orlando,28.55615471040153,-81.29520624431389
0336-KXKFK,Male,0,No,No,CO,Denver,39.60032364113855,-104.91363440904928
5619-XZZKR,Male,0,No,No,WA,Seattle,47.72223915372798,-122.47510471662113
3948-FVVRP,Male,0,Yes,Yes,TX,Dallas,32.844376164209436,-96.88496683461725
5327-XOKKY,Male,1,Yes,No,FL,Miami,25.7717011800001,-80.26411497209436
0983-TATYJ,Female,0,Yes,No,TX,Dallas,32.89160175533144,-96.72575207676535
1813-JYWTO,Female,0,Yes,No,WA,Seattle,47.561469830959375,-122.43485701695613
0156-FVPTA,Male,0,Yes,No,TX,Houston,29.870651697353253,-95.27310384508695
1984-FCOWB,Female,0,Yes,No,TX,Houston,29.703001983061487,-95.29860320400421
0654-HMSHN,Male,0,Yes,Yes,FL,Miami,25.723429022785727,-80.32822273597588
6719-OXYBR,Male,0,No,No,TX,Dallas,32.67473998507071,-96.88958202688761
3312-ZWLGF,Male,1,Yes,No,TX,Dallas,32.83365845516505,-96.82770789848485
6476-YHMGA,Female,0,Yes,Yes,GA,Atlanta,33.63978807345464,-84.31413334024234
5287-QWLKY,Male,1,Yes,Yes,AZ,Phoenix,33.58697597507962,-112.0749418558593
0795-XCCTE,Male,1,No,No,CO,Denver,39.78251583892772,-105.12986015808059
0168-XZKBB,Female,0,Yes,No,GA,Atlanta,33.768758554673724,-84.3670457062343
3785-NRHYR,Male,0,No,No,TX,Dallas,32.835647439749714,-96.76171516809273
5196-SGOAK,Female,0,No,No,AZ,Phoenix,33.563556211186906,-112.20736634734442
4537-DKTAL,Female,0,No,No,TX,Dallas,32.77616291842057,-96.67052204672143
7072-MBHEV,Female,1,Yes,Yes,IL,Chicago,41.79213586943637,-87.70361632658759
5602-BVFMK,Female,0,No,No,IL,Chicago,41.78927189791868,-87.63600607911816
6297-NOOPG,Female,0,Yes,No,CO,Denver,39.609787244151974,-105.05200868419865
1891-UAWWU,Female,1,Yes,No,TX,Houston,29.88404352766061,-95.51168965601025
8204-TIFGJ,Female,0,No,No,FL,Orlando,28.48496277687161,-81.3109533715894
8050-DVOJX,Male,1,No,No,CA,San Francisco,37.78150805771677,-122.50153724329193
6108-OQZDQ,Female,0,Yes,Yes,CA,San Diego,32.66109090936862,-117.08559982622052
0363-QJVFX,Male,0,No,No,FL,Miami,25.61780679310489,-80.18783582422486
8903-XEBGX,Male,0,No,Yes,CA,Los Angeles,34.184545908374034,-118.20339570885045
8169-SAEJD,Male,1,Yes,No,TX,Austin,30.390603899712776,-97.86555538715263
9840-DVNDC,Male,0,No,No,GA,Atlanta,33.890759090475655,-84.4202636434786
1089-XZWHH,Female,0,Yes,Yes,CA,San Diego,32.59353563674587,-117.0994500483759
2325-WINES,Female,0,No,No,WA,Seattle,47.7437797471535,-122.45543505806307
6064-ZATLR,Female,0,No,No,MA,Boston,42.2921749826383,-70.99875690177727
3096-JRDSO,Female,1,Yes,No,MA,Boston,42.48863184651796,-70.9272694310582
7824-PANSQ,Male,0,No,No,CA,Los Angeles,34.145260686772424,-118.27824816176746
8042-JVNFH,Male,0,No,No,AZ,Phoenix,33.468550492748996,-112.22208497310436
9648-BCHKM,Female,0,Yes,Yes,WA,Seattle,47.57169973216389,-122.22600973168716
2888-ADFAO,Female,0,Yes,Yes,TX,Dallas,32.80842545997424,-96.66118359730467
8707-HOEDG,Female,0,Yes,Yes,CA,San Diego,32.64919946782439,-117.12285648196877
3374-LXDEV,Female,0,No,No,FL,Orlando,28.65484144155849,-81.25881253279354
4072-IPYLT,Female,0,Yes,Yes,TX,Austin,30.12093119167894,-97.75640158597882
7167-PCEYD,Male,0,No,No,CA,San Diego,32.61617941583783,-117.27083846037425
4936-YPJNK,Female,0,No,No,CO,Denver,39.868332285768616,-105.13340684584294
1580-BMCMR,Male,1,No,No,FL,Miami,25.701901595441633,-80.25541026856222
4817-KEQSP,Female,0,Yes,Yes,TX,Dallas,32.906174856259966,-96.81952136378034
6408-WHTEF,Male,0,Yes,Yes,CO,Denver,39.6644859676884,-104.86693987821334
9251-AWQGT,Female,0,Yes,Yes,WA,Seattle,47.45805773796147,-122.26803952247239
8749-CLJXC,Male,0,No,No,MA,Boston,42.4297517251613,-70.91850736072873
7989-VCQOH,Male,0,Yes,Yes,WA,Seattle,47.63454664622065,-122.44927431222104
5049-GLYVG,Male,0,No,No,FL,Orlando,28.521001425143726,-81.25342525179293
4199-QHJNM,Male,1,Yes,No,FL,Miami,25.670521781888485,-80.14086774069095
8882-TLVRW,Male,0,Yes,Yes,TX,Austin,30.411004305201597,-97.6628760448376
5883-GTGVD,Male,0,No,No,MA,Boston,42.479710013351806,-71.05493565641524
5135-GRQJV,Male,1,Yes,No,AZ,Phoenix,33.35546902324625,-112.1311336677163
2384-OVPSA,Female,1,No,No,FL,Orlando,28.560847114737896,-81.50906609491948
1371-WEPDS,Male,1,Yes,No,CA,San Francisco,37.83492190564963,-122.33147576649614
3580-GICBM,Female,0,Yes,Yes,WA,Seattle,47.50086117905486,-122.33880634959307
4817-QRJSX,Female,0,No,No,TX,Austin,30.382690338082476,-97.79232883611265
9730-DRTMJ,Male,0,Yes,No,FL,Orlando,28.62409537462215,-81.30170642161353
4686-UXDML,Female,0,No,No,FL,Orlando,28.42648064703796,-81.41973767363727
3349-ANQNH,Female,1,No,No,AZ,Phoenix,33.43554780516929,-112.11654854157536
2398-YPMUR,Female,1,Yes,No,WA,Seattle,47.6524859045988,-122.2679451648791
0932-YIXYU,Female,0,No,No,TX,Dallas,32.69206195913522,-96.66600938591417
7480-SPLEF,Male,0,Yes,Yes,TX,Dallas,32.62809747910658,-96.77312214854622
7636-XUHWW,Male,0,No,No,TX,Houston,29.9022815043927,-95.31795408524685
1431-CYWMH,Female,0,Yes,Yes,IL,Chicago,41.820888063571836,-87.52410856729097
5937-EORGB,Male,1,Yes,No,NY,Buffalo,42.904294614660394,-78.93021670759032
6349-JDHQP,Female,0,No,No,TX,Dallas,32.63920987000813,-96.72458776706328
5539-HIVAK,Female,1,Yes,No,FL,Miami,25.907367081520793,-80.15423841890296
5847-MXBEO,Male,0,No,No,TX,Houston,29.897523525184877,-95.2508338663461
9985-MWVIX,Female,0,No,No,CA,San Diego,32.62684382316235,-117.10541696103431
4583-PARNH,Male,1,Yes,No,FL,Orlando,28.634564390749624,-81.50144865020802
1116-FRYVH,Female,0,Yes,Yes,CA,San Francisco,37.8249293649149,-122.46790016083409
1421-HCERK,Male,1,Yes,No,AZ,Phoenix,33.53609067669846,-112.08795175651798
9633-XQABV,Female,0,No,No,MA,Boston,42.318585563978466,-71.11391632047315
0716-BQNDX,Male,1,No,No,WA,Seattle,47.61078051969904,-122.41275133014278
1265-XTECC,Female,1,Yes,No,AZ,Phoenix,33.569780128107254,-111.98909904091342
1183-CANVH,Female,0,Yes,No,FL,Orlando,28.548047752949543,-81.3498032563755
1972-XMUWV,Female,0,Yes,No,WA,Seattle,47.48443711013386,-122.40912399139484
8679-LZBMD,Male,0,Yes,No,AZ,Phoenix,33.36718254696047,-112.05258849430261
3407-JMJQQ,Female,0,Yes,Yes,GA,Atlanta,33.78632864156491,-84.37713720220815
6252-DFGTK,Female,0,Yes,No,FL,Miami,25.769444223071012,-80.17404603703338
1539-LNKHM,Female,0,No,No,CA,San Francisco,37.80537556697101,-122.40891182943363
8645-KOMJQ,Male,0,Yes,Yes,AZ,Phoenix,33.59629035979832,-111.99030231417026
0289-IVARM,Female,0,No,No,NY,New York,40.85365758488676,-73.94789568504794
9761-XUJWD,Male,0,No,No,CA,Los Angeles,33.954425772319745,-118.18762504387108
4057-FKCZK,Male,0,Yes,Yes,WA,Seattle,47.51299144817156,-122.2296524899399
4291-TPNFG,Male,0,Yes,No,AZ,Phoenix,33.34501669438663,-112.1704443780022
6087-YPWHO,Male,0,Yes,No,AZ,Phoenix,33.38176449984525,-112.16646765914479
3090-QFUVD,Female,0,No,No,NY,New York,40.71649012792747,-73.88857759889284
2237-ZFSMY,Female,0,No,No,GA,Atlanta,33.76632633889922,-84.30893265486445
1722-LDZJS,Male,0,Yes,Yes,CA,San Francisco,37.625066574626864,-122.31957038030949
1818-ESQMW,Female,0,No,No,TX,Dallas,32.83171589261819,-96.75960671332373
4871-JTKJF,Female,1,No,No,WA,Seattle,47.577361540254714,-122.37072916378645
1415-YFWLT,Female,1,No,No,CA,Los Angeles,33.992585728965274,-118.26936710909813
7401-RUBNK,Female,0,Yes,No,NY,Buffalo,43.033953641431054,-79.00732158280604
0506-YLVKJ,Male,0,Yes,Yes,TX,Austin,30.282341987418256,-97.83733888927642
8661-BOYNW,Female,0,Yes,No,FL,Orlando,28.64365677711183,-81.34234909514436
6711-VTNRE,Female,0,No,No,TX,Austin,30.338620314671143,-97.62032885607378
4815-GBTCD,Female,0,Yes,No,TX,Dallas,32.73901007194252,-96.76093497806579
2805-AUFQN,Female,0,No,No,CA,San Diego,32.78323800062023,-117.19315783636058
0980-PVMRC,Female,0,Yes,Yes,TX,Houston,29.69146043394164,-95.2829610391186
7233-DRTRF,Male,0,Yes,No,TX,Houston,29.72902758293709,-95.3635958569492
3500-RMZLT,Female,1,No,No,GA,Atlanta,33.65790171243936,-84.4859694055786
3873-NFTGI,Male,0,No,No,TX,Houston,29.69272175407327,-95.24920392088814
1162-ECVII,Male,1,Yes,No,GA,Atlanta,33.66660275229676,-84.33976068862442
7048-GXDAY,Male,0,No,No,FL,Orlando,28.516469421838238,-81.40395256611993
8571-ZCMCX,Female,0,Yes,Yes,WA,Seattle,47.511948322193184,-122.4348230025274
1169-WCVAK,Male,0,Yes,No,CO,Denver,39.721031935800355,-105.13990648210464
4548-SDBKE,Female,0,No,No,AZ,Phoenix,33.48381861122319,-112.1365249896193
8066-POXGX,Female,0,No,No,CO,Denver,39.63293612578994,-104.85137993607124
7129-CAKJW,Female,0,No,No,AZ,Phoenix,33.582970106048556,-112.13405465691734
8695-ARGXZ,Male,1,Yes,No,TX,Houston,29.746371985863494,-95.35666580885957
3570-YUEKJ,Female,0,No,No,WA,Seattle,47.60505244531805,-122.46797782428023
4143-OOBWZ,Male,0,Yes,No,IL,Chicago,41.756340277143366,-87.58441758199942
1555-HAPSU,Female,0,Yes,Yes,FL,Orlando,28.528089493809276,-81.31298694236837
1697-NVVGY,Male,1,Yes,No,GA,Atlanta,33.79396613216607,-84.28771510233453
7854-EKTJL,Female,0,No,Yes,TX,Austin,30.37857286028405,-97.70359929704237
8464-EETCQ,Male,0,No,No,CA,Los Angeles,34.08997908770303,-118.24119755811132
2419-FSORS,Male,0,Yes,No,NY,Buffalo,42.96550783206358,-78.79037620192973
8132-YPVBX,Female,0,No,No,WA,Seattle,47.74945711889484,-122.29315376458722
9102-IAYHT,Female,0,Yes,Yes,CA,Los Angeles,34.20202743337572,-118.1651275850525
6754-LZUKA,Male,0,Yes,No,NY,Buffalo,42.96114348457913,-78.81658497209649
3422-LYEPQ,Male,0,Yes,Yes,AZ,Phoenix,33.32110723892117,-111.95904014524615
8099-MZPUJ,Male,0,Yes,Yes,GA,Atlanta,33.7378526892125,-84.4534339260518
0787-LHDYT,Male,0,No,No,NY,New York,40.620413948188265,-73.95865066138867
2642-DTVCO,Male,1,No,No,FL,Miami,25.85255253401299,-80.17326795147117
0374-IOEGQ,Female,0,No,No,NY,Buffalo,42.82651278720316,-78.9761272252264
4361-JEIVL,Male,0,No,Yes,AZ,Phoenix,33.436944339319865,-111.96840260525987
3197-NNYNB,Male,0,No,No,TX,Houston,29.85767254265835,-95.50879427025875
3396-DKDEL,Female,0,Yes,Yes,CA,Los Angeles,33.986958990622604,-118.27128944048152
1752-OZXFY,Male,0,Yes,No,CO,Denver,39.73667678378802,-105.03688561762159
9066-QRSDU,Female,0,Yes,No,AZ,Phoenix,33.473662318077615,-112.03020200387662
9112-WSNPU,Female,1,No,No,TX,Austin,30.20211484457514,-97.85170680564492
9867-NNXLC,Female,0,No,No,IL,Chicago,41.844735748080545,-87.65733983672276
5321-NTRKC,Male,0,Yes,Yes,MA,Boston,42.43508186673299,-70.92158627525421
1363-TXLSL,Male,1,Yes,No,FL,Orlando,28.442939369164083,-81.30735535399133
9507-EXLTT,Female,0,Yes,No,IL,Chicago,41.855385558824196,-87.55300524767642
3161-GETRM,Male,0,Yes,Yes,TX,Dallas,32.78303213114786,-96.77454711173623
0402-OAMEN,Female,0,Yes,Yes,NY,Buffalo,42.955159082464604,-78.83595645256659
6933-VLYFX,Male,0,Yes,Yes,IL,Chicago,41.82946212893327,-87.66507401359698
6754-WKSHP,Male,0,No,Yes,CA,Los Angeles,33.96011081385593,-118.20324239745973
9846-GKXAS,Female,0,No,No,AZ,Phoenix,33.402664817614095,-112.16634047937147
6017-PPLPX,Male,0,Yes,Yes,CA,Los Angeles,34.03653713534508,-118.17521311409112
4976-LNFVV,Male,1,Yes,No,CA,Los Angeles,34.09887347346092,-118.14502687415492
5055-MGMGF,Female,0,Yes,No,NY,Buffalo,42.748311076333216,-78.91723022350578
4641-FROLU,Female,0,Yes,Yes,GA,Atlanta,33.83221441261886,-84.38965664545924
2862-JVEOY,Male,0,No,No,IL,Chicago,41.81513094764644,-87.68882062716419
2969-QWUBZ,Female,0,No,No,GA,Atlanta,33.83731948865459,-84.45432890751285
9822-BIIGN,Male,0,Yes,Yes,CA,San Diego,32.8546132273408,-117.13140245229268
2077-MPJQO,Male,1,Yes,No,FL,Miami,25.733166011818057,-80.1792213803848
1534-OULXE,Female,0,Yes,Yes,NY,New York,40.78621481819971,-73.90739213349818
7136-RVDTZ,Male,1,No,No,TX,Dallas,32.886474738401034,-96.65994789605803
2971-SGAFL,Female,0,No,No,AZ,Phoenix,33.31872742967119,-112.07677549519536
1480-IVEVR,Male,1,Yes,No,NY,New York,40.735548960744055,-74.05266952098674
2905-KFQUV,Female,0,Yes,No,WA,Seattle,47.597285792708675,-122.32290228664846
4581-SSPWD,Female,0,No,No,CA,San Francisco,37.784218554651765,-122.31065731475853
3370-HXOPH,Female,0,No,No,TX,Dallas,32.889628191704084,-96.79419743733517
9391-YZEJW,Female,0,No,No,MA,Boston,42.224745850153624,-71.07769434072652
9958-MEKUC,Male,0,Yes,Yes,MA,Boston,42.43553427226363,-71.03770784539977
0281-CNTZX,Male,0,Yes,No,CA,Los Angeles,33.9954137044786,-118.25563838091652
6927-WTFIV,Male,1,No,No,CO,Denver,39.72414825462782,-105.00288006197265
4118-CEVPF,Female,1,No,No,CO,Denver,39.82522702014143,-105.03949719617317
3398-ZOUAA,Male,1,Yes,No,TX,Austin,30.13211743459554,-97.82444046556549
9114-VEPUF,Male,0,Yes,No,AZ,Phoenix,33.448636916052465,-112.15817231057841
7876-BEUTG,Female,0,No,No,MA,Boston,42.480244809939045,-71.14357437323615
2338-BQEZT,Female,0,No,No,GA,Atlanta,33.61393374936854,-84.42680713575893
9873-MNDKV,Female,0,No,No,NY,New York,40.63149704500205,-73.8730725565909
0378-NHQXU,Female,0,Yes,Yes,CA,San Diego,32.660420221391796,-117.15778195781792
8241-JUIQO,Female,0,No,No,TX,Houston,29.842463626522846,-95.2788588562696
2194-IIQOF,Female,0,Yes,No,WA,Seattle,47.51908210512977,-122.36404619614265
4512-ZUIYL,Female,0,No,No,CA,San Francisco,37.62565053404538,-122.50331214449841
9631-RXVJM,Male,0,No,No,GA,Atlanta,33.74720238220131,-84.29222439808858
9584-EXCDZ,Female,0,No,No,NY,Buffalo,42.74360562065093,-78.84943219121594
7969-AULMZ,Female,0,No,No,AZ,Phoenix,33.39893941086148,-112.20944911375084
5093-FEGLU,Female,0,Yes,No,CA,San Diego,32.66697210495971,-117.01923748556766
2621-UDNLU,Female,0,Yes,No,TX,Houston,29.7282286938825,-95.34027447549533
7526-IVLYU,Male,0,No,No,TX,Houston,29.86242060975667,-95.47326960607286
2428-HYUNX,Male,1,Yes,No,CA,San Francisco,37.66189237062059,-122.46591509386748
9214-EKVXR,Female,0,No,No,GA,Atlanta,33.71888146800628,-84.35642733956466
3410-MHHUM,Female,0,Yes,Yes,CA,San Francisco,37.648656055915296,-122.46192595733717
0568-ONFPC,Male,0,Yes,Yes,TX,Dallas,32.72801707963787,-96.93086799377528
0733-VUNUW,Male,0,No,No,WA,Seattle,47.552873950379485,-122.4008795274117
4550-EVXNY,Female,0,No,Yes,IL,Chicago,42.006469243393646,-87.59133737835218
2122-YWVYA,Female,0,No,No,TX,Dallas,32.83765443167782,-96.89859358297963
2968-SSGAA,Female,0,No,No,FL,Miami,25.714223912085036,-80.13305797838521
2296-DKZFP,Female,0,Yes,No,CO,Denver,39.811068414910366,-104.8763099504278
4844-JJWUY,Female,1,No,No,TX,Austin,30.16754953110175,-97.81786662575719
6777-TGHTM,Female,0,No,No,WA,Seattle,47.698071165372546,-122.20119275183869
8909-BOLNL,Male,0,No,No,GA,Atlanta,33.71345316454597,-84.23833791180009
6603-YRDCJ,Male,0,Yes,No,CA,San Francisco,37.777585282124555,-122.3964776925878
3538-WZPHD,Male,0,No,No,IL,Chicago,41.934904967190164,-87.7140173806747
3229-USWAR,Female,0,No,No,MA,Boston,42.30427860270782,-71.14595663746049
2138-VFAPZ,Female,0,Yes,Yes,NY,Buffalo,42.80493783285047,-78.81979181343983
6131-JLWZM,Female,0,No,No,FL,Orlando,28.53878066240474,-81.49577226683071
4785-QRJHC,Male,1,Yes,No,FL,Miami,25.881301477116452,-80.10494756689506
0269-XFESX,Male,0,Yes,Yes,CA,Los Angeles,33.92705679937723,-118.2604518289471
1709-EJDOX,Female,0,Yes,Yes,FL,Miami,25.889013538198665,-80.17538952468851
4316-XCSLJ,Male,0,No,Yes,IL,Chicago,41.75662761796809,-87.63564052008151
8610-WFCJF,Female,0,Yes,Yes,AZ,Phoenix,33.525717846929275,-112.20565512815898
9693-XMUOB,Male,1,Yes,No,WA,Seattle,47.55856556970914,-122.23105147682573
0383-CLDDA,Female,0,No,No,TX,Houston,29.712217619017323,-95.34851143596677
4905-JEFDW,Male,0,No,No,TX,Houston,29.900547866949626,-95.234408846466
2709-UQGNP,Male,0,No,No,FL,Miami,25.629454979898153,-80.3210768278508
3549-ZTMNH,Male,0,Yes,Yes,NY,Buffalo,42.954410100458816,-78.79630393626559
7881-INRLC,Male,0,No,No,CA,San Francisco,37.6637732429677,-122.47216140807305
8033-ATFAS,Female,0,Yes,Yes,MA,Boston,42.26894189704169,-71.02491365293375
1635-NZATJ,Male,1,Yes,No,CA,San Francisco,37.85097512744379,-122.35626362349872
0562-HKHML,Male,0,Yes,Yes,TX,Dallas,32.71487402757948,-96.70744036046175
8277-RVRSV,Female,0,Yes,Yes,NY,New York,40.83286719017433,-74.11235414007199
9943-VSZUV,Male,1,No,No,CA,San Francisco,37.638283192141955,-122.44520156845634
0117-LFRMW,Male,0,Yes,Yes,CA,Los Angeles,34.01850713149995,-118.17019931071519
6172-FECYY,Male,0,Yes,Yes,TX,Dallas,32.63251606684105,-96.77451032173092
7054-ENNGU,Female,0,Yes,No,GA,Atlanta,33.63455148365941,-84.27270457291235
1455-HFBXA,Male,0,Yes,No,CO,Denver,39.628478026392045,-105.11354919019838
9402-CXWPL,Female,0,No,No,NY,New York,40.66777741502782,-74.0015915712992
1628-BIZYP,Male,0,No,No,NY,New York,40.80514290189433,-74.12680328108597
1965-AKTSX,Female,1,No,No,TX,Dallas,32.664725593137014,-96.77806816996265
0082-LDZUE,Male,0,No,No,FL,Orlando,28.463268567362647,-81.34258066081522
4786-UKSNZ,Male,0,No,No,TX,Houston,29.8227741373008,-95.27136915598588
5343-SGUBI,Female,0,No,No,TX,Austin,30.125981513741532,-97.76610578486512
0856-NAOES,Male,0,No,No,CA,San Diego,32.80227298108549,-117.12379375703873
1976-AZZPJ,Male,0,Yes,No,TX,Houston,29.884343105163968,-95.26236451156882
7248-VZQLC,Female,1,No,No,FL,Orlando,28.522441398992935,-81.31911165291005
6156-UZDLF,Female,0,No,No,TX,Houston,29.67015599604427,-95.31114291995137
3099-OONVS,Male,0,Yes,Yes,NY,Buffalo,43.00686075108866,-78.76171309180218
9500-WBGRP,Male,0,No,No,CA,San Francisco,37.856468096891845,-122.51907468038168
5183-KLYEM,Female,0,No,No,FL,Miami,25.728473407529048,-80.04379705957712
5144-PQCDZ,Male,0,No,No,TX,Dallas,32.66719978642543,-96.93029931475309
8514-VZHEB,Male,0,Yes,Yes,GA,Atlanta,33.793287064119504,-84.45109663003778
6625-IUTTT,Male,0,No,No,GA,Atlanta,33.75207682446963,-84.30277488664208
9355-NPPFS,Female,1,No,No,CA,San Diego,32.85969859543165,-117.08394332297372
0068-FIGTF,Female,0,No,No,TX,Houston,29.883846497450676,-95.31051884328367
5965-GGPRW,Male,0,Yes,Yes,NY,Buffalo,42.74493074842845,-78.90746984311998
8035-PWSEV,Female,0,No,No,TX,Austin,30.3425192529793,-97.87159356745762
2236-HILPA,Male,0,Yes,Yes,WA,Seattle,47.61533588881628,-122.3752692835157
1840-BIUOG,Male,0,No,No,TX,Houston,29.90988148287512,-95.38200312554457
1356-MKYSK,Male,0,No,No,TX,Dallas,32.89599079013453,-96.74664158118492
6080-LNESI,Male,0,No,No,IL,Chicago,41.819195115318045,-87.70902930081833
1830-IPXVJ,Female,0,Yes,Yes,NY,New York,40.80767839039772,-74.0795625765657
5828-DWPIL,Male,1,Yes,No,WA,Seattle,47.66995599576079,-122.34936053665749
8398-TBIYD,Female,0,No,No,MA,Boston,42.43823545684287,-70.98585999959535
0011-IGKFF,Male,1,Yes,No,NY,New York,40.85351648954564,-74.06118878156663
4192-GORJT,Male,0,Yes,No,TX,Austin,30.360478464431278,-97.62524871589233
6496-SLWHQ,Male,1,No,No,CA,Los Angeles,34.08395901876119,-118.24934983875158
9912-GVSEQ,Female,1,Yes,No,IL,Chicago,41.84316217373862,-87.58453877500098
2931-FSOHN,Male,1,No,No,AZ,Phoenix,33.37959047227935,-111.9428344437367
9418-RUKPH,Female,0,Yes,Yes,CA,Los Angeles,34.14544686080288,-118.12607909195901
5383-MMTWC,Female,1,Yes,No,WA,Seattle,47.59745223718135,-122.31322335563631
9971-ZWPBF,Male,1,Yes,Yes,CA,Los Angeles,34.030177725391866,-118.16395862977552
4712-AUQZO,Male,0,No,No,TX,Houston,29.770429195842418,-95.37250990238115
9711-FJTBX,Male,0,Yes,Yes,TX,Dallas,32.784947394465696,-96.88302548492769
2908-ZTPNF,Female,0,No,No,IL,Chicago,41.798068181645974,-87.73132232919508
7240-ETPTR,Female,0,Yes,No,CO,Denver,39.63801159215614,-105.10151801047078
2202-CUYXZ,Male,0,No,No,FL,Orlando,28.398047909962063,-81.29788855022767
5995-OIGLP,Male,0,No,No,TX,Dallas,32.64740656720763,-96.80269289113977
8421-WZOOW,Female,1,Yes,Yes,CA,San Francisco,37.90455011108457,-122.5310219419887
6261-RCVNS,Female,0,No,No,AZ,Phoenix,33.52432290476803,-112.17366571136208
7951-QKZPL,Female,0,Yes,Yes,CA,San Francisco,37.810279530653666,-122.52380593111516
1414-YADCW,Male,0,Yes,No,FL,Miami,25.64937058513881,-80.12671559410799
8756-RDDLT,Female,0,No,No,TX,Austin,30.215417468250134,-97.73420593356639
2862-PFNIK,Male,0,No,Yes,TX,Austin,30.348582838183326,-97.66634411633596
5816-QVHRX,Female,0,No,No,NY,New York,40.79104361696613,-73.94001343383067
4430-YHXGG,Female,0,No,Yes,TX,Dallas,32.88868036571821,-96.92480272085116
6888-SBYAI,Male,0,No,No,AZ,Phoenix,33.32502579655779,-112.135295939965
7395-XWZOY,Male,0,No,No,MA,Boston,42.281452164797145,-70.92221026231194
7169-YWAMK,Male,0,Yes,Yes,CA,San Diego,32.57699736801558,-117.14353760798163
3640-PHQXK,Female,0,No,No,FL,Orlando,28.623121974143455,-81.48144212577307
6877-LGWXO,Male,1,Yes,No,CA,San Diego,32.791837324030496,-117.2752593466272
6859-RKMZJ,Male,0,Yes,No,CA,Los Angeles,34.19230980609334,-118.18483072051673
2729-VNVAP,Female,0,Yes,Yes,TX,Houston,29.761098688061395,-95.35136605252238
2957-JIRMN,Female,1,No,No,FL,Orlando,28.568770154689023,-81.31470838043323
2049-BAFNW,Female,0,No,No,TX,Austin,30.20188430165252,-97.79188054493844
3842-QTGDL,Male,0,Yes,No,TX,Houston,29.67508591339653,-95.39843695082881
7163-OCEQI,Male,0,Yes,Yes,FL,Miami,25.61960627642894,-80.29857248003407
9782-LGXMC,Female,0,Yes,Yes,TX,Dallas,32.85472856773552,-96.86296942909298
5975-BAICR,Male,0,Yes,Yes,NY,New York,40.76240026708686,-73.96625929659011
8019-ENHXU,Male,0,Yes,No,IL,Chicago,41.878518395057185,-87.66298551828855
5167-GBFRE,Male,1,No,No,CA,San Francisco,37.7284474229931,-122.27121315830433
9033-EOXWV,Female,0,No,No,MA,Boston,42.3596880139131,-71.10390454394188
4673-KKSLS,Female,0,No,No,AZ,Phoenix,33.542769159779496,-112.0531374314065
4853-OITSN,Male,0,Yes,No,TX,Austin,30.341546440542306,-97.83445520306987
9800-OUIGR,Male,0,Yes,Yes,CA,San Francisco,37.77547406692694,-122.37578700030613
1324-NLTJE,Female,1,No,No,NY,New York,40.70927759482678,-74.03452050977195
2324-EFHVG,Male,0,No,No,NY,Buffalo,42.75540593346887,-78.85268806448684
7094-MSZAO,Male,0,Yes,Yes,CO,Denver,39.87258229920701,-105.03674954710009
1522-VVDMG,Male,0,Yes,Yes,NY,Buffalo,42.84693579862265,-78.9944121532559
6907-CQGPN,Male,0,No,No,NY,Buffalo,42.931630580086306,-78.93908375921421
0780-XNZFN,Male,0,No,No,MA,Boston,42.50884924252393,-71.08486828822055
0239-OXEXL,Female,0,No,No,WA,Seattle,47.50675028255355,-122.44909483668339
2675-IJRGJ,Male,0,No,No,WA,Seattle,47.74337498060262,-122.47591970928264
7049-GKVZY,Female,0,No,No,CA,San Diego,32.75200198605428,-117.19743468152112
8577-QSOCG,Female,0,Yes,Yes,CA,San Diego,32.80329957616494,-117.16562172243967
3721-CNZHX,Male,0,No,No,WA,Seattle,47.72675099666861,-122.44313106061934
0212-ISBBF,Female,0,No,No,FL,Miami,25.61552224205836,-80.07392945748103
9185-TQCVP,Male,0,Yes,No,MA,Boston,42.38534627765352,-71.12871481883134
3585-YNADK,Female,0,Yes,No,FL,Orlando,28.506368524946136,-81.45383706289564
5271-DBYSJ,Male,1,No,No,FL,Orlando,28.434995918284,-81.26819387612261
1099-GODLO,Female,0,Yes,Yes,TX,Dallas,32.7313070920377,-96.78603193389293
6828-HMKWP,Male,0,Yes,Yes,TX,Dallas,32.914598060160976,-96.69842210494457
5567-WSELE,Male,1,Yes,No,GA,Atlanta,33.887932399114035,-84.25228048560948
1472-TNCWL,Male,0,No,Yes,FL,Miami,25.798816115553393,-80.31832065975675
8063-RJYNF,Male,0,No,No,FL,Orlando,28.537028705737026,-81.5075678178697
0687-ZVTHB,Male,0,Yes,Yes,TX,Dallas,32.7556738152306,-96.70285705103043
2080-GKCWQ,Male,0,No,No,CO,Denver,39.70489328517457,-104.98273044236782
9661-ACXBS,Female,0,No,No,FL,Miami,25.652905630430112,-80.08425900449724
2193-SFWQW,Male,0,Yes,Yes,MA,Boston,42.4393412847862,-71.02247799340056
5656-JAMLX,Male,0,No,No,FL,Orlando,28.556067516875885,-81.50227944676033
3462-BJQQA,Female,0,No,No,NY,Buffalo,42.84834352748487,-78.8653505198717
0442-TDYUO,Male,0,Yes,No,CA,Los Angeles,34.16175345387073,-118.10435525918597
6733-LRIZX,Male,0,No,No,FL,Orlando,28.605728397102812,-81.35564493398934
9503-XJUME,Male,0,No,Yes,FL,Orlando,28.66315181712573,-81.31008404583893
4367-NHWMM,Female,0,No,No,TX,Dallas,32.8424926176323,-96.67618090408517
3727-RJMEO,Male,0,Yes,No,NY,Buffalo,42.91052417785703,-78.97954843872627
3779-OSWCF,Female,0,Yes,No,TX,Austin,30.31306362212763,-97.7181591918394
6736-DHUQI,Female,0,Yes,Yes,NY,New York,40.708313548867444,-73.90584748298738
3915-ODIYG,Male,1,No,No,TX,Dallas,32.738251522434645,-96.73764279038998
1360-RCYRT,Male,0,Yes,Yes,CA,San Diego,32.721061896691374,-117.14323180641955
2724-FJDYW,Male,0,No,Yes,CA,Los Angeles,33.96741104156681,-118.18314020085661
4451-RWASJ,Male,0,Yes,Yes,WA,Seattle,47.72353829568613,-122.4257147560433
6646-VRFOL,Male,1,Yes,No,NY,New York,40.83906360021937,-74.03841942789572
3460-TJBWI,Male,0,Yes,Yes,WA,Seattle,47.56691090732999,-122.26500103290896
5917-HBSDW,Female,0,Yes,Yes,IL,Chicago,41.820284061729474,-87.71688025646503
5685-IIXLY,Female,0,Yes,Yes,FL,Miami,25.675878244889514,-80.08270432669528
5671-UUNXD,Female,1,Yes,No,AZ,Phoenix,33.393157695101564,-112.0819154060811
0956-ACVZC,Female,0,No,No,FL,Orlando,28.575904883542837,-81.35050330904059
2325-NBPZG,Female,0,No,No,TX,Dallas,32.76385940342104,-96.80285628011991
4250-ZBWLV,Male,0,No,No,FL,Miami,25.854463098246793,-80.04727921268488
4482-FTFFX,Male,0,No,No,NY,Buffalo,42.7468937477737,-78.83124562710046
8859-DZTGQ,Male,0,No,No,TX,Dallas,32.90532169269973,-96.7575343421915
0440-MOGPM,Female,0,No,No,FL,Orlando,28.546398869351375,-81.29584119739803
0020-JDNXP,Female,0,Yes,Yes,CO,Denver,39.77804913039746,-104.99928000227882
3752-CQSJI,Female,0,Yes,Yes,TX,Houston,29.8197093458326,-95.28247936632557
5025-GOOKI,Female,0,No,No,FL,Miami,25.78132873523039,-80.14857836238622
4698-KVLLG,Female,1,No,No,CO,Denver,39.62286615885015,-104.91944165111431
5095-AESKG,Female,0,Yes,No,IL,Chicago,41.76645551201265,-87.50429728655712
2887-JPYLU,Female,0,No,Yes,FL,Miami,25.664360294266547,-80.06210528094189
4770-QAZXN,Female,0,No,No,TX,Houston,29.67801260395658,-95.44470529559783
4896-CPRPF,Male,0,Yes,Yes,WA,Seattle,47.745752433616744,-122.35667356231691
1871-MOWRM,Male,0,Yes,No,WA,Seattle,47.60876889284629,-122.3364166810382
9714-EDSUC,Male,0,No,No,FL,Miami,25.81420604488805,-80.19433109652604
2027-OAQQC,Female,0,No,No,TX,Austin,30.297439574490735,-97.60337482062678
0282-NVSJS,Female,1,Yes,Yes,CO,Denver,39.851098316003636,-104.86199570102544
9090-SGQXL,Male,1,Yes,No,TX,Austin,30.21643422471325,-97.84072672252681
6595-YGXIT,Male,1,No,No,CO,Denver,39.815855431174306,-105.0478324301627
7353-YOWFP,Female,0,No,No,NY,Buffalo,42.851837430320145,-78.9213170930373
9835-ZIITK,Male,1,Yes,No,CA,San Diego,32.8050588389136,-117.06377096260952
8008-ESFLK,Female,0,Yes,No,TX,Austin,30.316984922242746,-97.75390567975542
7537-CBQUZ,Male,1,No,No,GA,Atlanta,33.882925779886406,-84.37980898890262
1555-DJEQW,Female,0,Yes,Yes,MA,Boston,42.433501498797625,-71.03276904666238
5649-TJHOV,Male,1,Yes,No,FL,Orlando,28.490332218870208,-81.32355444195223
0519-XUZJU,Female,0,No,No,AZ,Phoenix,33.43835097039192,-112.13816756364831
3363-EWLGO,Female,0,No,No,NY,Buffalo,42.87323329531735,-78.8036359107613
4750-UKWJK,Female,1,Yes,No,IL,Chicago,41.856275464846156,-87.49374781771932
6338-AVWCY,Male,0,No,No,CA,Los Angeles,34.132762578728745,-118.34595698113093
1689-YQBYY,Female,0,No,Yes,TX,Austin,30.155507769159108,-97.74592447928502
4487-ZYJZK,Female,0,Yes,Yes,NY,New York,40.82227557630369,-74.14205704354575
2959-FENLU,Female,0,No,No,CA,San Diego,32.584886078502365,-117.01583556776568
0708-LGSMF,Male,0,Yes,No,TX,Dallas,32.85875437047129,-96.76255256422036
9253-QXKBE,Male,1,Yes,No,AZ,Phoenix,33.53823144229076,-112.10674700529543
7634-HLQJR,Female,0,Yes,Yes,CO,Denver,39.862520796802315,-105.00783528959741
0487-RPVUM,Male,0,Yes,No,FL,Miami,25.711656015702577,-80.13684097486711
4079-ULGFR,Male,0,No,No,TX,Dallas,32.88688951267961,-96.94199643407956
2516-XSJKX,Female,0,Yes,Yes,FL,Orlando,28.427453114300828,-81.25352373308566
0057-QBUQH,Female,0,No,Yes,TX,Austin,30.15093458557532,-97.74389220209777
9445-SZLCH,Female,0,Yes,Yes,WA,Seattle,47.6681797098112,-122.37430612969658
6599-SFQVE,Female,0,No,No,NY,New York,40.60058989918075,-73.92080074105179
8331-ZXFOE,Female,0,No,No,NY,New York,40.72776337122334,-74.03953184534065
4003-FUSHP,Male,0,No,No,CA,San Diego,32.602291359338594,-117.24807552628326
0356-ERHVT,Male,0,Yes,No,CA,Los Angeles,34.17809079885796,-118.32755472589515
7325-ENZFI,Female,0,No,No,IL,Chicago,41.75459672635881,-87.63488757892115
4884-ZTHVF,Female,1,No,No,NY,New York,40.59807925936173,-74.01470125314879
3920-HIHMQ,Female,0,No,Yes,WA,Seattle,47.523256552688025,-122.30476938865361
3055-OYMSE,Female,1,No,No,AZ,Phoenix,33.457936802960724,-112.04202635130173
0613-WUXUM,Female,0,Yes,Yes,CA,Los Angeles,34.07386326001135,-118.38048792964135
7568-PODML,Male,0,No,No,MA,Boston,42.412136570398005,-71.09009689003214
4458-KVRBJ,Male,0,No,No,NY,Buffalo,42.92069116277722,-78.82902849255038
5349-IECLD,Male,0,No,No,MA,Boston,42.26675828345423,-71.111131870444
1397-XKKWR,Male,0,No,No,TX,Dallas,32.66526403694407,-96.7829930416336
3945-GFWQL,Female,0,No,Yes,WA,Seattle,47.74333980719956,-122.39793425745115
8097-OMULG,Male,0,Yes,Yes,CO,Denver,39.71783063230016,-104.90692564732191
6013-BHCAW,Male,0,Yes,Yes,TX,Dallas,32.917907517613436,-96.83241598412266
0401-WDBXM,Male,0,Yes,Yes,NY,New York,40.651655218747976,-73.96857021949945
3387-PLKUI,Female,0,Yes,Yes,MA,Boston,42.242025256188725,-71.01416119954055
6096-EGVTU,Female,0,Yes,Yes,GA,Atlanta,33.68082607856699,-84.29584469010103
3797-VTIDR,Male,0,Yes,No,CA,San Diego,32.70022493651857,-117.12478701996841
5081-NWSUP,Female,0,No,No,NY,Buffalo,42.77025645629705,-78.72926269362348
2580-ATZSQ,Female,0,Yes,Yes,CA,San Francisco,37.68732126397176,-122.53787457590259
8085-MSNLK,Female,0,Yes,No,TX,Austin,30.24247391202995,-97.60631273765298
9691-HKOVS,Female,0,Yes,No,MA,Boston,42.47558150652957,-71.10671114249254
9881-VCZEP,Female,0,Yes,No,TX,Houston,29.71090982445401,-95.4089804229447
9526-BIHHD,Male,0,No,No,TX,Dallas,32.7791849902595,-96.8018142894639
8757-TFHHJ,Male,0,No,No,CO,Denver,39.653077690832156,-104.95090344746208
4523-WXCEF,Female,0,Yes,No,FL,Miami,25.876688066229192,-80.15157398916975
1468-DEFNC,Male,1,Yes,Yes,CO,Denver,39.85083230479729,-104.90682311411716
5119-KEPFY,Male,0,Yes,No,FL,Orlando,28.407443892987573,-81.42563421226387
8364-TRMMK,Female,0,No,No,WA,Seattle,47.581351414554796,-122.44419889039784
0916-KNFAJ,Male,0,Yes,No,TX,Dallas,32.63406080141974,-96.745000897591
8319-QBEHW,Male,0,No,Yes,NY,Buffalo,42.84274464299178,-78.98817901594713
3063-QFSZL,Female,0,No,No,FL,Miami,25.625931062295606,-80.26940465505889
8775-LHDJH,Female,1,Yes,No,NY,Buffalo,42.866843308705725,-78.75056040935041
9625-QNLUX,Male,0,Yes,Yes,TX,Austin,30.22817718350516,-97.79092126717303
3097-NQYSN,Male,1,Yes,No,TX,Austin,30.327567169632413,-97.8038403745145
4024-CSNBY,Female,0,Yes,No,FL,Miami,25.87945634877828,-80.25572312475575
7110-BDTWG,Female,0,Yes,No,MA,Boston,42.35168941005633,-71.00831691319328
7493-GVFIO,Male,0,No,No,NY,Buffalo,43.006507398457394,-78.78212881827685
0690-SRQID,Male,0,No,No,CA,San Diego,32.62993418433806,-117.3068640545074
9605-WGJVW,Female,1,No,No,WA,Seattle,47.5240459143687,-122.36982699047348
9114-DPSIA,Male,0,Yes,Yes,TX,Dallas,32.88858758759612,-96.65757051846262
4700-UBQMV,Male,0,Yes,Yes,TX,Austin,30.30063797138557,-97.83872387220714
7711-GQBZC,Female,0,Yes,Yes,NY,Buffalo,42.76402986237081,-78.92850555989565
3565-UNOCC,Female,1,Yes,No,TX,Dallas,32.90142352930631,-96.69061726221884
4627-MIHJH,Female,1,No,No,WA,Seattle,47.68172121664008,-122.39016269181025
9795-NREXC,Female,0,Yes,No,NY,New York,40.674506645575896,-73.99819937613074
8573-CGOCC,Male,0,No,No,NY,Buffalo,43.02833300103951,-78.73501664662217
7356-AYNJP,Female,0,No,No,NY,Buffalo,42.9153594848374,-78.97212336733449
9249-FXSCK,Female,0,No,No,TX,Austin,30.339476310554762,-97.69860263860939
5493-SDRDQ,Male,0,No,No,CA,San Francisco,37.819057971227046,-122.40954424753689
6286-SUUWT,Male,0,No,No,TX,Houston,29.904830169319883,-95.43845611050517
4819-HJPIW,Male,0,No,No,TX,Austin,30.289989794344848,-97.71700263142999
8654-DHAOW,Female,0,No,No,GA,Atlanta,33.62773851868114,-84.47212528199009
5438-QMDDL,Female,0,Yes,No,NY,Buffalo,42.91355383759003,-78.9352484859433
9812-GHVRI,Female,0,No,No,CA,San Diego,32.65521919519383,-117.16006542159148
5553-AOINX,Female,1,Yes,Yes,IL,Chicago,41.751997926201405,-87.57472828956018
1228-ZLNBX,Male,0,No,No,IL,Chicago,41.832891359740785,-87.6715120975589
4226-KKDON,Male,0,No,No,MA,Boston,42.26798062125428,-70.98984236129677
3831-YCPUO,Female,0,Yes,Yes,IL,Chicago,41.98802949153665,-87.6406992989224
7445-WMRBW,Female,0,No,No,TX,Dallas,32.763937245611956,-96.65339496263218
3308-DGHKL,Male,0,No,No,CA,San Diego,32.698234817326146,-117.12116623822466
9924-JPRMC,Male,0,No,No,CA,Los Angeles,33.93231500142149,-118.28608483059065
0080-EMYVY,Female,0,No,No,WA,Seattle,47.518714705828216,-122.4260931186841
6218-KNUBD,Male,0,No,No,CO,Denver,39.63373511196229,-104.97702722300946
7337-CINUD,Female,0,Yes,Yes,IL,Chicago,41.74893592822831,-87.68464668913013
7609-NRNCA,Female,0,No,No,CO,Denver,39.814809783688574,-105.1347798400945
0623-EJQEG,Male,0,No,No,CA,Los Angeles,34.17716212558065,-118.2552934441583
7153-CHRBV,Female,0,Yes,Yes,CO,Denver,39.79285853602317,-105.09306184157523
0871-URUWO,Male,0,Yes,No,WA,Seattle,47.75356298018352,-122.31528390912194
9190-MFJLN,Male,1,No,No,WA,Seattle,47.680221163998645,-122.29384303295943
6198-PNNSZ,Female,0,Yes,No,CA,Los Angeles,34.00700215041952,-118.36832169110514
3317-VLGQT,Female,0,Yes,No,FL,Orlando,28.454961083719088,-81.32372279979265
4132-POCZS,Male,0,Yes,No,NY,Buffalo,42.77464319800584,-78.86222446760013
5614-DNZCE,Female,0,No,No,NY,New York,40.77694173211486,-73.86714650402224
1095-JUDTC,Female,1,No,No,CA,San Diego,32.744594189290915,-117.02052423849754
3896-RCYYE,Female,0,No,No,AZ,Phoenix,33.448010000119105,-112.18397222331039
9638-JIQYA,Male,0,No,No,TX,Austin,30.27466157294381,-97.80327378201406
3258-SANFR,Male,1,No,No,FL,Orlando,28.558993050363092,-81.29955178637618
3726-TBHQT,Male,0,Yes,Yes,CA,Los Angeles,34.11387391353039,-118.34530764351493
3190-ITQXP,Female,0,Yes,Yes,TX,Austin,30.361106106605202,-97.6762284318782
0870-VEMYL,Female,0,No,No,CA,Los Angeles,33.96031032736079,-118.38647510275788
4833-QTJNO,Male,1,Yes,No,TX,Dallas,32.843623747429106,-96.88514281016106
3039-MJSLN,Male,0,No,Yes,TX,Dallas,32.861010224925735,-96.71238722435582
0178-CIIKR,Female,0,No,No,CA,San Francisco,37.62756947520277,-122.45073363908296
5385-SUIRI,Male,1,Yes,No,TX,Dallas,32.81736010987217,-96.83264272375084
3982-XWFZQ,Female,0,Yes,No,TX,Houston,29.623605148827323,-95.34711201547448
5774-QPLTF,Male,0,Yes,Yes,FL,Orlando,28.5164818474778,-81.31706420882831
2322-VCZHZ,Male,1,Yes,No,CO,Denver,39.688789407169196,-104.9110831233848
5010-IPEAQ,Female,0,Yes,Yes,TX,Houston,29.724820487806312,-95.33575025977105
4009-ALQFH,Female,0,No,No,NY,New York,40.78417532998085,-73.95886782412529
6383-ZTSIW,Female,1,Yes,No,MA,Boston,42.42770077359682,-70.92439067057886
8990-YOZLV,Female,0,No,No,NY,Buffalo,42.75292469941041,-78.79574398306295
3069-SSVSN,Female,0,No,No,NY,New York,40.66887171332567,-73.863134298922
5222-IMUKT,Male,0,No,No,IL,Chicago,41.85197718183075,-87.72580265574271
3627-FCRDW,Female,0,No,No,CA,San Francisco,37.784012835155636,-122.42640722895021
7562-GSUHK,Female,0,No,No,TX,Austin,30.227766851839345,-97.69418380727818
6685-XSHHU,Male,0,Yes,Yes,WA,Seattle,47.679465887256235,-122.45101032914909
8901-UPRHR,Female,0,Yes,Yes,CA,San Francisco,37.75607603578274,-122.45305776672019
4903-UYAVB,Male,0,Yes,No,GA,Atlanta,33.82371466019768,-84.27386405606883
0118-JPNOY,Female,1,No,No,CA,San Francisco,37.83147192829346,-122.29187008026628
6776-TLWOI,Male,0,No,No,TX,Houston,29.671661485617523,-95.35371567114767
3845-FXCYS,Male,0,No,No,GA,Atlanta,33.80508672472823,-84.32084955856374
5857-XRECV,Female,0,No,Yes,CA,Los Angeles,34.19354322004777,-118.28543721448227
0725-CXOTM,Female,0,No,No,CA,San Diego,32.73081084543852,-117.2366471975763
4343-EJVQB,Male,0,No,No,GA,Atlanta,33.68561773332399,-84.48235380727274
9000-PLFUZ,Female,1,Yes,No,CA,Los Angeles,34.20117599452392,-118.3174763482375
3427-GGZZI,Female,0,Yes,No,WA,Seattle,47.67572905253553,-122.2496988333128
7779-ORAEL,Male,1,Yes,No,TX,Dallas,32.83361634022859,-96.85704895305682
0644-OQMDK,Male,1,No,No,GA,Atlanta,33.703835963916475,-84.49972565845691
4077-CROMM,Female,0,Yes,Yes,MA,Boston,42.40442530961771,-70.91849887414496
3154-CFSZG,Male,0,Yes,Yes,FL,Orlando,28.647179287937185,-81.24407011932162
2868-MZAGQ,Male,0,No,No,CA,San Francisco,37.69331937992196,-122.30856426063487
4847-QNOKA,Female,0,No,No,TX,Austin,30.281548644147886,-97.66727518253379
2220-IAHLS,Female,0,No,No,WA,Seattle,47.57443567821581,-122.39019678628152
1658-XUHBX,Female,1,Yes,Yes,TX,Austin,30.285560949290016,-97.77851730867921
6379-RXJRQ,Male,0,Yes,No,TX,Houston,29.902262198794066,-95.23388643191102
2378-HTWFW,Male,1,No,No,WA,Seattle,47.62908094025024,-122.3203823959233
8650-RHRKE,Male,0,No,No,TX,Houston,29.896103094400956,-95.36802978402082
4377-VDHYI,Male,0,Yes,Yes,FL,Orlando,28.56024872669013,-81.23788688248462
0475-RIJEP,Male,0,No,No,CA,San Diego,32.79653108160795,-117.1074032383652
1260-TTRXI,Male,0,No,No,WA,Seattle,47.529993210476476,-122.35633747435709
3719-TDVQB,Female,1,Yes,No,FL,Miami,25.91080897355245,-80.1148359323351
6328-ZPBGN,Female,1,No,No,NY,New York,40.654906651132684,-74.02699343257241
0201-MIBOL,Female,1,No,No,WA,Seattle,47.66576687614631,-122.38363978724227
4937-QPZPO,Male,0,Yes,Yes,CA,San Francisco,37.763700079169226,-122.45216324764066
2925-VDZHY,Male,0,Yes,Yes,WA,Seattle,47.488491567686246,-122.1832614914708
6981-TDRFT,Male,0,Yes,Yes,IL,Chicago,41.73250858305916,-87.53170280425998
3413-CSSTH,Male,0,No,No,CA,San Francisco,37.86312182655726,-122.4598561470562
8033-VCZGH,Male,0,Yes,No,TX,Dallas,32.800458648651535,-96.67013229872022
4789-KWMXN,Male,0,Yes,No,AZ,Phoenix,33.39918255402574,-111.9747220161384
0224-NIJLP,Male,0,Yes,Yes,FL,Orlando,28.499794556416074,-81.2893435605085
7542-CYDDM,Male,0,No,No,GA,Atlanta,33.714580599553756,-84.4738998039817
4718-WXBGI,Male,0,Yes,Yes,AZ,Phoenix,33.53527122331329,-111.95810180779249
2867-UIMSS,Male,0,No,No,FL,Miami,25.82523214073513,-80.19538428848956
8495-PRWFH,Female,1,No,No,MA,Boston,42.399264105999826,-71.09191215023604
0439-IFYUN,Female,1,No,No,GA,Atlanta,33.609114786787806,-84.3441331368236
5716-LIBJC,Female,0,No,Yes,NY,New York,40.76792020857638,-74.06799730923946
2868-LLSKM,Female,0,Yes,Yes,CO,Denver,39.73193478203439,-104.89356835275237
8111-RKSPX,Male,0,No,No,FL,Miami,25.868946380820123,-80.12528964881956
2988-QRAJY,Male,0,No,No,TX,Dallas,32.817980879507786,-96.71821880508985
1585-MQSSU,Male,0,No,No,FL,Miami,25.84976665576369,-80.31005565069987
0071-NDAFP,Male,0,Yes,Yes,NY,Buffalo,42.95334305356696,-79.02313045848311
2856-NNASM,Male,1,No,No,CA,San Diego,32.804191857157264,-117.15289569260132
7328-ZJAJO,Female,0,Yes,Yes,TX,Dallas,32.784715158390476,-96.70184343627884
6458-CYIDZ,Female,1,No,No,CO,Denver,39.71812551912521,-104.99644807800601
8559-CIZFV,Male,0,Yes,Yes,TX,Dallas,32.83320885517166,-96.93598376872554
1090-PYKCI,Female,0,Yes,Yes,CA,Los Angeles,34.00653699269561,-118.37057792797819
3058-WQDRE,Male,0,No,No,TX,Austin,30.252228018264518,-97.80421646472348
7547-EKNFS,Male,0,Yes,No,NY,Buffalo,42.83824970635758,-78.75533719628721
2279-AXJJK,Male,0,Yes,No,TX,Austin,30.3577177254394,-97.62088418549664
6769-DYBQN,Male,1,No,No,CO,Denver,39.85907677582143,-104.85622828468105
0909-SELIE,Male,0,Yes,No,AZ,Phoenix,33.345755461949,-112.19647237573754
3417-TSCIC,Male,0,No,No,GA,Atlanta,33.663667859041844,-84.3359088914575
1042-HFUCW,Female,0,No,Yes,TX,Dallas,32.64358891997802,-96.89163640150622
4439-JMPMT,Female,0,Yes,Yes,TX,Austin,30.30077592033228,-97.77133252327609
6537-OTKMY,Male,0,No,No,FL,Miami,25.90560073408895,-80.04288408423078
8999-EXMNO,Female,0,Yes,Yes,IL,Chicago,41.737475234046144,-87.51370509586214
6725-TPKJO,Male,0,No,No,FL,Orlando,28.485204712670857,-81.50086879798378
2446-BEGGB,Female,1,No,No,TX,Dallas,32.915043900574815,-96.69897401206683
7162-WPHPM,Male,0,Yes,Yes,NY,New York,40.70045012813262,-74.11107481058076
1599-MMYRQ,Male,0,Yes,Yes,CA,Los Angeles,33.93158583683308,-118.393531022316
8821-KVZKQ,Female,0,Yes,Yes,NY,Buffalo,42.91278607354038,-78.80316115510338
1496-GGSUK,Female,1,No,No,TX,Houston,29.87980308600926,-95.3425445791718
6434-TTGJP,Male,0,Yes,Yes,CA,San Diego,32.703962888533724,-117.17885938817204
0042-JVWOJ,Male,0,No,No,CO,Denver,39.874892689584236,-104.95648733613876
0130-SXOUN,Male,0,No,No,CO,Denver,39.78489035536819,-105.09291993881756
2575-GFSOE,Female,0,Yes,Yes,AZ,Phoenix,33.35888685819062,-112.06161030648967
2330-PQGDQ,Male,0,Yes,Yes,CO,Denver,39.67830433015989,-104.89018746968581
1452-UZOSF,Male,0,Yes,Yes,TX,Houston,29.84446439662477,-95.31956929419698
2097-YVPKN,Male,0,No,No,TX,Houston,29.66580351641789,-95.50299565535352
2842-JTCCU,Male,0,No,No,GA,Atlanta,33.75991392453358,-84.47499008914095
8597-CTXVJ,Male,0,No,Yes,GA,Atlanta,33.77300218894054,-84.48603925730565
6631-HMANX,Male,0,Yes,No,NY,New York,40.68998863687637,-73.90876584415477
9962-BFPDU,Female,0,Yes,Yes,TX,Austin,30.30152511632576,-97.61390988686028
3296-SILRA,Female,1,Yes,No,CO,Denver,39.64242646271852,-105.07933874201352
9681-OXGVC,Female,0,No,No,TX,Austin,30.396699181520273,-97.85377373408767
6394-HHHZM,Male,0,No,No,MA,Boston,42.315871834137376,-71.20705175779511
5995-LFTLE,Male,0,No,No,IL,Chicago,41.911368683123484,-87.77701039882625
5180-UCIIQ,Male,1,Yes,Yes,CA,San Francisco,37.83522309879232,-122.52064603859925
1932-UEDCX,Male,1,Yes,No,WA,Seattle,47.62705947435162,-122.27452864977472
7153-OANIO,Male,0,No,No,CO,Denver,39.6542426570051,-105.11847148500955
5188-HGMLP,Male,1,Yes,No,NY,New York,40.73177331185775,-74.15281579977369
0665-XHDJU,Male,0,Yes,No,NY,New York,40.63730813381201,-74.08849704272471
6521-YYTYI,Male,0,No,Yes,FL,Miami,25.614848348270268,-80.302936176724
8878-HMWBV,Male,0,No,No,TX,Dallas,32.65353651326019,-96.6774969828647
8265-HKSOW,Female,0,Yes,Yes,TX,Dallas,32.69635714185631,-96.70738554070336
3544-FBCAS,Female,0,Yes,Yes,IL,Chicago,42.01922810414147,-87.6399123929142
5331-RGMTT,Male,1,Yes,No,FL,Orlando,28.610807590936957,-81.3344684068885
4759-PXTAN,Female,0,Yes,No,TX,Austin,30.120359576357544,-97.66425237442228
7054-DMVAS,Male,0,No,No,TX,Houston,29.835572615180705,-95.41104692844716
3428-MMGUB,Male,0,No,No,MA,Boston,42.442816353691924,-70.93501346341174
6549-BTYPG,Female,0,Yes,No,MA,Boston,42.33545745834936,-71.03039244509371
7823-JSOAG,Male,0,No,No,NY,Buffalo,42.87318025485448,-78.79106643284214
3705-RHRFR,Female,0,Yes,No,CA,Los Angeles,34.16576211052645,-118.15163060458414
9374-YOLBJ,Female,0,Yes,Yes,IL,Chicago,41.85621113609413,-87.54246818704677
9074-KGVOX,Male,0,Yes,Yes,CA,San Diego,32.666411629041136,-117.02596039069937
6128-DAFVY,Female,0,No,No,GA,Atlanta,33.62155544296083,-84.38083238320634
9933-QRGTX,Female,0,Yes,No,AZ,Phoenix,33.59606351930985,-112.09396562878659
4476-OSWTN,Male,1,Yes,No,TX,Austin,30.17789283238273,-97.84773632064152
3751-KTZEL,Female,0,No,No,NY,Buffalo,43.01772354910192,-78.99455954597865
1977-STDKI,Female,1,No,No,CA,San Diego,32.70471429832917,-117.1189885803856
5066-GFJMM,Female,0,Yes,No,NY,Buffalo,42.88166557780505,-78.94248009677213
2661-GKBTK,Male,0,Yes,Yes,CA,San Diego,32.85170018371673,-117.16878957331379
0458-HEUZG,Female,0,No,No,CA,San Diego,32.788366388985516,-117.21159730842218
7268-WNTCP,Male,0,Yes,Yes,AZ,Phoenix,33.43869912458309,-112.1908367943674
0824-VWDPO,Female,0,No,No,TX,Austin,30.180872915210163,-97.77789716569157
8409-WQJUX,Female,0,No,No,GA,Atlanta,33.60433996225099,-84.51349815050104
2578-JQPHZ,Male,0,No,No,TX,Austin,30.36318873666456,-97.70727664742142
3278-FSIXX,Female,0,No,No,NY,New York,40.56310138083002,-74.12233597112215
5813-UECBU,Male,1,No,No,TX,Austin,30.256455018223292,-97.74647231413876
0328-GRPMV,Female,0,No,No,CA,San Diego,32.78384714215673,-117.15960734221893
9746-UGFAC,Female,0,No,No,FL,Orlando,28.609110262350306,-81.4808688873005
2946-KIQSP,Female,0,No,No,FL,Orlando,28.413460435006918,-81.29637091028155
0625-AFOHS,Female,0,Yes,Yes,FL,Miami,25.669800916667043,-80.11351188726354
6726-WEXXK,Male,1,Yes,No,CA,San Diego,32.587716937843304,-117.23427421156542
4636-OLWOE,Male,0,No,Yes,TX,Houston,29.76146809667089,-95.43361303392682
4342-HENTK,Female,1,No,No,IL,Chicago,41.74784487477774,-87.52190671921805
4685-ERGHK,Male,0,No,No,FL,Miami,25.77892649223171,-80.12903670083342
0885-HMGPY,Male,0,No,No,AZ,Phoenix,33.29871112840832,-111.96578634336895
5003-OKNNK,Female,0,Yes,Yes,FL,Miami,25.64453386873793,-80.13857921092958
4195-SMMNX,Male,0,No,No,FL,Miami,25.904190229908618,-80.08613722862783
7208-PSIHR,Female,0,Yes,No,GA,Atlanta,33.85170719961394,-84.45502488634482
4012-ZTHBR,Female,0,Yes,Yes,CA,Los Angeles,34.112446668316345,-118.11603650569329
0489-WMEMG,Female,0,No,Yes,AZ,Phoenix,33.48758618596004,-111.9426789882264
7435-ZNUYY,Male,0,No,No,TX,Houston,29.80554157491908,-95.46949982184444
1354-YZFNB,Male,0,Yes,Yes,NY,New York,40.62985046492791,-73.97151789507993
6956-SMUCM,Female,0,No,No,CO,Denver,39.671863345624644,-105.01994662629873
2985-FMWYF,Female,0,No,No,FL,Orlando,28.615364570617537,-81.5012878255286
2812-ENYMO,Male,0,No,No,CA,Los Angeles,34.13813126374193,-118.37794245913668
2717-HVIZY,Female,0,No,Yes,NY,Buffalo,42.852271133807605,-78.97640862926744
3223-WZWJM,Male,0,No,No,TX,Houston,29.845227090524862,-95.43658497738771
3422-GALYP,Male,0,No,No,FL,Orlando,28.458860215426217,-81.3835205774852
9053-JZFKV,Male,0,No,No,FL,Miami,25.684135785806433,-80.11694820581552
2530-ENDWQ,Female,0,Yes,No,GA,Atlanta,33.78956572504469,-84.50704965313638
2890-WFBHU,Female,0,No,No,NY,New York,40.71435212890365,-74.01806410911136
0327-WFZSY,Male,0,Yes,Yes,TX,Austin,30.269740111898383,-97.80204632770878
7977-HXJKU,Male,0,No,Yes,IL,Chicago,41.794582521091634,-87.5518520245618
6615-ZGEDR,Male,0,No,No,AZ,Phoenix,33.53756271076025,-112.1913901395489
7033-CLAMM,Female,0,Yes,Yes,FL,Miami,25.862330686954216,-80.22862240712134
4023-RTIQM,Female,1,Yes,No,GA,Atlanta,33.88276146034822,-84.35529211468723
0864-FVJNJ,Female,0,Yes,Yes,AZ,Phoenix,33.538756399983946,-112.04206512315332
7356-IWLFW,Male,0,Yes,Yes,IL,Chicago,41.912895844143264,-87.76840447761371
9541-PWTWO,Female,0,No,No,FL,Miami,25.845070556517527,-80.21209394425478
3967-VQOGC,Female,0,Yes,Yes,FL,Orlando,28.391464298509927,-81.52383608103622
7872-RDDLZ,Female,1,No,No,GA,Atlanta,33.62335071763584,-84.26326954781581
9250-WYPLL,Female,0,No,No,TX,Dallas,32.82870883579983,-96.73858679682223
6308-CQRBU,Female,0,Yes,No,NY,Buffalo,42.8934974814818,-78.76423731083604
2754-XBHTB,Female,0,No,No,TX,Houston,29.857533325443477,-95.287013595252
1597-LHYNC,Female,1,No,No,CA,San Diego,32.81071623622248,-117.28750018325269
0186-CAERR,Male,0,No,No,TX,Dallas,32.67958477116449,-96.65438116776087
3043-SUDUA,Female,0,No,No,TX,Houston,29.841374591893203,-95.26951531276409
5442-BHQNG,Female,0,No,No,NY,Buffalo,42.98412014919513,-78.7394343762281
2169-RRLFW,Female,0,Yes,No,NY,Buffalo,42.92521588175915,-78.92593450840795
5872-OEQNH,Female,0,No,No,CA,San Diego,32.59205097099094,-117.07331485530287
3162-KKZXO,Female,1,No,No,TX,Houston,29.885260133115494,-95.4595100275011
7055-VKGDA,Male,0,No,No,NY,Buffalo,42.9372530716989,-78.91879892112622
0754-UKWQP,Male,0,No,No,IL,Chicago,41.90320336269441,-87.61356067830303
8873-GLDMH,Female,0,No,No,MA,Boston,42.23133040803074,-71.0208833999069
5696-JVVQY,Female,0,Yes,Yes,TX,Austin,30.25067623818464,-97.77807617698114
8946-BFWSG,Male,0,Yes,Yes,WA,Seattle,47.59961821100059,-122.19613146233175
7493-TPUWZ,Male,0,No,No,CA,Los Angeles,34.00679053254187,-118.34764771377222
0547-HURJB,Male,0,No,Yes,NY,Buffalo,42.82677351806781,-78.73093648943683
8904-OPDCK,Male,1,Yes,No,TX,Houston,29.841105668046396,-95.2274732291344
8845-LWKGE,Female,0,Yes,Yes,CA,San Francisco,37.64010103512264,-122.42350617001962
1577-HKTFG,Female,0,Yes,No,GA,Atlanta,33.84357625612928,-84.30988663149833
8752-STIVR,Female,0,No,No,FL,Miami,25.887822373098455,-80.20336948836653
0691-NIKRI,Female,0,No,No,CA,San Diego,32.808242337879264,-117.08213172152436
5022-JNQEQ,Female,0,Yes,Yes,TX,Austin,30.184484728834224,-97.61762558008108
4558-FANTW,Female,0,Yes,Yes,CO,Denver,39.71956704424591,-105.12600313447618
3249-VHRIP,Female,0,No,No,TX,Austin,30.26765497641467,-97.6244487393591
3736-BLEPA,Male,0,No,No,TX,Houston,29.85952797786467,-95.43679606558358
4701-LKOZD,Female,0,No,No,NY,Buffalo,42.9069136946956,-78.90908933267119
6603-QWSPR,Female,0,No,No,NY,New York,40.71537841518001,-74.08174230444502
9921-QFQUL,Female,0,Yes,No,TX,Austin,30.223757678877394,-97.85316799428851
1929-ZCBHE,Male,0,Yes,Yes,GA,Atlanta,33.70732441168388,-84.47787962822959
4378-MYPGO,Male,0,Yes,Yes,TX,Dallas,32.81689882770522,-96.73688479329529
8651-ENBZX,Female,1,No,No,CA,Los Angeles,34.07494369717507,-118.195024106497
4129-LYCOI,Female,0,No,Yes,TX,Houston,29.903434354074037,-95.33112316635797
7798-JVXYM,Female,0,No,No,CA,Los Angeles,34.16355345712736,-118.16489642108958
8647-SDTWQ,Male,0,Yes,Yes,FL,Orlando,28.60526449433166,-81.33981498547377
2696-ECXKC,Female,0,Yes,Yes,WA,Seattle,47.50685696883447,-122.38939929589102
2081-KJSQF,Male,0,No,No,AZ,Phoenix,33.497216824408625,-112.21647846074147
7623-TRNQN,Male,0,No,Yes,MA,Boston,42.37100806992986,-71.12469528520526
3323-CPBWR,Male,0,No,No,TX,Austin,30.272540179820652,-97.68672671241514
9330-IJWIO,Female,0,No,No,CO,Denver,39.612335575693145,-104.96917469891463
3384-CTMSF,Male,0,Yes,No,IL,Chicago,42.01502096112769,-87.60114585186378
0902-RFHOF,Male,0,No,No,MA,Boston,42.41100861357391,-70.9172006436848
9286-DOJGF,Female,1,Yes,No,FL,Miami,25.89309053906392,-80.09319250147351
6048-QBXKL,Female,1,No,No,GA,Atlanta,33.78807131321265,-84.3880938650858
9661-MHUMO,Male,1,Yes,Yes,CA,San Francisco,37.88234510057006,-122.29518374197617
7718-RXDGG,Male,0,Yes,No,FL,Miami,25.761078503397087,-80.31046589434865
1025-FALIX,Female,0,No,No,TX,Dallas,32.813031967716334,-96.91977802324496
3451-VAWLI,Female,0,Yes,Yes,TX,Dallas,32.81124432313698,-96.91147706092045
3407-QGWLG,Male,0,No,Yes,TX,Houston,29.86272507012623,-95.34158472442704
1842-EZJMK,Male,0,Yes,Yes,TX,Dallas,32.65798681336164,-96.77248343890886
2347-WKKAE,Male,0,Yes,No,FL,Miami,25.87285955224048,-80.20027095635966
8735-DCXNF,Male,0,Yes,No,FL,Miami,25.65623491365734,-80.17888063369922
3214-IYUUQ,Female,0,Yes,No,MA,Boston,42.23565807269549,-70.9546408987296
1936-UAFEH,Female,0,No,No,WA,Seattle,47.74877777722452,-122.19657732331784
3587-PMCOY,Male,0,No,No,CA,San Francisco,37.80671905660323,-122.45069511393159
8079-XRJRS,Male,0,Yes,No,TX,Austin,30.38465626149469,-97.66321974020171
1027-LKKQQ,Female,0,Yes,Yes,CA,San Francisco,37.735358737729584,-122.51816325192544
7148-XZPHA,Male,0,Yes,Yes,TX,Dallas,32.76182369569167,-96.89659604953117
8073-IJDCM,Female,0,No,No,AZ,Phoenix,33.3206208186858,-112.0888156543005
5309-TAIKL,Female,0,No,No,MA,Boston,42.48746010293159,-71.07337357404052
6856-RAURS,Female,0,No,No,IL,Chicago,41.83656380059616,-87.51172515695824
8778-LMWTJ,Female,0,No,No,FL,Orlando,28.64832215797415,-81.27142148857008
9717-IOAAF,Male,0,No,Yes,IL,Chicago,41.996494941506484,-87.75123641949334
8884-ADFVN,Male,1,Yes,No,NY,New York,40.602881572162254,-73.87384299550034
2845-KDHVX,Female,0,Yes,No,TX,Austin,30.252201079024235,-97.83777091985222
0848-SOMKO,Male,0,No,No,CA,San Francisco,37.712419079554095,-122.34841475652424
2720-WGKHP,Male,1,No,No,NY,New York,40.62552807152117,-73.95681034559641
6734-FQAJX,Male,1,No,No,NY,New York,40.70273225213009,-74.04474947263728
2869-ADAWR,Female,0,No,No,CA,San Diego,32.81246276799451,-117.02555441825761
1535-VTJOQ,Female,0,No,No,GA,Atlanta,33.764221623985605,-84.3506159020042
6368-TZZDT,Male,0,Yes,Yes,CA,Los Angeles,33.98621123118627,-118.20041260072462
0943-ZQPXH,Male,0,Yes,Yes,CO,Denver,39.653556067690666,-105.09641350543374
1293-BSEUN,Female,0,Yes,Yes,NY,Buffalo,43.00292097724765,-78.9634147851887
9894-EZEWG,Female,0,No,No,NY,Buffalo,42.9239457811604,-78.77269674077824
1302-TPUBN,Male,0,No,No,CO,Denver,39.83929470811621,-105.12582805204377
7851-FLGGQ,Male,0,No,No,CA,San Diego,32.79116548607972,-117.11224078853742
0637-UBJRP,Male,0,Yes,Yes,MA,Boston,42.24654405407169,-70.94176238785441
0940-OUQEC,Male,0,No,No,NY,New York,40.72163025200635,-74.08522326873577
2378-VTKDH,Male,1,Yes,No,CO,Denver,39.80921915421216,-104.89687107828277
0927-CNGRH,Male,0,No,Yes,FL,Orlando,28.4094098312785,-81.28659274509577
8608-OZTLB,Male,0,Yes,Yes,TX,Austin,30.151896546331326,-97.69396596248075
2335-GSODA,Male,0,No,Yes,CA,San Francisco,37.881641821725935,-122.37481443384875
1952-DVVSW,Female,0,Yes,No,TX,Houston,29.73904012618787,-95.40361073571597
0702-PGIBZ,Male,0,No,Yes,NY,Buffalo,42.98016424516471,-78.73695368800105
6656-GULJQ,Male,0,Yes,Yes,TX,Houston,29.887830626785416,-95.37225056604021
9853-JFZDU,Female,0,Yes,No,FL,Miami,25.907940170233832,-80.2088735310656
1963-VAUKV,Female,0,No,No,CA,San Diego,32.82510971315778,-117.04829428513227
3777-XROBG,Female,0,Yes,Yes,AZ,Phoenix,33.430603074672916,-111.95502903836245
6994-FGRHH,Male,0,Yes,Yes,TX,Houston,29.688948299340897,-95.3170840212857
4000-VGMQP,Male,0,Yes,Yes,GA,Atlanta,33.63311618257097,-84.26078875585304
3999-WRNGR,Female,0,Yes,Yes,FL,Orlando,28.576703195615814,-81.48029960655205
3466-RITXD,Male,0,No,No,CA,Los Angeles,34.16556171639002,-118.15644437371527
2680-XKKNJ,Female,0,No,No,CA,San Diego,32.71830371512523,-117.28054683211319
3058-HJCUY,Male,0,Yes,Yes,TX,Austin,30.297901583378128,-97.82177330290095
2974-GGUXS,Female,1,Yes,No,TX,Austin,30.285572065678434,-97.75417406638358
7994-XIRTR,Male,1,No,No,NY,Buffalo,42.93759468358593,-78.87903859864204
3259-FDWOY,Male,0,Yes,Yes,NY,New York,40.61840206537294,-73.96190462895927
2101-RANCD,Female,0,No,No,CA,San Diego,32.77606298535235,-117.26000579117887
7921-BEPCI,Female,0,No,No,CA,San Diego,32.83958541640973,-117.01588731681962
0807-ZABDG,Female,0,No,Yes,NY,New York,40.84732315206923,-74.04715372107144
8510-TMWYB,Female,0,Yes,Yes,TX,Austin,30.400048349667458,-97.82461700575288
3258-ZKPAI,Male,0,Yes,Yes,CO,Denver,39.76734959185514,-104.91813016982195
1428-IEDPR,Male,0,No,No,WA,Seattle,47.58252489556201,-122.29030663345577
5298-GSTLM,Female,1,No,No,GA,Atlanta,33.72121671152496,-84.35931716480961
4450-YOOHP,Female,0,No,No,TX,Houston,29.625874873514295,-95.28913431162049
6728-CZFEI,Female,0,No,No,CO,Denver,39.69120955179196,-105.05388997786399
5748-RNCJT,Male,0,No,No,CO,Denver,39.773056523075084,-105.0140288244862
3653-NCRDJ,Male,0,Yes,Yes,FL,Orlando,28.53759293343563,-81.51303673140553
6121-TNHBO,Female,1,No,No,CA,San Francisco,37.7481258265585,-122.33793388930758
5119-NZPTV,Male,1,Yes,No,CA,San Diego,32.58635371826785,-117.10001374154527
6519-ZHPXP,Female,0,Yes,Yes,CO,Denver,39.78622991319962,-105.0696983473751
7739-LAXOG,Female,0,Yes,Yes,CA,San Diego,32.83088865586456,-117.19717220296063
3472-QPRCH,Male,0,Yes,Yes,TX,Austin,30.13051124274226,-97.59762894436774
8224-UAXBZ,Female,0,Yes,No,FL,Miami,25.644858950315754,-80.22573205948501
9610-WCESF,Male,0,No,No,WA,Seattle,47.72425779742012,-122.20333109947973
9776-CLUJA,Female,1,Yes,No,MA,Boston,42.3504578735967,-71.0462292917475
2486-WYVVE,Male,0,Yes,No,FL,Miami,25.807982431594993,-80.14985185115681
3865-ZYKAD,Male,1,Yes,No,FL,Orlando,28.660613895642555,-81.48984570125307
1422-DGUBX,Male,0,Yes,No,AZ,Phoenix,33.48263705642583,-112.10542510914424
2999-AANRQ,Female,0,No,No,CA,San Francisco,37.848006041563764,-122.3668677687546
8668-KNZTI,Male,0,No,No,TX,Austin,30.14543465966017,-97.6082919816568
0480-KYJVA,Female,0,Yes,Yes,CA,San Francisco,37.78804314592767,-122.37041499363637
6034-ZRYCV,Female,0,Yes,No,WA,Seattle,47.525631002771014,-122.34022700961863
9746-YKGXB,Male,0,Yes,Yes,CA,San Francisco,37.69906171183232,-122.39003403582765
3926-YZVVX,Female,0,No,No,CO,Denver,39.66011988061669,-105.02025560065506
6000-UKLWI,Male,0,No,No,WA,Seattle,47.71195708134774,-122.41461766106761
2079-FBMZK,Female,0,No,No,CO,Denver,39.72165493948004,-105.06404672194046
6332-FBZRI,Male,0,Yes,Yes,FL,Miami,25.623136269081286,-80.16308944969448
2096-XOTMO,Female,0,Yes,Yes,IL,Chicago,41.76456996309349,-87.70742094181347
3266-FTKHB,Male,0,No,No,IL,Chicago,41.866936501408844,-87.72347950386103
8221-EQDGL,Male,0,Yes,No,CO,Denver,39.775451082874476,-105.0194426424291
2346-LOCWC,Female,0,Yes,Yes,CA,San Francisco,37.62544275808087,-122.52202676188602
6608-QQLVK,Male,0,No,No,TX,Houston,29.660069239205264,-95.22164702759171
0298-XACET,Male,0,Yes,Yes,TX,Dallas,32.663499353288536,-96.93359647839421
7560-QJAVJ,Female,0,No,No,WA,Seattle,47.57655570587131,-122.21015149817657
2995-YWTCD,Female,0,Yes,Yes,IL,Chicago,41.82200931353659,-87.68376592849609
3551-HUAZH,Male,1,No,No,NY,Buffalo,42.94552252989229,-78.78008543169724
9137-UIYPG,Female,0,Yes,Yes,CA,San Diego,32.86000351581351,-117.24322233527492
2809-ZMYOQ,Female,0,No,No,IL,Chicago,41.957987490580905,-87.66584905649393
5084-OOVCJ,Female,0,Yes,Yes,NY,New York,40.85120908386062,-74.12770544866396
0254-WWRKD,Female,0,Yes,Yes,CA,San Francisco,37.81785801706791,-122.42596070419103
7727-SHVZV,Female,0,No,No,TX,Dallas,32.74997706048192,-96.83845356233752
6302-JGYRJ,Male,0,No,Yes,CA,San Francisco,37.80942649493751,-122.33012386229741
5339-PXDVH,Male,0,No,No,IL,Chicago,41.9970947436589,-87.6996198981949
2205-LPVGL,Male,1,Yes,Yes,CA,San Diego,32.745449445076865,-117.04911296444776
8782-NUUOL,Male,0,No,No,NY,Buffalo,43.004771153016875,-78.88949248314057
3685-YLCMQ,Male,0,No,No,FL,Miami,25.620029675395564,-80.22100922281544
7601-WFVZV,Male,0,No,No,AZ,Phoenix,33.579825471923904,-112.09478244677568
4609-KNNWG,Female,0,Yes,Yes,CO,Denver,39.65172596384286,-104.92150630849706
4868-AADLV,Male,1,Yes,Yes,NY,Buffalo,42.84575193853715,-78.74648381426822
9529-OFXHY,Male,0,No,No,CA,San Diego,32.64169279134294,-117.03596774331083
8634-MPHTR,Male,1,Yes,No,CO,Denver,39.72090383496865,-104.8571659631161
2669-QVCRG,Female,0,No,No,CA,San Diego,32.78479754647697,-117.21862206703503
2478-EEWWM,Male,0,Yes,No,FL,Miami,25.72905216705499,-80.30644746594
9174-IHETN,Female,0,No,Yes,NY,Buffalo,43.017708602377745,-78.83420422039973
2233-TXSIU,Male,0,Yes,Yes,CO,Denver,39.826981763326614,-105.0866032898701
9644-UMGQA,Male,0,Yes,Yes,TX,Houston,29.852127154898835,-95.29086665711225
3256-EZDBI,Male,1,Yes,No,CO,Denver,39.63771602285923,-105.04936160606738
8761-NSOBC,Male,0,No,No,GA,Atlanta,33.85889255911913,-84.4107953362525
0419-YAAPX,Male,0,Yes,No,CO,Denver,39.8838551777211,-105.11656943035298
8413-VONUO,Male,0,No,No,CA,Los Angeles,34.028458272978554,-118.2622652116485
0872-CASZJ,Male,0,Yes,No,FL,Orlando,28.42144256817978,-81.2829085084183
4726-DLWQN,Male,1,No,No,WA,Seattle,47.47979884126222,-122.35289272389973
8164-OCKUJ,Female,0,Yes,Yes,IL,Chicago,41.889861966807395,-87.75126914541067
3094-JOJAI,Male,0,No,No,TX,Austin,30.28593879676409,-97.87370214839532
9494-MRNYX,Male,0,No,No,TX,Dallas,32.8397994022714,-96.93181410934565
2599-CZABP,Male,0,Yes,No,CA,San Diego,32.810195413426406,-117.30730888468862
7945-PRBVF,Male,0,No,No,CA,Los Angeles,34.13626619985916,-118.35393442412696
4544-RXFMG,Male,0,Yes,Yes,CA,Los Angeles,33.99026281934592,-118.38171695006432
0859-YGKFW,Male,0,Yes,Yes,TX,Houston,29.636191907727888,-95.41000120103371
1150-FTQGN,Female,0,Yes,Yes,IL,Chicago,41.93162574183965,-87.74207240396171
9223-UCPVT,Female,0,No,No,CA,Los Angeles,34.03290954014681,-118.15689139265
7196-LIWRH,Female,0,No,No,TX,Dallas,32.6406685278797,-96.80374418221135
5448-VWNAM,Female,0,No,Yes,IL,Chicago,41.93556569555658,-87.53224733915597
1177-XZBJL,Male,0,Yes,Yes,CA,San Francisco,37.63957907776087,-122.54990649288193
3518-FSTWG,Male,1,Yes,No,WA,Seattle,47.63908483384244,-122.4055080736911
9330-VOFSZ,Female,0,Yes,No,CA,San Francisco,37.67963994686412,-122.52712170308168
4351-QLCSU,Female,0,No,No,MA,Boston,42.29899022359204,-71.08543407485708
0939-EREMR,Female,0,No,Yes,IL,Chicago,41.80111993479652,-87.77414177282202
9389-ACWBI,Female,0,Yes,Yes,FL,Miami,25.644395750968783,-80.13634840571548
5419-JPRRN,Male,0,No,No,CA,San Francisco,37.78695324867873,-122.52106094754748
3644-QXEHN,Male,0,Yes,Yes,TX,Houston,29.86444008056073,-95.49762675569029
2911-IJORQ,Male,0,No,No,NY,New York,40.83346095101299,-73.97132830050477
5921-NGYRH,Male,0,Yes,No,TX,Houston,29.646544947906268,-95.27223794817618
2100-BDNSN,Female,0,Yes,No,GA,Atlanta,33.83208175049138,-84.43184555285659
5998-DZLYR,Female,0,Yes,No,CA,San Francisco,37.7529381672523,-122.44914207355181
0488-GSLFR,Female,0,No,No,IL,Chicago,41.929299584528636,-87.59664858184104
9318-NKNFC,Male,0,No,No,NY,Buffalo,42.949469535522105,-78.85892037484784
3985-HOYPM,Male,0,No,No,FL,Miami,25.791417589535897,-80.32966972302424
9728-FTTVZ,Female,0,No,No,AZ,Phoenix,33.54102105863805,-111.99977174542083
9548-LERKT,Male,0,Yes,No,IL,Chicago,41.88370218224311,-87.57941558886668
6576-FBXOJ,Male,0,Yes,No,NY,Buffalo,42.90195752988058,-78.76237078680879
4310-KEDTB,Female,0,No,Yes,NY,New York,40.73530062931152,-74.01334219430518
7254-IQWOZ,Male,0,No,No,CA,San Diego,32.76866007415344,-117.24075651049024
2474-BRUCM,Male,1,Yes,No,TX,Houston,29.665012422271154,-95.2261940758896
4062-HBMOS,Male,0,No,No,CA,San Francisco,37.86718559764027,-122.33869364568746
0742-NXBGR,Female,0,No,No,WA,Seattle,47.5265370290469,-122.36535803306337
2676-ISHSF,Male,0,No,No,GA,Atlanta,33.71849670346912,-84.26877055567178
9236-NDUCW,Female,0,No,No,CO,Denver,39.85011976606911,-105.12127867904839
4753-PADAS,Female,0,Yes,No,CA,San Francisco,37.69887898929694,-122.50530875845915
6103-QCKFX,Female,0,Yes,Yes,FL,Orlando,28.661904776117932,-81.4857877847473
7781-EWARA,Male,0,Yes,Yes,TX,Dallas,32.92080900349138,-96.6673999502191
6110-OHIHY,Male,0,No,No,CA,Los Angeles,33.94235473737423,-118.3283472840427
7018-FPXHH,Male,0,Yes,Yes,FL,Orlando,28.475813267397015,-81.36921923885174
5889-LFOLL,Female,0,No,No,CO,Denver,39.86777678368489,-105.12204672193415
5708-EVONK,Female,0,Yes,Yes,GA,Atlanta,33.622754173050964,-84.29798499036093
8708-XPXHZ,Female,0,Yes,Yes,MA,Boston,42.4694613075231,-70.99941616517538
0616-ATFGB,Male,1,Yes,No,AZ,Phoenix,33.57541725474311,-112.20904384431232
0572-ZJKLT,Female,0,Yes,Yes,CA,Los Angeles,34.05188596227647,-118.29963507089703
5135-RDDQL,Female,0,Yes,Yes,AZ,Phoenix,33.336676716040955,-112.00541611562433
1353-LJWEM,Male,0,No,No,TX,Austin,30.139536829370833,-97.76007235286235
1794-SWWKL,Male,0,Yes,Yes,CO,Denver,39.83517278348904,-104.98734904334245
6166-YIPFO,Male,0,Yes,No,CA,San Francisco,37.89049758830611,-122.43542787292871
7016-BPGEU,Female,0,No,No,CA,Los Angeles,34.03717158450855,-118.30499572634554
6876-ADESB,Male,0,No,Yes,WA,Seattle,47.532725740555634,-122.32635960150625
9332-GYWLO,Female,0,Yes,Yes,NY,New York,40.800532992555574,-73.92770142411204
1963-SVUCV,Male,0,No,No,MA,Boston,42.26978068454615,-71.13000638400479
4184-VODJZ,Male,0,Yes,Yes,CA,San Francisco,37.90608717209982,-122.28014820402312
0220-EBGCE,Male,0,No,No,FL,Miami,25.651017150897218,-80.33255342635779
1092-WPIVQ,Female,0,Yes,Yes,FL,Orlando,28.686251381840602,-81.30428364567
7233-IOQNP,Female,0,Yes,No,GA,Atlanta,33.74051921713975,-84.2975102654058
2834-JKOOW,Female,0,No,No,MA,Boston,42.3425959276029,-71.1396139691968
2754-VDLTR,Male,0,No,Yes,AZ,Phoenix,33.38331927654948,-112.00615609498664
2400-FEQME,Male,0,Yes,Yes,NY,Buffalo,42.81540173922224,-78.94991135129675
3190-XFANI,Male,0,No,Yes,CA,San Francisco,37.6674589583117,-122.34993918061299
7551-DACSP,Male,0,Yes,Yes,FL,Miami,25.768233875347445,-80.18640084656356
4957-SREEC,Male,0,Yes,Yes,NY,New York,40.672305429630384,-74.0722467958028
7235-NXZCP,Male,1,No,No,TX,Houston,29.705826674829158,-95.3808008038146
0230-UBYPQ,Male,1,Yes,No,IL,Chicago,41.891620730965805,-87.60630623322804
4923-ADWXJ,Female,0,No,No,CA,San Francisco,37.718395036210616,-122.29111258098727
1763-KUAAW,Female,1,No,No,CO,Denver,39.702099150218956,-104.95762899587724
1104-TNLZA,Male,1,Yes,No,CO,Denver,39.88076109971913,-105.11328507655286
5195-KPUNQ,Female,1,No,No,CA,San Francisco,37.885164166321545,-122.35890477439098
0520-FDVVT,Male,0,No,No,FL,Miami,25.892562758314025,-80.2339007539727
3439-GVUSX,Male,0,No,No,FL,Orlando,28.590384836593625,-81.34384972489875
1444-VVSGW,Male,0,Yes,No,NY,New York,40.83225143717493,-73.91360257735982
5712-PTIWW,Male,0,No,No,AZ,Phoenix,33.33547121593111,-112.08221008594171
5949-HGVJL,Female,0,Yes,No,AZ,Phoenix,33.4534234580103,-112.07714587251634
5203-XEHAX,Female,0,No,No,TX,Dallas,32.66501053753934,-96.83340846963367
1635-HDGFT,Female,0,No,Yes,WA,Seattle,47.61514483990265,-122.43373656939488
3315-TOTBP,Male,0,No,No,FL,Orlando,28.522346260893457,-81.51152376148565
8050-XGRVL,Female,0,Yes,Yes,WA,Seattle,47.46905668901847,-122.21281450633884
6661-HBGWL,Female,1,No,No,IL,Chicago,41.9155834023759,-87.59580215465108
1518-VOWAV,Female,0,No,No,CA,Los Angeles,34.06373197345206,-118.31598355484108
9828-QHFBK,Male,0,No,No,NY,New York,40.77000247656948,-73.87759954373296
3908-MKIMJ,Male,1,Yes,No,GA,Atlanta,33.67565761816694,-84.4261086776184
5012-YSPJJ,Male,0,Yes,Yes,MA,Boston,42.37043870551008,-71.1019349435156
5909-ECHUI,Female,0,No,No,IL,Chicago,41.96734944192393,-87.60728346570305
1309-BXVOQ,Male,0,Yes,No,CA,Los Angeles,33.97699310876594,-118.22974630029127
6728-VOIFY,Female,0,Yes,No,GA,Atlanta,33.606174054658034,-84.29273816113506
9317-WZPGV,Female,1,No,No,MA,Boston,42.47192503767908,-71.00075253821424
4891-NLUBA,Female,0,Yes,Yes,CA,San Diego,32.65515387439664,-117.11842074384398
2856-HYAPG,Female,0,No,No,CA,San Francisco,37.628190727423075,-122.38565497603888
8969-PRHFK,Male,0,No,No,WA,Seattle,47.45767522778583,-122.30808030194763
0661-KQHNK,Female,0,Yes,Yes,MA,Boston,42.310092873838485,-71.1639983596273
8709-KRDVL,Female,0,No,No,CA,San Francisco,37.90734905100076,-122.51436141945524
4488-PSYCG,Male,0,No,No,CA,San Francisco,37.686420086288436,-122.5676707067104
1427-VERSM,Female,0,Yes,No,MA,Boston,42.428591834162226,-71.06209957707627
9801-NOSHQ,Male,0,No,Yes,WA,Seattle,47.56812463367848,-122.36439439108123
6339-YPSAH,Male,0,No,No,CO,Denver,39.74756575817672,-105.1357301211519
3621-CEOVK,Female,1,Yes,No,AZ,Phoenix,33.50899957650802,-112.01940605325184
6906-ANDWJ,Male,0,Yes,Yes,FL,Miami,25.671443025987255,-80.12046730192937
2159-TURXX,Male,0,No,No,NY,New York,40.80538110257539,-73.8789820629099
1548-FEHVL,Male,0,Yes,No,CA,Los Angeles,34.10576362253967,-118.10370926358704
3795-CAWEX,Male,0,Yes,Yes,TX,Dallas,32.912035265789186,-96.79295746140198
6215-NQCPY,Male,0,No,No,CA,San Francisco,37.91942682751156,-122.35178967604234
5647-URDKA,Male,0,Yes,Yes,FL,Orlando,28.540701723691335,-81.39832816021024
2229-DPMBI,Female,0,Yes,Yes,NY,New York,40.56304765439823,-73.89194396805838
9626-WEQRM,Female,0,No,No,IL,Chicago,41.790855424485905,-87.77334887329579
2188-SXWVT,Female,0,No,No,NY,Buffalo,43.00468263806743,-78.86966672392282
6258-PVZWJ,Male,0,Yes,No,FL,Orlando,28.53423981269575,-81.37290718765892
1094-BKOSX,Female,0,Yes,Yes,WA,Seattle,47.66074108097985,-122.37226881547505
6969-MVBAI,Female,1,No,No,FL,Miami,25.69899678040598,-80.21814670376193
2978-XXSOG,Female,0,No,No,CO,Denver,39.7315835220896,-104.88554841197886
2342-CKIAO,Female,0,No,No,TX,Dallas,32.765602366507395,-96.66726020359496
6953-PBDIN,Male,0,Yes,No,TX,Austin,30.208730688573237,-97.66200293770237
3898-BSJYF,Female,0,No,Yes,FL,Miami,25.74385998769848,-80.26486305421366
3938-YFPXD,Male,0,No,No,CO,Denver,39.704790803360794,-104.9120629196504
7696-AMHOD,Female,0,Yes,Yes,AZ,Phoenix,33.58542326510488,-112.18690738886136
2453-SAFNS,Female,1,No,No,FL,Orlando,28.649099752067084,-81.36497395996227
9558-IHEZX,Female,0,No,No,NY,New York,40.65737532366439,-74.01188601031964
9617-UDPEU,Female,0,No,No,GA,Atlanta,33.779065347919385,-84.34218320018094
6340-DACFT,Female,0,Yes,Yes,AZ,Phoenix,33.34212860913177,-112.00859949952175
4955-VCWBI,Female,0,Yes,Yes,TX,Houston,29.88102119199693,-95.33243058397885
6813-GZQCG,Female,0,Yes,Yes,NY,New York,40.70335175705193,-74.01858850295153
7426-GSWPO,Male,1,No,No,CA,San Francisco,37.83090116854755,-122.27302222504376
3389-KTRXV,Female,0,Yes,Yes,FL,Orlando,28.391542494630368,-81.33229167255001
3118-UHVVQ,Female,0,Yes,No,CA,Los Angeles,34.117820104431026,-118.31199598500821
1031-IIDEO,Female,0,No,No,CA,San Diego,32.82032019406017,-117.29004739498777
5832-XKAES,Male,0,No,No,TX,Dallas,32.67357909440082,-96.82526352433119
3205-MXZRA,Male,0,No,No,IL,Chicago,41.804678715352296,-87.59544161430676
4701-AHWMW,Male,0,Yes,No,TX,Dallas,32.793218641361456,-96.8001558316204
8317-BVKSO,Male,0,No,No,MA,Boston,42.249307592949464,-71.13900740958707
5702-KVQRD,Male,0,Yes,No,TX,Houston,29.656653673831762,-95.45341107882699
0083-PIVIK,Male,0,No,No,NY,Buffalo,42.78546095090882,-78.76200311030294
9210-IAHGH,Female,0,No,No,WA,Seattle,47.47069816646841,-122.26935035613585
6169-PGNCD,Female,0,No,No,NY,New York,40.71974445672557,-73.86434905477607
0023-XUOPT,Female,0,Yes,No,TX,Austin,30.12251296303427,-97.81922059533835
4592-IWTJI,Female,0,Yes,Yes,AZ,Phoenix,33.580211928485554,-111.9566048720814
4909-JOUPP,Male,1,Yes,No,TX,Austin,30.150909642287804,-97.7912946847946
4657-FWVFY,Female,0,Yes,Yes,GA,Atlanta,33.749550750134304,-84.4083941880415
2257-BOVXD,Male,0,Yes,No,TX,Austin,30.3971310319991,-97.68756695988154
7729-JTEEC,Male,0,Yes,Yes,TX,Houston,29.813072414903008,-95.32053320871418
7632-MNYOY,Male,1,No,No,MA,Boston,42.49351904469561,-71.03011163962697
6518-LGAOV,Female,0,Yes,No,NY,New York,40.672357211793184,-74.13030607015064
7242-QZLXF,Male,0,No,Yes,MA,Boston,42.47097698505469,-71.08514342077731
4576-CSAJH,Male,0,No,No,IL,Chicago,41.83686401163812,-87.62454345120858
1000-AJSLD,Male,0,No,No,CA,Los Angeles,34.11137286402797,-118.28676319527237
9696-RMYBA,Male,0,No,No,CA,San Francisco,37.766955644389526,-122.34836526434614
8690-UPCZI,Male,0,Yes,Yes,TX,Houston,29.85307653423087,-95.22200921076121
1062-LHZOD,Male,0,Yes,Yes,WA,Seattle,47.740330951542944,-122.399084359205
9770-LXDBK,Female,0,No,No,NY,New York,40.564010982350254,-74.10527347297084
4086-WITJG,Male,0,Yes,Yes,AZ,Phoenix,33.444378648687334,-112.12609097805787
8344-WFMFH,Male,0,No,Yes,TX,Houston,29.614445062071944,-95.25067730755423
9600-NAXZN,Male,0,No,No,CA,San Francisco,37.646774400665095,-122.41175109133063
8822-KNBHV,Female,0,No,No,WA,Seattle,47.664310411875846,-122.44480389670358
8404-FYDIB,Male,0,No,No,CA,San Francisco,37.88755949663988,-122.45166001857926
2791-SFVEW,Female,0,No,No,CA,San Diego,32.63741730373743,-117.15927965032876
6457-USBER,Male,0,No,No,FL,Orlando,28.534259391396514,-81.31896522345528
6762-NSODU,Female,0,Yes,Yes,WA,Seattle,47.500377329816466,-122.23222246857807
4662-EKDPQ,Male,0,No,No,WA,Seattle,47.64361027022593,-122.3063129321971
9248-OJYKK,Male,1,No,No,CO,Denver,39.60674199046524,-105.09578716066154
9888-ZCUMM,Male,0,Yes,Yes,CA,San Francisco,37.86023659265989,-122.37591215981405
3398-FSHON,Female,1,No,No,TX,Houston,29.847502427889562,-95.40614168111001
3319-DWOEP,Male,1,Yes,No,AZ,Phoenix,33.559777186689445,-112.04456193128937
1074-WVEVG,Female,0,Yes,No,FL,Orlando,28.617543955138085,-81.3691885303274
9979-RGMZT,Female,0,No,No,AZ,Phoenix,33.52371320575901,-112.18876273379992
6437-UDQJM,Female,1,Yes,No,WA,Seattle,47.64531099564777,-122.28988514304889
1226-IENZN,Male,1,No,No,AZ,Phoenix,33.49831974745542,-112.02741805877258
2108-GLPQB,Male,0,Yes,No,WA,Seattle,47.52805475153101,-122.31680345447256
9259-PACGQ,Female,0,Yes,No,CA,Los Angeles,33.97382073598564,-118.26927949372158
4415-IJZTP,Female,0,No,No,TX,Austin,30.15575767637244,-97.82857988594188
1465-VINDH,Female,0,Yes,Yes,TX,Dallas,32.74277367563612,-96.70642624175699
5474-LAMUQ,Male,0,Yes,No,FL,Miami,25.716552431106425,-80.20852291328787
3468-DRVQJ,Female,0,Yes,Yes,WA,Seattle,47.507649737776646,-122.43823693135039
1122-YJBCS,Male,0,Yes,No,CA,Los Angeles,34.07130848607979,-118.15727547975875
4990-ALDGW,Male,0,No,No,MA,Boston,42.34767115058538,-70.98824981587532
4816-OKWNX,Male,0,Yes,Yes,MA,Boston,42.250372334254145,-70.94600488963017
3315-IKYZQ,Male,0,Yes,Yes,NY,New York,40.684895726477485,-74.0294525802844
2810-FTLEM,Female,0,No,No,FL,Orlando,28.666512209975185,-81.49953441704365
4747-LCAQL,Male,0,No,No,GA,Atlanta,33.74404766398989,-84.29502790069371
3411-WLRSQ,Female,1,Yes,No,GA,Atlanta,33.69280864093301,-84.46268065033803
0898-XCGTF,Male,0,Yes,No,TX,Dallas,32.87232715887598,-96.65078280109562
8006-PYCSW,Female,0,No,No,FL,Orlando,28.54370353461095,-81.23224699642383
8249-THVEC,Male,0,Yes,Yes,WA,Seattle,47.658197038664255,-122.23271530819312
8722-PRFDV,Female,0,Yes,Yes,CA,Los Angeles,33.91891164743427,-118.23163820838036
2164-SOQXL,Female,0,Yes,Yes,TX,Dallas,32.818354192933754,-96.8366494618454
4020-KIUDI,Male,0,Yes,Yes,NY,New York,40.615553494466845,-74.06449955391584
5850-BDWCY,Female,0,No,No,GA,Atlanta,33.63641703874167,-84.43332454783248
2038-YSEZE,Female,0,No,No,NY,New York,40.759392900593525,-74.07548549763213
0827-ITJPH,Male,0,No,No,TX,Houston,29.63140569520125,-95.44545039708552
8799-OXZMD,Female,0,No,No,NY,Buffalo,42.861805830721,-78.77269453620566
1925-TIBLE,Female,0,Yes,No,NY,New York,40.83016049323871,-74.0218565652652
1705-GUHPV,Female,0,No,No,NY,Buffalo,42.93027124110207,-78.89790158705281
4779-ZGICK,Male,0,Yes,Yes,TX,Houston,29.727823074163535,-95.34501412109003
0048-PIHNL,Female,0,Yes,No,WA,Seattle,47.492987450193084,-122.25899093120518
0818-OCPZO,Male,1,No,No,TX,Dallas,32.87468467274174,-96.91786308883752
3967-KXAPS,Male,0,Yes,No,TX,Dallas,32.788709835038915,-96.78585333999268
1447-GIQMR,Male,0,Yes,No,TX,Dallas,32.72401094152326,-96.75511257632144
3704-IEAXF,Female,0,Yes,Yes,CA,San Francisco,37.83822420056127,-122.31137312330452
6810-VCAEX,Female,0,No,No,MA,Boston,42.467814560735135,-70.99524076196958
0674-EYYZV,Female,0,No,No,CA,Los Angeles,33.94325520133838,-118.13678913574373
4480-MBMLB,Female,0,No,No,TX,Houston,29.865450406563962,-95.34297933929308
1395-OFUWC,Male,0,Yes,Yes,NY,Buffalo,42.98781303760853,-78.98020296934565
0822-QGCXA,Female,1,Yes,No,WA,Seattle,47.631036150328285,-122.44313300383102
0872-NXJYS,Female,0,No,No,TX,Houston,29.90168039904725,-95.2364321166368
2832-KJCRD,Female,0,No,No,TX,Dallas,32.894285418955874,-96.84490051944155
3588-WSTTJ,Female,1,No,No,FL,Miami,25.83774854442378,-80.2039349066407
4075-WKNIU,Female,0,Yes,Yes,CA,Los Angeles,33.98757561075709,-118.23451625738343
5090-EMGTC,Female,0,Yes,No,NY,New York,40.86117733553188,-73.904467042509
2346-CZYIL,Male,0,No,No,CA,San Diego,32.83317224764088,-117.26692310603727
3798-EPWRR,Female,1,No,No,CA,San Diego,32.59443310970376,-117.07224995716248
6258-NGCNG,Male,0,No,No,IL,Chicago,41.929195004463935,-87.76899206902095
4186-ZBUEW,Female,0,No,No,WA,Seattle,47.66848718627822,-122.20442113614853
5274-XHAKY,Female,0,Yes,Yes,NY,Buffalo,42.83382810052923,-78.8459123702651
1442-BQPVU,Female,0,No,No,WA,Seattle,47.65847946503013,-122.23717187690703
3978-YNKDD,Male,0,No,Yes,NY,Buffalo,42.87083411232253,-78.73810904279122
4940-KHCWD,Female,0,Yes,No,CA,Los Angeles,33.98243260655389,-118.345851070159
9412-ARGBX,Female,0,No,Yes,TX,Houston,29.819652415500187,-95.40505442774767
1389-CXMLU,Male,1,No,No,IL,Chicago,41.99919022921861,-87.65804632787712
9589-ABEPT,Male,0,Yes,No,TX,Dallas,32.64515675037722,-96.7044659225505
9388-ZEYVT,Male,0,No,No,FL,Miami,25.709464001194466,-80.11784740059636
0305-SQECB,Female,0,No,Yes,NY,New York,40.81392705669909,-74.02804169227929
7605-SNLQG,Female,0,Yes,No,WA,Seattle,47.536578696910006,-122.42048947635966
4670-TABXH,Male,0,Yes,No,FL,Miami,25.880165978210876,-80.30724176368804
5561-NWEVX,Female,1,Yes,No,GA,Atlanta,33.74633327999536,-84.29082324833196
0064-SUDOG,Female,0,Yes,Yes,FL,Miami,25.676155764847366,-80.22920370597464
8561-NMTBD,Female,0,Yes,Yes,IL,Chicago,41.878664861064266,-87.53047780712009
5161-XEUVX,Male,0,Yes,No,FL,Orlando,28.493405098464404,-81.35438430834628
8292-FRFZQ,Female,0,No,No,CO,Denver,39.64328592665825,-105.01180308298963
8591-NXRCV,Female,0,No,No,CA,Los Angeles,33.92922261919894,-118.30717720803345
7895-VONWT,Female,0,No,No,TX,Houston,29.770523957474374,-95.28545513671183
4526-RMTLL,Male,0,Yes,Yes,GA,Atlanta,33.86864536079942,-84.4029413939428
6253-GNHWH,Female,0,Yes,Yes,GA,Atlanta,33.673388456651956,-84.45868566993124
4566-NECEV,Male,0,No,No,CA,San Francisco,37.92451372522747,-122.51148252858556
8080-POTJR,Female,0,No,No,TX,Houston,29.61266877518091,-95.42682345512809
6906-MPARY,Male,0,No,No,TX,Houston,29.614684089546614,-95.30742553461815
3662-FXJFO,Female,0,No,No,CA,San Diego,32.71984144660607,-117.2877345601304
8107-RZLNV,Male,0,Yes,No,CO,Denver,39.856115816139734,-105.03434279212388
0516-OOHAR,Male,0,Yes,Yes,MA,Boston,42.26944431002434,-71.10170813473006
2027-CWDNU,Male,0,Yes,Yes,FL,Orlando,28.512760250735,-81.23179741793282
2737-WFVYW,Female,0,No,No,TX,Austin,30.31052235428943,-97.64281197509503
9912-OMZDS,Female,0,Yes,Yes,TX,Houston,29.659325528018034,-95.4677209709697
3733-ZEECP,Male,0,Yes,Yes,TX,Austin,30.159941025852852,-97.7457989795943
7878-RTCZG,Female,0,No,No,CA,San Francisco,37.66876672845286,-122.48226400963549
2452-MRMZF,Female,1,Yes,No,GA,Atlanta,33.725004932440356,-84.340654677573
2272-QAGFO,Female,1,No,No,CO,Denver,39.59479864230938,-105.13523325764706
7103-IPXPJ,Male,0,Yes,No,TX,Houston,29.78776715229799,-95.38637995714194
4342-HFXWS,Female,0,Yes,Yes,CO,Denver,39.81547449462132,-104.94900192581042
3545-CNWRG,Female,0,Yes,Yes,AZ,Phoenix,33.34571710529969,-112.09961753923479
1785-BPHTP,Male,0,Yes,Yes,FL,Miami,25.66009022056777,-80.2473433841419
4989-LIXVT,Male,1,No,No,TX,Houston,29.613977496673353,-95.44167881896796
7315-WYOAW,Male,0,No,No,MA,Boston,42.4173885690003,-70.98974513686893
1173-XZPYF,Female,0,No,No,CA,Los Angeles,34.024100587670716,-118.19575538540593
9850-OWRHQ,Female,0,Yes,No,GA,Atlanta,33.8208823394505,-84.31031109126549
3768-NLUBH,Male,1,Yes,No,WA,Seattle,47.62636845781524,-122.38335535030004
8676-TRMJS,Male,0,No,No,GA,Atlanta,33.60213023687073,-84.37030745670371
2509-TFPJU,Male,0,Yes,No,CA,San Francisco,37.85569879356226,-122.3391099071561
9530-GRMJG,Male,0,Yes,Yes,TX,Austin,30.296686985599315,-97.7599550995592
6898-RBTLU,Female,0,Yes,Yes,FL,Orlando,28.49024545518026,-81.38207606596589
5481-NTDOH,Female,1,Yes,No,AZ,Phoenix,33.466828147381456,-112.11527028416748
2068-WWXQZ,Male,0,No,No,WA,Seattle,47.7506982732062,-122.31325347710147
7359-SSBJK,Female,1,No,No,FL,Orlando,28.66560256070902,-81.40042769415754
2061-VVFST,Female,0,Yes,No,CA,San Diego,32.58081299655054,-117.1578886514613
0685-MLYYM,Female,1,No,No,CA,Los Angeles,33.97614985163784,-118.3465718758437
0749-IRGQE,Female,1,Yes,No,NY,Buffalo,42.825477264536254,-78.96166275815106
2380-DAMQP,Female,0,Yes,No,AZ,Phoenix,33.53670297498191,-111.97287355328992
2256-YLYLP,Male,0,Yes,Yes,TX,Houston,29.900391688566113,-95.30558310598587
1272-ILHFG,Male,0,Yes,Yes,WA,Seattle,47.69797026291813,-122.42319571383837
0164-XAIRP,Female,0,No,No,MA,Boston,42.48311691338817,-71.00330481700435
5666-CYCYZ,Female,0,No,No,GA,Atlanta,33.664651555863884,-84.3176900963066
4011-ARPHK,Male,0,No,No,WA,Seattle,47.72821979004403,-122.24499629449514
8182-PNAGI,Male,0,No,No,MA,Boston,42.303394806736705,-71.08600666627693
6365-HITVU,Female,0,Yes,Yes,FL,Orlando,28.4300588296762,-81.26000583213593
7558-IMLMT,Male,0,Yes,Yes,TX,Austin,30.13492661846891,-97.67912339545151
9488-FYQAU,Female,0,Yes,No,TX,Austin,30.180723762211827,-97.72508004898341
3590-TCXTB,Male,0,No,No,TX,Austin,30.139481240024132,-97.86458222008649
6994-KERXL,Male,0,No,No,NY,Buffalo,42.97003928800974,-79.02815869938381
7957-RYHQD,Female,1,No,No,CA,San Diego,32.86383446970442,-117.18713994187767
2180-DXNEG,Female,0,No,No,CO,Denver,39.7187992078039,-105.10993266640385
1960-UOTYM,Male,0,Yes,Yes,AZ,Phoenix,33.396533101854345,-112.12606679481175
2740-JFBOK,Male,0,No,No,IL,Chicago,41.95640874751756,-87.49847988804133
6500-JVEGC,Male,0,No,No,NY,New York,40.71828166789012,-74.10336144567279
5515-AKOAJ,Female,0,No,No,CO,Denver,39.75133588139252,-105.12945108554266
8976-OQHGT,Female,0,Yes,Yes,NY,New York,40.85700129047975,-74.06505204381358
5245-VDBUR,Female,0,Yes,No,FL,Orlando,28.389856442236415,-81.27875143858617
6230-BSUXY,Female,1,No,No,TX,Dallas,32.73684782016986,-96.91398739952365
8469-SNFFH,Male,0,Yes,No,CO,Denver,39.87370456849948,-104.94565887081595
2144-ESWKO,Male,0,No,No,IL,Chicago,41.879360015102876,-87.65605275564843
1241-FPMOF,Male,0,No,No,TX,Austin,30.222702881079744,-97.82120777376437
9928-BZVLZ,Female,0,No,No,FL,Miami,25.670971143278642,-80.05165756253048
4114-QMKVN,Female,0,Yes,Yes,CA,San Francisco,37.675859600410845,-122.50846193471152
2775-SEFEE,Male,0,No,Yes,IL,Chicago,41.90088675730522,-87.56013535105257
9003-CPATH,Male,0,No,No,CA,Los Angeles,34.047874042961965,-118.13209330894225
1754-GKYPY,Male,1,Yes,No,CA,San Francisco,37.65146802495432,-122.55707044875574
5294-CDGWY,Male,0,Yes,Yes,CO,Denver,39.83195427757052,-104.99691399250187
7956-XQWGU,Male,0,No,No,CO,Denver,39.63551052242064,-104.94377392531413
1591-MQJTP,Male,1,Yes,No,FL,Miami,25.82491412496789,-80.15019716720417
5295-PCJOO,Male,0,No,Yes,NY,New York,40.79785700180344,-74.0907938402221
2369-FEVNO,Male,0,No,No,NY,Buffalo,42.98345375300925,-78.93936499079977
9863-JZAIC,Male,0,No,No,CA,Los Angeles,34.07007356672855,-118.30836699088076
7471-MQPOS,Male,1,Yes,Yes,GA,Atlanta,33.69337234640334,-84.38504336131929
7660-HDPJV,Female,0,No,No,CA,Los Angeles,34.06338090325673,-118.1436950335938
5115-SQAAU,Female,0,Yes,Yes,NY,New York,40.64101522843854,-74.00676917348851
9845-QOMAD,Male,0,Yes,Yes,TX,Dallas,32.916115727218425,-96.71531863499204
7672-VFMXZ,Male,0,Yes,No,TX,Dallas,32.74031457203889,-96.90243909130916
9739-JLPQJ,Female,0,Yes,Yes,IL,Chicago,41.77808127406536,-87.54084798123897
9916-AYHTC,Male,0,No,No,MA,Boston,42.29523057638436,-71.12955059933182
3855-ONCAR,Female,0,Yes,Yes,AZ,Phoenix,33.323006597492515,-112.18808289072742
1488-SYSFC,Male,0,Yes,Yes,CA,San Diego,32.844595607787504,-117.17479626239536
7931-PXHFC,Male,0,No,No,TX,Houston,29.73429455327851,-95.42828408394779
3990-QYKBE,Male,1,Yes,No,TX,Dallas,32.66140944998942,-96.93171754650406
0970-QXPXW,Female,0,No,No,CA,Los Angeles,34.08701777849758,-118.16068495273842
3259-KNMRR,Male,1,No,No,CA,San Francisco,37.64897399064886,-122.35841628304351
6120-RJKLU,Female,1,Yes,No,NY,Buffalo,42.9996372040246,-78.76183194631271
9572-WUKSB,Male,0,Yes,No,CA,Los Angeles,34.138486620786175,-118.17119749271627
5893-KCLGT,Female,0,No,Yes,FL,Orlando,28.563677125219268,-81.47683558451736
0076-LVEPS,Male,0,No,Yes,IL,Chicago,42.02380753623215,-87.62446336771485
3640-JQGJG,Male,0,Yes,Yes,CO,Denver,39.77869913251606,-105.02544407693745
4919-MOAVT,Male,0,No,Yes,TX,Austin,30.18316649796313,-97.65377451254547
1596-OQSPS,Female,0,No,No,NY,New York,40.782540467905925,-73.93826135408372
9867-XOBQA,Female,0,No,Yes,NY,Buffalo,42.77086995224422,-78.87915550930632
9546-KDTRB,Female,0,No,No,MA,Boston,42.50697933251083,-71.164718541351
3090-HAWSU,Male,0,No,No,CA,San Diego,32.71144402410283,-117.03696633243062
9820-RMCQV,Female,0,No,No,TX,Houston,29.69314134118912,-95.22135274694247
3174-RKMOW,Male,0,Yes,Yes,TX,Houston,29.779952374332172,-95.46948652068299
1760-CAZHT,Male,0,No,Yes,AZ,Phoenix,33.39274310870758,-112.07385622775065
7839-QRKXN,Female,0,No,No,FL,Orlando,28.505210650725733,-81.35664146276686
8441-SHIPE,Female,0,No,No,FL,Orlando,28.604250714354578,-81.30693876258016
5204-QZXPU,Male,0,No,No,WA,Seattle,47.54407028435429,-122.24565872031866
4597-ELFTS,Male,0,No,No,NY,New York,40.80933831445386,-74.08258351057195
1320-GVNHT,Male,0,Yes,Yes,CA,Los Angeles,33.992853952008346,-118.34285219492286
1047-RNXZV,Male,0,No,No,FL,Orlando,28.422696165793596,-81.34811402183395
3541-ZNUHK,Female,0,Yes,Yes,WA,Seattle,47.6204202757154,-122.19791365709561
8450-JOVAH,Male,0,Yes,Yes,TX,Austin,30.392465836650942,-97.87274137012771
8725-JEDFD,Male,0,No,No,CO,Denver,39.65617437806631,-104.91204172426899
7562-UXTPG,Female,0,No,No,TX,Houston,29.62074981044464,-95.46478146178634
8071-SBTRN,Female,0,No,No,CA,Los Angeles,34.06539527064736,-118.22776218416004
1113-IUJYX,Female,0,Yes,No,WA,Seattle,47.582863303497156,-122.36422826125875
6668-CNMFP,Female,0,Yes,Yes,CO,Denver,39.645079318077386,-105.02910483389752
5626-MGTUK,Female,0,No,No,IL,Chicago,41.75283858748177,-87.48941909873476
5681-LLOEI,Male,0,Yes,Yes,CA,Los Angeles,34.068342979726566,-118.35558870101251
8212-DJRCH,Male,0,Yes,Yes,NY,Buffalo,42.87407675748684,-78.9934488905182
4323-OHFOW,Female,1,Yes,No,NY,New York,40.63234044548879,-74.068387521959
4933-BSAIP,Female,0,Yes,No,CA,San Francisco,37.723342933303684,-122.5504889790881
2030-BTZRO,Male,0,Yes,Yes,NY,New York,40.56724741363949,-73.92125917729783
1116-DXXDF,Male,0,No,No,IL,Chicago,41.766734744630234,-87.66034694961651
9274-CNFMO,Male,1,Yes,No,CA,San Francisco,37.79377556719672,-122.33406279121806
7758-XKCBS,Male,0,No,No,NY,Buffalo,42.87419842904789,-78.85353521644893
8992-JQYUN,Male,0,Yes,No,NY,New York,40.69640663211301,-74.14585379445053
6563-VNPMN,Female,1,No,No,CO,Denver,39.64029734712129,-104.90835237994008
0617-AQNWT,Female,0,Yes,No,TX,Dallas,32.704265904199694,-96.8394553436699
2267-WTPYD,Female,1,Yes,No,GA,Atlanta,33.81489631394681,-84.49398584620751
0270-THENM,Male,0,Yes,Yes,CA,Los Angeles,33.973760587923756,-118.09579553019002
2446-PLQVO,Male,0,No,No,IL,Chicago,41.74789530211992,-87.53275218294334
4707-MAXGU,Male,0,Yes,No,NY,New York,40.58936844506786,-74.04342321591184
2710-WYVXG,Female,0,No,No,CA,Los Angeles,34.119483524111025,-118.29767203372325
3005-NFMTA,Male,1,No,No,CA,San Francisco,37.83954041613489,-122.45725004036026
6300-BWMJX,Female,0,Yes,No,CA,Los Angeles,34.14062168847857,-118.26650255337337
8784-CGILN,Female,0,No,No,NY,New York,40.69584963169496,-73.96179303708473
5389-FFVKB,Male,1,Yes,No,CA,San Diego,32.861618631937624,-117.1546967460841
7009-LGECI,Female,0,No,No,MA,Boston,42.428484594237695,-71.08836978385742
8444-WRIDW,Female,1,No,No,TX,Houston,29.695376404221225,-95.29932630859454
5022-KVDQT,Male,0,No,No,NY,New York,40.861206962311584,-73.92719511850412
7976-CICYS,Male,0,No,No,AZ,Phoenix,33.5551835705643,-112.00244783071757
1036-GUDCL,Male,0,Yes,Yes,CA,San Diego,32.67555165873929,-117.28306861570736
2005-DWQZJ,Female,0,Yes,Yes,WA,Seattle,47.50883215675094,-122.18302309405495
8148-WOCMK,Male,0,Yes,Yes,AZ,Phoenix,33.317031335709295,-111.95667984756324
7815-PDTHL,Male,0,No,No,MA,Boston,42.33217517571655,-71.115139176984
9451-LPGOO,Male,0,No,No,NY,Buffalo,43.019043047275304,-79.00160296721879
9173-IVZVP,Female,0,Yes,Yes,TX,Dallas,32.65636332695932,-96.88987757735364
9129-UXERG,Female,1,No,No,TX,Dallas,32.8980602083585,-96.65653595502768
3635-JBPSG,Female,0,No,No,CA,San Francisco,37.712747024546125,-122.51617972078296
7964-ZRKKG,Male,0,Yes,No,AZ,Phoenix,33.30666437292771,-112.18297537029083
5868-YWPDW,Male,1,Yes,No,FL,Miami,25.803992857847195,-80.32808797058966
6229-LSCKB,Male,1,No,No,IL,Chicago,41.92990129467224,-87.5579468016767
2025-JKFWI,Male,0,No,No,NY,Buffalo,43.006351416101815,-78.87291880444785
4078-SAYYN,Female,0,No,No,NY,New York,40.64278796348559,-74.02394539991924
1724-IQWNM,Male,0,No,Yes,FL,Orlando,28.62686222363151,-81.49471432532174
8217-QYOHV,Male,0,No,No,TX,Houston,29.705324441375897,-95.27028943912654
5546-QUERU,Male,0,No,No,TX,Austin,30.229084075939095,-97.65670975340252
9940-HPQPG,Female,0,Yes,No,NY,Buffalo,42.89121135349076,-78.93991731904981
6897-UUBNU,Male,0,No,No,NY,New York,40.791504858991914,-73.86349777974391
6127-IYJOZ,Male,1,No,No,WA,Seattle,47.633234766885195,-122.26865374849385
6618-RYATB,Female,0,No,No,GA,Atlanta,33.792029550897844,-84.43920796621795
8930-XOTDP,Female,0,Yes,Yes,GA,Atlanta,33.723265736091854,-84.5247111416447
5916-QEWPT,Female,0,Yes,No,NY,Buffalo,42.92632292333643,-78.80215589845453
5060-TQUQN,Male,0,Yes,Yes,TX,Houston,29.777038199563425,-95.43594663418219
0531-XBKMM,Male,0,No,Yes,IL,Chicago,41.97051193458398,-87.64047250828465
8465-SBRXP,Male,0,Yes,Yes,GA,Atlanta,33.72915591820656,-84.29912801726202
2408-PSJVE,Male,0,Yes,Yes,GA,Atlanta,33.68057475473288,-84.38522055727111
9079-YEXQJ,Female,0,No,No,FL,Orlando,28.685389445951813,-81.35376394373655
9700-ZCLOT,Male,0,No,No,GA,Atlanta,33.609379453599566,-84.41723893655839
8738-JOKAR,Female,0,No,No,CA,Los Angeles,34.11193479705963,-118.18015710991482
4534-WGCIR,Female,0,Yes,Yes,AZ,Phoenix,33.43149757997417,-112.21378743978826
1930-WNXSB,Male,0,Yes,Yes,TX,Austin,30.15085101489795,-97.77959812613841
2685-SREOM,Female,0,Yes,Yes,GA,Atlanta,33.77878978598503,-84.42668357385708
3508-CFVZL,Female,0,No,No,MA,Boston,42.448984066240506,-71.20171333877124
0402-CQAJN,Female,0,No,No,FL,Miami,25.760890887186974,-80.1782276516839
6692-UDPJC,Female,0,Yes,Yes,CA,San Francisco,37.80516924557731,-122.5423659874517
1273-MTETI,Female,1,No,No,TX,Austin,30.340881955153044,-97.74473630012875
0657-DOGUM,Female,0,Yes,No,NY,Buffalo,42.74048509017158,-78.8291228025587
5480-HPRRX,Female,1,No,No,TX,Austin,30.368183524985948,-97.66669082009986
8792-AOROI,Female,0,Yes,No,WA,Seattle,47.51461650407093,-122.22882196633617
0295-PPHDO,Male,0,No,No,FL,Orlando,28.492581140931758,-81.30762895291407
5146-YYFRZ,Male,0,No,No,NY,New York,40.74727177158173,-73.91543056535795
1195-OIYEJ,Male,0,No,No,IL,Chicago,41.738710963918734,-87.49915612522173
5906-CVLHP,Female,0,Yes,Yes,CO,Denver,39.72082797182533,-104.88078436909923
3452-SRFEG,Male,0,No,No,NY,Buffalo,42.73981560080964,-79.02065900768604
4070-OKWVH,Female,0,Yes,No,NY,New York,40.859851829876625,-74.07417941304709
5297-MDOIR,Female,0,Yes,No,WA,Seattle,47.52599990505129,-122.2168654711913
6369-MCAKO,Female,0,Yes,Yes,TX,Austin,30.318507096279482,-97.59857901923938
4926-UMJZD,Female,0,Yes,No,NY,New York,40.76302271152377,-73.85980469049757
6848-HJTXY,Female,0,Yes,No,MA,Boston,42.21088151742491,-71.16269901757663
6341-AEVKX,Female,0,Yes,No,WA,Seattle,47.67886354568413,-122.33725241471844
4501-EQDRN,Female,0,No,No,GA,Atlanta,33.68066217130274,-84.25803945026922
2990-HWIML,Female,0,No,No,NY,Buffalo,42.774158955193975,-78.72872653099965
0682-USIXD,Female,0,Yes,No,CA,San Diego,32.74843789408268,-117.25691678703166
6976-BWGLQ,Female,0,Yes,Yes,MA,Boston,42.31007267048118,-71.08494051212365
7078-NVFAM,Female,0,Yes,Yes,TX,Dallas,32.82018499771138,-96.75368554935595
8065-QBYTO,Female,1,No,No,FL,Miami,25.64809010671109,-80.30169165726626
2133-TSRRM,Female,0,No,Yes,FL,Orlando,28.530805167476288,-81.45949740008834
7384-GHBPI,Male,0,Yes,No,WA,Seattle,47.52440517939702,-122.43614556162483
7603-USHJS,Male,0,No,Yes,TX,Dallas,32.812379021693985,-96.65959914018828
7234-FECYN,Female,1,No,No,AZ,Phoenix,33.33570905149864,-112.15791346104696
2511-ALLCS,Female,0,Yes,Yes,NY,Buffalo,43.01289740600222,-78.89570362189741
3191-CSNMG,Female,0,Yes,Yes,CA,Los Angeles,34.107567947329365,-118.3810397027037
7952-OBOYL,Male,0,No,No,TX,Austin,30.335840499967873,-97.84549962058458
7470-DYNOE,Male,0,No,No,CA,San Francisco,37.71280148941574,-122.41053851662404
7853-OETYL,Female,0,Yes,No,TX,Houston,29.73459864947457,-95.22357494717671
1545-ACTAS,Female,0,Yes,Yes,CO,Denver,39.79070098621315,-104.97808718409547
5876-HZVZM,Female,0,Yes,Yes,NY,Buffalo,42.915680020227434,-78.85727297246027
1400-MMYXY,Male,1,Yes,No,CA,Los Angeles,34.19957938918684,-118.33577712328328
5126-RCXYW,Male,0,Yes,Yes,CA,San Francisco,37.76718576235997,-122.49240378884703
3085-QUOZK,Female,0,No,No,WA,Seattle,47.732468595781896,-122.22372672234232
2363-BJLSL,Male,0,No,No,CA,San Francisco,37.86968872574403,-122.31249258067774
1956-YIFGE,Male,0,Yes,Yes,WA,Seattle,47.492178404153385,-122.27098461401911
3926-CUQZX,Male,0,No,No,CA,San Diego,32.72630426984689,-117.29559768973141
7921-LMDFQ,Male,1,No,No,FL,Orlando,28.582550602521653,-81.25427235093682
2925-MXLSX,Female,0,No,No,FL,Orlando,28.400734388415806,-81.36198474891684
5820-PTRYM,Female,1,Yes,No,IL,Chicago,41.87333693838322,-87.63950225154971
9609-BENEA,Male,0,Yes,No,MA,Boston,42.22827538735082,-71.20088075651547
6211-WHMYA,Female,1,No,No,TX,Houston,29.892063490227372,-95.30550803233452
4459-BBGHE,Male,0,No,Yes,CA,San Diego,32.681050932458184,-117.02519928748583
9945-PSVIP,Female,0,Yes,Yes,CA,San Francisco,37.876705057534274,-122.44321652263966
1041-RXHRA,Female,0,No,No,NY,New York,40.841834999873235,-73.94358581771829
1750-CSKKM,Male,0,No,Yes,CA,Los Angeles,34.011963021484284,-118.12797353796873
9108-EJFJP,Female,0,Yes,No,NY,Buffalo,42.796992527393435,-78.82783731871369
0530-IJVDB,Male,0,No,Yes,FL,Miami,25.781401169184726,-80.05658986350488
0508-SQWPL,Female,0,Yes,Yes,TX,Houston,29.761250677498467,-95.4995944501981
2215-ZAFGX,Male,0,No,No,GA,Atlanta,33.89691784378236,-84.2572030151816
8213-TAZPM,Female,0,Yes,Yes,NY,Buffalo,42.924494818097116,-79.01216082642078
7142-HVGBG,Male,1,Yes,No,FL,Orlando,28.454026310635168,-81.52678165523058
1304-SEGFY,Female,0,Yes,No,WA,Seattle,47.712496650095396,-122.36774287021949
7242-EDTYC,Male,0,No,Yes,NY,New York,40.85456563386566,-73.93320529878402
2904-GGUAZ,Female,0,Yes,No,FL,Miami,25.88365193074299,-80.09028457325168
8267-ZNYVZ,Female,0,Yes,No,NY,New York,40.81371618635574,-73.86130334076306
5136-GFPMB,Male,0,No,No,CA,Los Angeles,34.08530614394564,-118.32285086160941
2595-KIWPV,Male,0,No,Yes,TX,Houston,29.68920752445677,-95.2920287068013
5243-SAOTC,Male,0,No,No,WA,Seattle,47.59254201905359,-122.3007917980229
9398-MMQTO,Male,0,No,No,TX,Austin,30.218183163786893,-97.84863039569501
7619-PLRLP,Female,0,Yes,No,FL,Miami,25.612418276341753,-80.18850697368104
6457-GIRWB,Male,0,No,No,TX,Houston,29.723702236079824,-95.25958368263447
6508-NJYRO,Male,0,Yes,No,CA,San Francisco,37.76532658642154,-122.27834876377885
1450-SKCVI,Female,0,No,No,TX,Austin,30.276302092595387,-97.6975389829576
4710-NKCAW,Male,0,Yes,Yes,IL,Chicago,41.98079643838074,-87.55725616141999
5306-BVTKJ,Male,0,Yes,Yes,AZ,Phoenix,33.491224823640565,-112.21708807719877
0357-NVCRI,Female,0,No,Yes,CA,San Diego,32.68923519749694,-117.25988382061782
5570-PTWEH,Female,0,Yes,No,GA,Atlanta,33.64752067814734,-84.4534733987098
2371-KFUOG,Male,0,No,No,GA,Atlanta,33.72888316099614,-84.24188751056234
0463-ZSDNT,Male,0,No,No,CA,San Diego,32.59654601646139,-117.29329279395152
6502-MJQAE,Male,0,No,No,IL,Chicago,41.87428130831621,-87.54061524965637
6257-DTAYD,Male,0,Yes,No,CA,San Diego,32.74697698996848,-117.29127432549821
4616-ULAOA,Female,0,Yes,Yes,TX,Austin,30.33276418539367,-97.72973199102434
7693-LCKZL,Male,0,Yes,Yes,CA,San Francisco,37.659782399494276,-122.45459456423754
7746-AWNQW,Female,0,No,No,CO,Denver,39.69634292771893,-105.05347376908226
5996-EBTKM,Female,0,Yes,Yes,CA,San Diego,32.85126896685915,-117.0474263116011
2758-RNWXS,Male,0,No,No,NY,New York,40.576804235263225,-73.87477746153657
2314-TNDJQ,Female,0,Yes,Yes,AZ,Phoenix,33.31567953854119,-112.02194678136586
2405-LBMUW,Female,0,Yes,Yes,CO,Denver,39.82035450455222,-104.97655456927691
3454-JFUBC,Male,1,No,No,TX,Houston,29.900436767155448,-95.45734538424979
0032-PGELS,Female,0,Yes,Yes,CA,San Diego,32.853861441435505,-117.02079624496346
9039-ZVJDC,Male,0,No,No,AZ,Phoenix,33.54227389687225,-112.22071545247066
6797-LNAQX,Male,0,Yes,Yes,NY,Buffalo,42.94625832562147,-78.89177375151034
9013-AQORL,Female,0,No,Yes,CA,Los Angeles,34.13039900944568,-118.355142743193
2898-MRKPI,Male,0,Yes,Yes,TX,Austin,30.189706429077688,-97.6697637724324
2750-BJLSB,Female,0,No,No,NY,New York,40.76332419842055,-73.9744426539956
3648-GZPHF,Male,0,Yes,Yes,GA,Atlanta,33.78209709905185,-84.5225372811423
2075-RMJIK,Female,0,Yes,Yes,CA,Los Angeles,34.022003389607825,-118.25188993463753
9588-YRFHY,Male,0,No,No,MA,Boston,42.44741706287788,-70.92380593042327
6394-MFYNG,Female,0,No,No,CA,San Diego,32.80509941078924,-117.1184663320578
1564-NTYXF,Female,1,No,No,FL,Miami,25.791418514571465,-80.3187283420192
9364-YKUVW,Male,0,No,No,FL,Miami,25.78932830239146,-80.08646730705493
5392-AKEMH,Female,0,No,No,AZ,Phoenix,33.552313237585935,-112.18673453192426
2451-YMUXS,Male,1,No,No,FL,Orlando,28.563633652988983,-81.23296742094342
3914-FDRHP,Male,0,No,No,GA,Atlanta,33.61563919410259,-84.43855731608139
3078-ZKNTS,Female,0,Yes,Yes,CA,San Diego,32.56777905710412,-117.20713443017146
1024-KPRBB,Female,0,No,No,FL,Miami,25.834595436392746,-80.06358561802799
4690-PKDQG,Female,1,Yes,No,GA,Atlanta,33.74027197673488,-84.45991430212075
8155-IBNHG,Female,0,Yes,No,NY,Buffalo,42.80310343207603,-78.74866812017024
0886-QGENL,Female,1,Yes,No,IL,Chicago,41.93036652082716,-87.64927764777954
9547-ITEFG,Male,0,Yes,Yes,CA,San Francisco,37.6478259647572,-122.38313796294871
1264-FUHCX,Female,0,Yes,No,MA,Boston,42.318969415835724,-71.00673461420938
7789-CRUVC,Female,1,Yes,No,MA,Boston,42.35460237118539,-71.1386447569429
6598-KELSS,Male,0,No,Yes,NY,New York,40.73731456895112,-73.97959187831442
8739-WWKDU,Male,1,No,No,IL,Chicago,41.775853788458235,-87.50799572575663
8685-WHQPW,Female,1,No,No,IL,Chicago,41.97475568939675,-87.53378527507152
4745-LSPLO,Male,0,No,No,MA,Boston,42.491473753843124,-71.1390298802595
8083-YTZES,Male,0,No,No,NY,New York,40.756952788987654,-73.98297669248849
7240-FQLHE,Female,1,Yes,No,NY,Buffalo,42.89452121145412,-78.92664037553138
6664-FPDAC,Female,1,No,No,IL,Chicago,41.99152509211096,-87.61232241022152
9972-VAFJJ,Female,1,Yes,No,TX,Houston,29.81581171309329,-95.23776878520854
0422-UXFAP,Female,0,Yes,No,FL,Orlando,28.654993162594838,-81.29556086395722
1904-WAJAA,Female,0,Yes,Yes,NY,New York,40.751534020644684,-74.14760025877334
5130-YPIRV,Female,0,Yes,No,CA,San Diego,32.60884628170428,-117.30202985048689
2843-CQMEG,Male,0,No,No,TX,Austin,30.158790846494483,-97.68449070630135
6439-PKTRR,Female,0,Yes,Yes,CA,San Francisco,37.78788326487326,-122.55926853415889
5351-QESIO,Male,0,No,Yes,NY,Buffalo,42.99715427459028,-78.85212641395066
0786-VSSUD,Male,1,No,No,NY,Buffalo,42.78787506335392,-78.75479587426969
5568-DMXZS,Female,0,No,No,TX,Houston,29.78540687279096,-95.49245025402254
8468-FZTOE,Female,0,Yes,Yes,AZ,Phoenix,33.470867157701406,-112.00205954065437
6633-SYEUS,Female,0,No,No,TX,Dallas,32.74536174732979,-96.79297390726926
6447-GORXK,Male,0,No,Yes,TX,Dallas,32.70334685645571,-96.88959896587727
6967-PEJLL,Male,0,Yes,Yes,IL,Chicago,41.73443629900302,-87.62291115914554
3976-BWUCK,Female,0,Yes,No,CO,Denver,39.67758879721238,-105.13746133235117
5981-ZVXOT,Female,1,No,No,CA,San Diego,32.715445425311735,-117.192726129591
1684-FLBGS,Female,0,Yes,Yes,AZ,Phoenix,33.34355327038113,-112.15013302479868
1389-WNUIB,Female,0,Yes,Yes,TX,Houston,29.909766105386616,-95.34317272076706
0376-OIWME,Male,0,Yes,No,WA,Seattle,47.659653885938674,-122.31679574620834
3585-ISXZP,Female,0,No,No,FL,Miami,25.71799116414338,-80.1844424142656
0218-QNVAS,Male,0,Yes,Yes,CA,San Francisco,37.78992340419128,-122.36629569147996
6583-QGCSI,Female,1,Yes,No,CA,San Diego,32.820907122893374,-117.19388308825144
0804-YGEQV,Female,0,Yes,Yes,CA,San Francisco,37.74407717261575,-122.31876298551654
7164-BPTUT,Male,0,No,Yes,MA,Boston,42.38173987296046,-70.908971561903
4174-LPGTI,Female,0,Yes,Yes,TX,Austin,30.130354879489808,-97.7881258739867
2523-EWWZL,Female,0,Yes,No,FL,Miami,25.754359516933597,-80.14365313634963
0928-XUTSN,Female,0,No,No,CA,San Diego,32.717161354282325,-117.1968787350233
2108-XWMPY,Male,0,No,No,GA,Atlanta,33.64020052317777,-84.25793096859763
0052-YNYOT,Female,0,No,No,GA,Atlanta,33.77053863235909,-84.24333068260955
6304-IJFSQ,Male,0,No,No,FL,Miami,25.706191322540036,-80.05300775535743
9586-JGQKH,Female,0,Yes,No,CA,Los Angeles,34.01814106586856,-118.20510102068798
4501-VCPFK,Male,0,No,No,CO,Denver,39.71298779439136,-105.12182729086537
6075-SLNIL,Male,0,No,No,CA,San Francisco,37.66310768790426,-122.37934482886094
9347-AERRL,Male,0,Yes,No,TX,Dallas,32.88183579243647,-96.92511566010462
0093-XWZFY,Male,0,No,No,CA,San Diego,32.65353681307591,-117.15794991052093
2274-XUATA,Male,1,Yes,No,TX,Dallas,32.829684183776095,-96.88524044510719
1980-KXVPM,Female,1,No,No,IL,Chicago,41.958180981210305,-87.64654464337237
7703-ZEKEF,Male,0,No,No,NY,New York,40.6719251542982,-74.00747402116369
0723-DRCLG,Female,1,Yes,No,WA,Seattle,47.479853699411,-122.26646078641704
5482-NUPNA,Female,0,No,No,TX,Austin,30.240347834085824,-97.79534508756299
6691-CCIHA,Female,0,Yes,No,CA,San Diego,32.761531219659226,-117.04757070063928
1685-BQULA,Female,0,No,No,NY,Buffalo,42.791781600417515,-78.91740686189051
9053-EJUNL,Male,0,No,No,FL,Orlando,28.57064194038311,-81.42348706567473
0666-UXTJO,Male,1,Yes,No,MA,Boston,42.360392474708306,-71.05019046681169
1471-GIQKQ,Female,0,No,No,CO,Denver,39.81219265352847,-105.03082758266105
4807-IZYOZ,Female,0,No,No,FL,Orlando,28.578224331146792,-81.26305986831863
1122-JWTJW,Male,0,Yes,Yes,FL,Orlando,28.644902106042426,-81.52537425962862
9710-NJERN,Female,0,No,No,TX,Houston,29.757423286116616,-95.38945443828142
9837-FWLCH,Male,0,Yes,Yes,FL,Orlando,28.4077333986145,-81.29147303804122
1699-HPSBG,Male,0,No,No,FL,Orlando,28.485385749919217,-81.4476010894441
7203-OYKCT,Male,0,No,No,FL,Miami,25.77891275002982,-80.04940191579469
1035-IPQPU,Female,1,Yes,No,TX,Dallas,32.8772430704719,-96.9381814788514
7398-LXGYX,Male,0,Yes,No,NY,New York,40.72861225949024,-73.97247734365364
2823-LKABH,Female,0,No,No,AZ,Phoenix,33.479227138368095,-112.05640645971975
8775-CEBBJ,Female,0,No,No,TX,Dallas,32.73158808518281,-96.71574868310975
0550-DCXLH,Male,0,No,No,GA,Atlanta,33.71469301383471,-84.3079719859959
9281-CEDRU,Female,0,Yes,No,NY,New York,40.69889954121265,-74.03988354993155
2235-DWLJU,Female,1,No,No,MA,Boston,42.461138275381295,-71.06744561183154
0871-OPBXW,Female,0,No,No,FL,Orlando,28.65416062600001,-81.30110777628883
3605-JISKB,Male,1,Yes,No,CA,Los Angeles,34.08795758536628,-118.10545406073628
6894-LFHLY,Male,1,No,No,TX,Austin,30.296797862206642,-97.81272530618538
9767-FFLEM,Male,0,No,No,TX,Houston,29.80937507319084,-95.44539616515347
0639-TSIQW,Female,0,No,No,WA,Seattle,47.56074829102441,-122.2207800649001
8456-QDAVC,Male,0,No,No,CA,San Diego,32.736393902193605,-117.22420277181374
7750-EYXWZ,Female,0,No,No,MA,Boston,42.47880243974391,-71.05027330594605
2569-WGERO,Female,0,No,No,TX,Houston,29.85882495304374,-95.37583762606002
6840-RESVB,Male,0,Yes,Yes,FL,Orlando,28.596194858622447,-81.26896997963237
2234-XADUH,Female,0,Yes,Yes,AZ,Phoenix,33.563485612761504,-111.97368065970532
4801-JZAZL,Female,0,Yes,Yes,CA,Los Angeles,34.01365383773523,-118.14224402760135
8361-LTMKD,Male,1,Yes,No,GA,Atlanta,33.864980030305155,-84.24032403075572
3186-AJIEK,Male,0,No,No,NY,Buffalo,42.947589001619875,-79.01934859179548
